instrument,trading_day,update_time_raw,turnover,volume,last_price,open_interest,upper_limit_price,lower_limit_price,local_timestamp_us,bid_price_1,bid_price_2,bid_price_3,bid_price_4,bid_price_5,ask_price_1,ask_price_2,ask_price_3,ask_price_4,ask_price_5,bid_volume_1,bid_volume_2,bid_volume_3,bid_volume_4,bid_volume_5,ask_volume_1,ask_volume_2,ask_volume_3,ask_volume_4,ask_volume_5,ms_of_day,product,contract_yyyymm,grid_phase_ms,session,is_preopen,is_in_continuous_session,is_out_of_session,exchange_ts,local_ts_utc,phase_residual_ms,is_observed_snapshot,bid_levels_present,ask_levels_present,one_sided_book,partial_depth_book,row_integrity_ok,source_file_integrity,session_boundary,interval_volume,interval_turnover,delta_open_interest,interval_vwap
IF2401,20240104,092900200,97390080.0,96,3381.6,99061,3719.6,3043.6,1704331740273687,3381.0,3380.6,3380.4,3380.2,3380.0,3381.6,3381.8,3382.0,3382.2,3383.0,1,1,4,3,5,2,7,5,1,2,34140200,IF,202401,200,PREOPEN,True,False,False,2024-01-04 09:29:00.200,2024-01-04 01:29:00.273687+00:00,0,True,5,5,False,False,True,PASS,False,,,,
IF2402,20240104,092900200,7117740.0,7,3389.4,6554,3727.0,3049.4,1704331740273705,3384.0,3383.8,3383.0,3382.0,3381.2,3389.6,3390.2,3395.4,3395.8,3396.0,2,2,2,2,1,2,1,4,2,1,34140200,IF,202402,200,PREOPEN,True,False,False,2024-01-04 09:29:00.200,2024-01-04 01:29:00.273705+00:00,0,True,5,5,False,False,True,PASS,False,,,,
IF2403,20240104,092900200,18323280.0,18,3393.2,101109,3734.4,3055.6,1704331740277114,3393.2,3393.0,3392.2,3391.2,3391.0,3393.6,3393.8,3394.6,3395.0,3395.2,2,2,25,2,3,1,1,4,1,1,34140200,IF,202403,200,PREOPEN,True,False,False,2024-01-04 09:29:00.200,2024-01-04 01:29:00.277114+00:00,0,True,5,5,False,False,True,PASS,False,,,,
IF2406,20240104,092900200,12175200.0,12,3382.0,62737,3728.0,3050.4,1704331740277131,3381.4,3381.0,3380.4,3380.2,3380.0,3382.0,3384.0,3385.0,3386.0,3387.8,1,1,4,1,3,11,20,4,8,4,34140200,IF,202406,200,PREOPEN,True,False,False,2024-01-04 09:29:00.200,2024-01-04 01:29:00.277131+00:00,0,True,5,5,False,False,True,PASS,False,,,,
IF2401,20240104,093000200,128826300.0,127,3379.0,99057,3719.6,3043.6,1704331800337619,3379.0,3378.6,3378.4,3378.2,3378.0,3379.8,3380.0,3380.6,3380.8,3381.0,3,1,1,8,5,4,1,2,2,26,34200200,IF,202401,200,AM,False,True,False,2024-01-04 09:30:00.200,2024-01-04 01:30:00.337619+00:00,0,True,5,5,False,False,True,PASS,True,,,,
IF2402,20240104,093000200,7117740.0,7,3389.4,6554,3727.0,3049.4,1704331800337629,3385.0,3384.2,3384.0,3383.8,3383.0,3390.2,3395.4,3396.0,3396.8,3397.0,1,1,2,1,2,1,4,1,1,1,34200200,IF,202402,200,AM,False,True,False,2024-01-04 09:30:00.200,2024-01-04 01:30:00.337629+00:00,0,True,5,5,False,False,True,PASS,True,,,,
IF2403,20240104,093000200,23413320.0,23,3393.0,101110,3734.4,3055.6,1704331800337637,3393.0,3392.6,3392.2,3392.0,3391.2,3395.0,3395.2,3395.6,3396.0,3396.2,1,1,25,1,2,1,1,1,2,1,34200200,IF,202403,200,AM,False,True,False,2024-01-04 09:30:00.200,2024-01-04 01:30:00.337637+00:00,0,True,5,5,False,False,True,PASS,True,,,,
IF2406,20240104,093000200,24350400.0,24,3382.0,62738,3728.0,3050.4,1704331800337645,3383.8,3383.6,3383.4,3383.2,3383.0,3384.0,3385.0,3386.0,3388.0,3388.8,2,1,1,15,3,20,4,8,2,2,34200200,IF,202406,200,AM,False,True,False,2024-01-04 09:30:00.200,2024-01-04 01:30:00.337645+00:00,0,True,5,5,False,False,True,PASS,True,,,,
IF2401,20240104,093000700,184578120.0,182,3379.0,99025,3719.6,3043.6,1704331800859599,3378.0,3377.8,3377.6,3377.4,3377.2,3379.0,3379.6,3379.8,3380.0,3380.2,3,1,2,2,3,2,4,4,3,1,34200700,IF,202401,200,AM,False,True,False,2024-01-04 09:30:00.700,2024-01-04 01:30:00.859599+00:00,0,True,5,5,False,False,True,PASS,False,55.0,55751820.0,-32.0,3378.898181818182
IF2402,20240104,093000700,7117740.0,7,3389.4,6554,3727.0,3049.4,1704331800859608,3385.4,3385.2,3385.0,3384.2,3384.0,3387.8,3388.0,3390.0,3395.4,3396.0,1,2,1,1,2,2,1,5,4,1,34200700,IF,202402,200,AM,False,True,False,2024-01-04 09:30:00.700,2024-01-04 01:30:00.859608+00:00,0,True,5,5,False,False,True,PASS,False,0.0,0.0,0.0,
IF2403,20240104,093000700,32573100.0,32,3392.6,101106,3734.4,3055.6,1704331800859616,3392.2,3392.0,3391.2,3391.0,3390.0,3392.6,3393.0,3393.2,3393.4,3393.6,22,1,2,3,8,4,5,3,4,3,34200700,IF,202403,200,AM,False,True,False,2024-01-04 09:30:00.700,2024-01-04 01:30:00.859616+00:00,0,True,5,5,False,False,True,PASS,False,9.0,9159780.0,-4.0,3392.511111111111
IF2406,20240104,093000700,36532380.0,36,3383.4,62736,3728.0,3050.4,1704331800859624,3383.2,3383.0,3382.8,3382.4,3382.2,3384.0,3385.0,3386.0,3388.0,3388.8,2,1,1,7,3,14,4,8,2,2,34200700,IF,202406,200,AM,False,True,False,2024-01-04 09:30:00.700,2024-01-04 01:30:00.859624+00:00,0,True,5,5,False,False,True,PASS,False,12.0,12181980.0,-2.0,3383.883333333333
IF2401,20240104,093001200,215996640.0,213,3379.0,99012,3719.6,3043.6,1704331801306818,3377.2,3377.0,3376.6,3376.2,3376.0,3379.0,3379.4,3379.6,3379.8,3380.0,1,7,2,3,20,2,1,4,6,3,34201200,IF,202401,200,AM,False,True,False,2024-01-04 09:30:01.200,2024-01-04 01:30:01.306818+00:00,0,True,5,5,False,False,True,PASS,False,31.0,31418520.0,-13.0,3378.335483870968
IF2402,20240104,093001200,7117740.0,7,3389.4,6554,3727.0,3049.4,1704331801306826,3385.0,3384.2,3384.0,3383.8,3382.0,3385.4,3386.8,3387.0,3387.2,3387.6,2,1,2,11,1,1,1,1,2,2,34201200,IF,202402,200,AM,False,True,False,2024-01-04 09:30:01.200,2024-01-04 01:30:01.306826+00:00,0,True,5,5,False,False,True,PASS,False,0.0,0.0,0.0,
IF2403,20240104,093001200,64123380.0,63,3392.2,101086,3734.4,3055.6,1704331801306834,3392.2,3392.0,3391.2,3391.0,3390.0,3393.8,3394.0,3394.4,3394.6,3394.8,5,1,2,3,8,2,2,2,14,1,34201200,IF,202403,200,AM,False,True,False,2024-01-04 09:30:01.200,2024-01-04 01:30:01.306834+00:00,0,True,5,5,False,False,True,PASS,False,31.0,31550280.0,-20.0,3392.5032258064516
IF2406,20240104,093001200,50740740.0,50,3383.8,62729,3728.0,3050.4,1704331801306842,3382.2,3382.0,3381.6,3381.4,3381.0,3383.8,3384.0,3385.0,3386.0,3388.0,2,12,2,1,1,3,14,4,8,2,34201200,IF,202406,200,AM,False,True,False,2024-01-04 09:30:01.200,2024-01-04 01:30:01.306842+00:00,0,True,5,5,False,False,True,PASS,False,14.0,14208360.0,-7.0,3382.942857142857
IF2401,20240104,093001700,230185260.0,227,3378.4,99004,3719.6,3043.6,1704331801805238,3377.8,3377.4,3377.2,3377.0,3376.6,3378.6,3378.8,3379.0,3379.8,3380.0,1,12,5,7,2,5,21,8,4,3,34201700,IF,202401,200,AM,False,True,False,2024-01-04 09:30:01.700,2024-01-04 01:30:01.805238+00:00,0,True,5,5,False,False,True,PASS,False,14.0,14188620.0,-8.0,3378.2428571428572
IF2402,20240104,093001700,10164360.0,10,3385.0,6553,3727.0,3049.4,1704331801805246,3384.2,3384.0,3383.8,3382.0,3381.0,3387.2,3387.6,3387.8,3388.0,3390.0,1,2,11,1,1,2,2,1,1,5,34201700,IF,202402,200,AM,False,True,False,2024-01-04 09:30:01.700,2024-01-04 01:30:01.805246+00:00,0,True,5,5,False,False,True,PASS,False,3.0,3046620.0,-1.0,3385.133333333333
IF2403,20240104,093001700,74300160.0,73,3392.4,101078,3734.4,3055.6,1704331801805254,3391.2,3391.0,3390.0,3389.0,3388.2,3392.4,3392.6,3392.8,3393.0,3393.2,2,3,8,21,2,1,3,6,3,6,34201700,IF,202403,200,AM,False,True,False,2024-01-04 09:30:01.700,2024-01-04 01:30:01.805254+00:00,0,True,5,5,False,False,True,PASS,False,10.0,10176780.0,-8.0,3392.26
IF2406,20240104,093001700,55816500.0,55,3384.0,62726,3728.0,3050.4,1704331801805262,3382.4,3382.2,3382.0,3381.6,3381.4,3384.0,3385.0,3386.0,3388.0,3388.8,5,2,12,2,1,13,4,8,2,2,34201700,IF,202406,200,AM,False,True,False,2024-01-04 09:30:01.700,2024-01-04 01:30:01.805262+00:00,0,True,5,5,False,False,True,PASS,False,5.0,5075760.0,-3.0,3383.84
IF2401,20240104,093002200,242345280.0,239,3377.4,98999,3719.6,3043.6,1704331802306553,3377.4,3377.2,3377.0,3376.8,3376.6,3377.8,3378.0,3378.4,3378.6,3378.8,2,3,7,1,3,1,1,4,7,3,34202200,IF,202401,200,AM,False,True,False,2024-01-04 09:30:02.200,2024-01-04 01:30:02.306553+00:00,0,True,5,5,False,False,True,PASS,False,12.0,12160020.0,-5.0,3377.7833333333333
IF2402,20240104,093002200,11179740.0,11,3384.6,6552,3727.0,3049.4,1704331802306561,3384.4,3384.2,3384.0,3383.8,3382.0,3386.4,3386.8,3387.0,3387.2,3387.6,1,1,2,11,1,2,2,1,1,1,34202200,IF,202402,200,AM,False,True,False,2024-01-04 09:30:02.200,2024-01-04 01:30:02.306561+00:00,0,True,5,5,False,False,True,PASS,False,1.0,1015380.0,-1.0,3384.6
IF2403,20240104,093002200,78370260.0,77,3391.2,101077,3734.4,3055.6,1704331802306569,3391.2,3391.0,3390.0,3389.0,3388.2,3392.4,3392.6,3392.8,3393.0,3393.4,1,3,8,21,2,1,2,6,3,14,34202200,IF,202403,200,AM,False,True,False,2024-01-04 09:30:02.200,2024-01-04 01:30:02.306569+00:00,0,True,5,5,False,False,True,PASS,False,4.0,4070100.0,-1.0,3391.75
IF2406,20240104,093002200,59876880.0,59,3384.0,62722,3728.0,3050.4,1704331802306577,3382.2,3382.0,3381.6,3381.4,3381.0,3384.0,3385.0,3386.0,3388.0,3388.8,2,12,2,1,1,11,4,8,2,2,34202200,IF,202406,200,AM,False,True,False,2024-01-04 09:30:02.200,2024-01-04 01:30:02.306577+00:00,0,True,5,5,False,False,True,PASS,False,4.0,4060380.0,-4.0,3383.65
IF2401,20240104,093002700,281860860.0,278,3377.4,98969,3719.6,3043.6,1704331802804369,3376.8,3376.6,3376.2,3376.0,3375.8,3377.2,3377.6,3377.8,3378.0,3378.4,1,3,4,20,1,15,2,3,1,3,34202700,IF,202401,200,AM,False,True,False,2024-01-04 09:30:02.700,2024-01-04 01:30:02.804369+00:00,0,True,5,5,False,False,True,PASS,False,39.0,39515580.0,-30.0,3377.4
IF2402,20240104,093002700,12195060.0,12,3384.4,6551,3727.0,3049.4,1704331802804377,3384.2,3384.0,3383.8,3382.0,3381.0,3384.6,3386.0,3386.2,3386.4,3386.8,1,2,11,1,1,1,2,2,2,1,34202700,IF,202402,200,AM,False,True,False,2024-01-04 09:30:02.700,2024-01-04 01:30:02.804377+00:00,0,True,5,5,False,False,True,PASS,False,1.0,1015320.0,-1.0,3384.4
IF2403,20240104,093002700,85491720.0,84,3391.0,101076,3734.4,3055.6,1704331802804385,3390.0,3389.0,3388.2,3388.0,3387.8,3391.8,3392.0,3392.2,3392.4,3392.6,8,21,2,6,1,2,9,1,3,2,34202700,IF,202403,200,AM,False,True,False,2024-01-04 09:30:02.700,2024-01-04 01:30:02.804385+00:00,0,True,5,5,False,False,True,PASS,False,7.0,7121460.0,-1.0,3391.1714285714284
IF2406,20240104,093002700,62922360.0,62,3383.8,62719,3728.0,3050.4,1704331802804393,3382.2,3382.0,3381.6,3381.4,3381.0,3383.8,3384.0,3385.0,3386.0,3386.6,2,12,2,1,1,1,11,4,8,6,34202700,IF,202406,200,AM,False,True,False,2024-01-04 09:30:02.700,2024-01-04 01:30:02.804393+00:00,0,True,5,5,False,False,True,PASS,False,3.0,3045480.0,-3.0,3383.866666666667
IF2401,20240104,093003200,319346880.0,315,3377.2,98941,3719.6,3043.6,1704331803307156,3376.2,3376.0,3375.8,3375.6,3375.4,3377.2,3377.4,3377.8,3378.0,3378.4,3,20,1,3,1,32,3,3,1,2,34203200,IF,202401,200,AM,False,True,False,2024-01-04 09:30:03.200,2024-01-04 01:30:03.307156+00:00,0,True,5,5,False,False,True,PASS,False,37.0,37486020.0,-28.0,3377.118918918919
IF2402,20240104,093003200,15240720.0,15,3384.0,6551,3727.0,3049.4,1704331803307164,3383.8,3382.0,3381.0,3379.4,3374.2,3384.2,3385.4,3386.0,3386.2,3386.8,11,1,1,2,4,1,1,1,2,1,34203200,IF,202402,200,AM,False,True,False,2024-01-04 09:30:03.200,2024-01-04 01:30:03.307164+00:00,0,True,5,5,False,False,True,PASS,False,3.0,3045660.0,0.0,3384.0666666666666
IF2403,20240104,093003200,89560440.0,88,3390.8,101075,3734.4,3055.6,1704331803307172,3390.0,3389.0,3388.2,3388.0,3387.8,3391.0,3391.2,3391.4,3391.6,3391.8,10,21,2,6,1,2,4,2,2,5,34203200,IF,202403,200,AM,False,True,False,2024-01-04 09:30:03.200,2024-01-04 01:30:03.307172+00:00,0,True,5,5,False,False,True,PASS,False,4.0,4068720.0,-1.0,3390.6
IF2406,20240104,093003200,78141960.0,77,3382.0,62717,3728.0,3050.4,1704331803307179,3381.6,3381.4,3381.0,3380.8,3380.2,3383.6,3383.8,3384.0,3385.0,3386.0,2,1,1,1,1,1,1,11,4,8,34203200,IF,202406,200,AM,False,True,False,2024-01-04 09:30:03.200,2024-01-04 01:30:03.307179+00:00,0,True,5,5,False,False,True,PASS,False,15.0,15219600.0,-2.0,3382.133333333333
IF2401,20240104,093003700,332516100.0,328,3377.2,98933,3719.6,3043.6,1704331803805646,3376.2,3376.0,3375.8,3375.6,3375.4,3377.2,3377.4,3377.8,3378.0,3378.4,1,21,1,3,1,51,3,3,1,2,34203700,IF,202401,200,AM,False,True,False,2024-01-04 09:30:03.700,2024-01-04 01:30:03.805646+00:00,0,True,5,5,False,False,True,PASS,False,13.0,13169220.0,-8.0,3376.723076923077
IF2402,20240104,093003700,26407260.0,26,3383.8,6540,3727.0,3049.4,1704331803805654,3382.0,3381.0,3379.4,3374.2,3372.4,3384.0,3385.4,3386.0,3386.2,3386.8,1,1,2,4,1,1,1,1,2,1,34203700,IF,202402,200,AM,False,True,False,2024-01-04 09:30:03.700,2024-01-04 01:30:03.805654+00:00,0,True,5,5,False,False,True,PASS,False,11.0,11166540.0,-11.0,3383.8
IF2403,20240104,093003700,91594440.0,90,3390.0,101075,3734.4,3055.6,1704331803805662,3390.0,3389.0,3388.2,3388.0,3387.2,3390.4,3390.6,3390.8,3391.0,3391.2,8,21,2,6,1,1,5,1,2,5,34203700,IF,202403,200,AM,False,True,False,2024-01-04 09:30:03.700,2024-01-04 01:30:03.805662+00:00,0,True,5,5,False,False,True,PASS,False,2.0,2034000.0,0.0,3390.0
IF2406,20240104,093003700,85245300.0,84,3383.4,62720,3728.0,3050.4,1704331803805670,3381.6,3381.4,3381.0,3380.8,3380.2,3383.4,3383.6,3384.0,3385.0,3386.0,1,5,1,1,1,1,3,10,4,8,34203700,IF,202406,200,AM,False,True,False,2024-01-04 09:30:03.700,2024-01-04 01:30:03.805670+00:00,0,True,5,5,False,False,True,PASS,False,7.0,7103340.0,3.0,3382.542857142857
IF2401,20240104,093004200,342645840.0,338,3376.2,98928,3719.6,3043.6,1704331804306261,3376.0,3375.8,3375.6,3375.4,3375.2,3376.2,3377.0,3377.2,3377.4,3377.8,18,1,3,1,5,1,2,95,3,2,34204200,IF,202401,200,AM,False,True,False,2024-01-04 09:30:04.200,2024-01-04 01:30:04.306261+00:00,0,True,5,5,False,False,True,PASS,False,10.0,10129740.0,-5.0,3376.58
IF2402,20240104,093004200,27422400.0,27,3383.8,6540,3727.0,3049.4,1704331804306269,3382.0,3381.0,3379.4,3374.2,3372.4,3383.8,3385.4,3386.0,3386.2,3386.8,1,1,2,4,1,1,1,1,1,1,34204200,IF,202402,200,AM,False,True,False,2024-01-04 09:30:04.200,2024-01-04 01:30:04.306269+00:00,0,True,5,5,False,False,True,PASS,False,1.0,1015140.0,0.0,3383.8
IF2403,20240104,093004200,97696860.0,96,3390.6,101071,3734.4,3055.6,1704331804306277,3390.0,3389.0,3388.2,3388.0,3387.2,3390.6,3390.8,3391.0,3391.2,3391.4,6,21,2,6,1,4,3,4,6,2,34204200,IF,202403,200,AM,False,True,False,2024-01-04 09:30:04.200,2024-01-04 01:30:04.306277+00:00,0,True,5,5,False,False,True,PASS,False,6.0,6102420.0,-4.0,3390.233333333333
IF2406,20240104,093004200,91331880.0,90,3381.4,62720,3728.0,3050.4,1704331804306284,3382.0,3381.0,3380.8,3380.2,3380.0,3383.4,3383.6,3384.0,3385.0,3386.0,1,1,1,1,25,1,3,10,4,8,34204200,IF,202406,200,AM,False,True,False,2024-01-04 09:30:04.200,2024-01-04 01:30:04.306284+00:00,0,True,5,5,False,False,True,PASS,False,6.0,6086580.0,0.0,3381.4333333333334
IF2401,20240104,093004700,368979840.0,364,3376.2,98913,3719.6,3043.6,1704331804804529,3376.0,3375.8,3375.6,3375.4,3375.2,3376.8,3377.2,3377.4,3377.8,3378.0,1,1,3,3,5,20,103,3,1,2,34204700,IF,202401,200,AM,False,True,False,2024-01-04 09:30:04.700,2024-01-04 01:30:04.804529+00:00,0,True,5,5,False,False,True,PASS,False,26.0,26334000.0,-15.0,3376.153846153846
IF2402,20240104,093004700,27422400.0,27,3383.8,6540,3727.0,3049.4,1704331804804537,3382.0,3381.0,3379.4,3374.2,3372.4,3383.0,3383.4,3383.6,3383.8,3385.4,1,1,2,4,1,1,1,1,1,1,34204700,IF,202402,200,AM,False,True,False,2024-01-04 09:30:04.700,2024-01-04 01:30:04.804537+00:00,0,True,5,5,False,False,True,PASS,False,0.0,0.0,0.0,
IF2403,20240104,093004700,103798920.0,102,3390.2,101071,3734.4,3055.6,1704331804804544,3390.0,3389.2,3389.0,3388.2,3388.0,3390.2,3390.4,3390.6,3390.8,3391.0,1,1,21,2,6,3,8,4,2,2,34204700,IF,202403,200,AM,False,True,False,2024-01-04 09:30:04.700,2024-01-04 01:30:04.804544+00:00,0,True,5,5,False,False,True,PASS,False,6.0,6102060.0,0.0,3390.0333333333333
IF2406,20240104,093004700,92346480.0,91,3382.0,62719,3728.0,3050.4,1704331804804552,3381.0,3380.8,3380.2,3380.0,3379.8,3383.0,3383.2,3383.6,3384.0,3385.0,1,1,1,25,1,1,1,2,10,4,34204700,IF,202406,200,AM,False,True,False,2024-01-04 09:30:04.700,2024-01-04 01:30:04.804552+00:00,0,True,5,5,False,False,True,PASS,False,1.0,1014600.0,-1.0,3382.0
IF2401,20240104,093005200,388223340.0,383,3376.0,98906,3719.6,3043.6,1704331805306621,3375.6,3375.4,3375.2,3375.0,3374.6,3376.0,3376.6,3376.8,3377.2,3377.4,2,3,5,10,1,2,5,44,101,3,34205200,IF,202401,200,AM,False,True,False,2024-01-04 09:30:05.200,2024-01-04 01:30:05.306621+00:00,0,True,5,5,False,False,True,PASS,False,19.0,19243500.0,-7.0,3376.0526315789475
IF2402,20240104,093005200,28437000.0,28,3382.0,6539,3727.0,3049.4,1704331805306629,3381.0,3379.4,3374.2,3372.4,3371.0,3383.8,3385.4,3386.0,3386.2,3386.8,1,2,4,1,1,1,1,1,1,1,34205200,IF,202402,200,AM,False,True,False,2024-01-04 09:30:05.200,2024-01-04 01:30:05.306629+00:00,0,True,5,5,False,False,True,PASS,False,1.0,1014600.0,-1.0,3382.0
IF2403,20240104,093005200,104815920.0,103,3390.0,101071,3734.4,3055.6,1704331805306637,3389.2,3389.0,3388.2,3388.0,3387.2,3390.0,3390.2,3390.4,3390.6,3390.8,1,21,2,6,1,1,4,2,6,2,34205200,IF,202403,200,AM,False,True,False,2024-01-04 09:30:05.200,2024-01-04 01:30:05.306637+00:00,0,True,5,5,False,False,True,PASS,False,1.0,1017000.0,0.0,3390.0
IF2406,20240104,093005200,92346480.0,91,3382.0,62719,3728.0,3050.4,1704331805306645,3381.4,3381.0,3380.8,3380.2,3380.0,3382.0,3382.8,3383.0,3383.2,3383.6,2,1,1,1,25,1,1,1,2,2,34205200,IF,202406,200,AM,False,True,False,2024-01-04 09:30:05.200,2024-01-04 01:30:05.306645+00:00,0,True,5,5,False,False,True,PASS,False,0.0,0.0,0.0,
IF2401,20240104,093005700,408476640.0,403,3375.6,98893,3719.6,3043.6,1704331805807648,3375.8,3375.0,3374.6,3374.4,3374.0,3376.0,3376.2,3376.6,3376.8,3377.2,1,10,1,2,6,2,20,1,54,99,34205700,IF,202401,200,AM,False,True,False,2024-01-04 09:30:05.700,2024-01-04 01:30:05.807648+00:00,0,True,5,5,False,False,True,PASS,False,20.0,20253300.0,-13.0,3375.55
IF2402,20240104,093005700,28437000.0,28,3382.0,6539,3727.0,3049.4,1704331805807656,3381.2,3381.0,3379.4,3374.2,3372.4,3382.0,3383.4,3383.6,3383.8,3385.4,1,2,2,4,1,4,3,1,1,1,34205700,IF,202402,200,AM,False,True,False,2024-01-04 09:30:05.700,2024-01-04 01:30:05.807656+00:00,0,True,5,5,False,False,True,PASS,False,0.0,0.0,0.0,
IF2403,20240104,093005700,108882780.0,107,3389.0,101073,3734.4,3055.6,1704331805807664,3389.0,3388.2,3388.0,3387.2,3387.0,3389.4,3389.8,3390.0,3390.6,3390.8,18,2,6,1,3,1,3,4,4,2,34205700,IF,202403,200,AM,False,True,False,2024-01-04 09:30:05.700,2024-01-04 01:30:05.807664+00:00,0,True,5,5,False,False,True,PASS,False,4.0,4066860.0,2.0,3389.05
IF2406,20240104,093005700,101477640.0,100,3382.4,62719,3728.0,3050.4,1704331805807671,3380.8,3380.2,3380.0,3379.8,3379.6,3383.2,3383.6,3384.0,3385.0,3386.0,1,1,25,1,2,2,2,10,4,8,34205700,IF,202406,200,AM,False,True,False,2024-01-04 09:30:05.700,2024-01-04 01:30:05.807671+00:00,0,True,5,5,False,False,True,PASS,False,9.0,9131160.0,0.0,3381.911111111111
IF2401,20240104,093006200,426704040.0,421,3375.0,98883,3719.6,3043.6,1704331806306299,3375.0,3374.6,3374.4,3374.0,3373.8,3375.8,3376.0,3376.2,3376.6,3376.8,4,1,2,6,1,13,10,50,1,53,34206200,IF,202401,200,AM,False,True,False,2024-01-04 09:30:06.200,2024-01-04 01:30:06.306299+00:00,0,True,5,5,False,False,True,PASS,False,18.0,18227400.0,-10.0,3375.4444444444443
IF2402,20240104,093006200,30466200.0,30,3382.0,6537,3727.0,3049.4,1704331806306307,3381.4,3381.0,3379.4,3374.2,3372.4,3382.0,3383.4,3383.6,3383.8,3385.4,1,1,2,4,1,2,1,1,1,1,34206200,IF,202402,200,AM,False,True,False,2024-01-04 09:30:06.200,2024-01-04 01:30:06.306307+00:00,0,True,5,5,False,False,True,PASS,False,2.0,2029200.0,-2.0,3382.0
IF2403,20240104,093006200,115999800.0,114,3389.0,101073,3734.4,3055.6,1704331806306314,3389.0,3388.2,3388.0,3387.2,3387.0,3389.4,3389.8,3390.0,3390.4,3390.6,12,2,6,1,3,1,6,8,1,2,34206200,IF,202403,200,AM,False,True,False,2024-01-04 09:30:06.200,2024-01-04 01:30:06.306314+00:00,0,True,5,5,False,False,True,PASS,False,7.0,7117020.0,0.0,3389.057142857143
IF2406,20240104,093006200,101477640.0,100,3382.4,62719,3728.0,3050.4,1704331806306322,3380.8,3380.2,3380.0,3379.8,3379.6,3383.0,3383.2,3383.6,3384.0,3385.0,1,1,25,1,2,1,1,2,10,4,34206200,IF,202406,200,AM,False,True,False,2024-01-04 09:30:06.200,2024-01-04 01:30:06.306322+00:00,0,True,5,5,False,False,True,PASS,False,0.0,0.0,0.0,
IF2401,20240104,093006700,444930960.0,439,3375.6,98868,3719.6,3043.6,1704331806806958,3375.2,3375.0,3374.6,3374.4,3374.0,3375.8,3376.0,3376.2,3376.6,3376.8,2,1,3,2,5,22,9,50,1,52,34206700,IF,202401,200,AM,False,True,False,2024-01-04 09:30:06.700,2024-01-04 01:30:06.806958+00:00,0,True,5,5,False,False,True,PASS,False,18.0,18226920.0,-15.0,3375.3555555555554
IF2402,20240104,093006700,30466200.0,30,3382.0,6537,3727.0,3049.4,1704331806806966,3381.0,3379.4,3374.2,3372.4,3371.0,3382.0,3383.4,3383.6,3383.8,3385.4,1,2,4,1,1,2,1,1,1,1,34206700,IF,202402,200,AM,False,True,False,2024-01-04 09:30:06.700,2024-01-04 01:30:06.806966+00:00,0,True,5,5,False,False,True,PASS,False,0.0,0.0,0.0,
IF2403,20240104,093006700,122100060.0,120,3389.0,101073,3734.4,3055.6,1704331806806974,3389.0,3388.2,3388.0,3387.2,3387.0,3389.2,3389.4,3389.8,3390.0,3390.4,7,2,6,1,3,1,2,6,8,1,34206700,IF,202403,200,AM,False,True,False,2024-01-04 09:30:06.700,2024-01-04 01:30:06.806974+00:00,0,True,5,5,False,False,True,PASS,False,6.0,6100260.0,0.0,3389.0333333333333
IF2406,20240104,093006700,102491880.0,101,3380.8,62719,3728.0,3050.4,1704331806806981,3380.2,3380.0,3379.8,3379.6,3378.2,3380.8,3382.8,3383.0,3383.6,3384.0,1,25,1,2,1,2,1,1,2,10,34206700,IF,202406,200,AM,False,True,False,2024-01-04 09:30:06.700,2024-01-04 01:30:06.806981+00:00,0,True,5,5,False,False,True,PASS,False,1.0,1014240.0,0.0,3380.8
IF2401,20240104,093007200,453031920.0,447,3375.6,98864,3719.6,3043.6,1704331807308099,3375.4,3375.2,3375.0,3374.6,3374.4,3375.8,3376.0,3376.2,3376.6,3376.8,3,1,1,3,2,12,6,50,3,52,34207200,IF,202401,200,AM,False,True,False,2024-01-04 09:30:07.200,2024-01-04 01:30:07.308099+00:00,0,True,5,5,False,False,True,PASS,False,8.0,8100960.0,-4.0,3375.4
IF2402,20240104,093007200,30466200.0,30,3382.0,6537,3727.0,3049.4,1704331807308107,3381.0,3375.8,3374.2,3372.4,3371.0,3382.0,3383.4,3383.6,3383.8,3385.4,1,2,4,1,1,2,1,1,1,1,34207200,IF,202402,200,AM,False,True,False,2024-01-04 09:30:07.200,2024-01-04 01:30:07.308107+00:00,0,True,5,5,False,False,True,PASS,False,0.0,0.0,0.0,
IF2403,20240104,093007200,130233660.0,128,3389.0,101074,3734.4,3055.6,1704331807308114,3388.2,3388.0,3387.2,3387.0,3386.4,3389.0,3389.2,3389.4,3389.8,3390.0,2,6,1,3,1,2,2,2,6,7,34207200,IF,202403,200,AM,False,True,False,2024-01-04 09:30:07.200,2024-01-04 01:30:07.308114+00:00,0,True,5,5,False,False,True,PASS,False,8.0,8133600.0,1.0,3389.0
IF2406,20240104,093007200,105534600.0,104,3380.8,62718,3728.0,3050.4,1704331807308122,3381.2,3380.8,3380.4,3380.2,3380.0,3382.4,3382.8,3383.0,3384.0,3385.0,1,3,3,1,25,2,1,1,10,4,34207200,IF,202406,200,AM,False,True,False,2024-01-04 09:30:07.200,2024-01-04 01:30:07.308122+00:00,0,True,5,5,False,False,True,PASS,False,3.0,3042720.0,-1.0,3380.8
IF2401,20240104,093007700,464171940.0,458,3375.8,98862,3719.6,3043.6,1704331807806966,3375.6,3375.4,3375.2,3375.0,3374.6,3375.8,3376.0,3376.2,3376.6,3376.8,2,3,3,1,3,5,5,50,3,52,34207700,IF,202401,200,AM,False,True,False,2024-01-04 09:30:07.700,2024-01-04 01:30:07.806966+00:00,0,True,5,5,False,False,True,PASS,False,11.0,11140020.0,-2.0,3375.7636363636366
IF2402,20240104,093007700,31480620.0,31,3381.4,6536,3727.0,3049.4,1704331807806975,3381.4,3381.0,3375.8,3374.2,3372.4,3382.0,3383.4,3383.6,3383.8,3385.4,1,2,2,4,1,2,1,1,1,1,34207700,IF,202402,200,AM,False,True,False,2024-01-04 09:30:07.700,2024-01-04 01:30:07.806975+00:00,0,True,5,5,False,False,True,PASS,False,1.0,1014420.0,-1.0,3381.4
IF2403,20240104,093007700,135317040.0,133,3388.2,101071,3734.4,3055.6,1704331807806982,3388.2,3388.0,3387.2,3387.0,3386.4,3389.0,3389.4,3389.8,3390.0,3390.4,2,6,1,3,1,1,2,6,7,1,34207700,IF,202403,200,AM,False,True,False,2024-01-04 09:30:07.700,2024-01-04 01:30:07.806982+00:00,0,True,5,5,False,False,True,PASS,False,5.0,5083380.0,-3.0,3388.92
IF2406,20240104,093007700,108578400.0,107,3382.4,62716,3728.0,3050.4,1704331807806990,3381.8,3381.2,3380.8,3380.4,3380.0,3382.8,3383.0,3384.0,3385.0,3386.0,1,1,1,3,25,1,1,10,4,8,34207700,IF,202406,200,AM,False,True,False,2024-01-04 09:30:07.700,2024-01-04 01:30:07.806990+00:00,0,True,5,5,False,False,True,PASS,False,3.0,3043800.0,-2.0,3382.0
IF2401,20240104,093008200,478350960.0,472,3376.0,98857,3719.6,3043.6,1704331808306518,3376.0,3375.8,3375.6,3375.4,3375.2,3376.2,3376.6,3376.8,3377.0,3377.2,4,9,2,5,3,48,2,52,2,98,34208200,IF,202401,200,AM,False,True,False,2024-01-04 09:30:08.200,2024-01-04 01:30:08.306518+00:00,0,True,5,5,False,False,True,PASS,False,14.0,14179020.0,-5.0,3375.957142857143
IF2402,20240104,093008200,33509820.0,33,3382.0,6534,3727.0,3049.4,1704331808306526,3381.4,3381.0,3376.4,3375.8,3374.2,3383.4,3383.6,3383.8,3385.4,3386.0,1,2,3,2,4,1,1,1,1,1,34208200,IF,202402,200,AM,False,True,False,2024-01-04 09:30:08.200,2024-01-04 01:30:08.306526+00:00,0,True,5,5,False,False,True,PASS,False,2.0,2029200.0,-2.0,3382.0
IF2403,20240104,093008200,139384080.0,137,3389.2,101069,3734.4,3055.6,1704331808306534,3389.0,3388.4,3388.2,3388.0,3387.2,3389.4,3389.8,3390.0,3390.4,3390.6,1,2,4,6,1,1,4,7,1,2,34208200,IF,202403,200,AM,False,True,False,2024-01-04 09:30:08.200,2024-01-04 01:30:08.306534+00:00,0,True,5,5,False,False,True,PASS,False,4.0,4067040.0,-2.0,3389.2
IF2406,20240104,093008200,109592940.0,108,3381.8,62716,3728.0,3050.4,1704331808306542,3382.4,3381.4,3381.2,3380.8,3380.4,3382.8,3383.0,3384.0,3385.0,3386.0,1,2,1,1,3,1,1,10,4,8,34208200,IF,202406,200,AM,False,True,False,2024-01-04 09:30:08.200,2024-01-04 01:30:08.306542+00:00,0,True,5,5,False,False,True,PASS,False,1.0,1014540.0,0.0,3381.8
IF2401,20240104,093008700,522916680.0,516,3376.2,98856,3719.6,3043.6,1704331808808548,3376.0,3375.8,3375.6,3375.4,3375.2,3376.2,3376.8,3377.0,3377.2,3377.4,7,10,2,6,3,6,52,2,98,3,34208700,IF,202401,200,AM,False,True,False,2024-01-04 09:30:08.700,2024-01-04 01:30:08.808548+00:00,0,True,5,5,False,False,True,PASS,False,44.0,44565720.0,-1.0,3376.190909090909
IF2402,20240104,093008700,33509820.0,33,3382.0,6534,3727.0,3049.4,1704331808808556,3381.6,3381.4,3381.0,3376.4,3375.8,3383.4,3383.6,3383.8,3385.4,3386.0,2,1,2,3,2,1,1,1,1,1,34208700,IF,202402,200,AM,False,True,False,2024-01-04 09:30:08.700,2024-01-04 01:30:08.808556+00:00,0,True,5,5,False,False,True,PASS,False,0.0,0.0,0.0,
IF2403,20240104,093008700,144468300.0,142,3389.6,101064,3734.4,3055.6,1704331808808564,3389.4,3389.0,3388.4,3388.2,3388.0,3389.6,3389.8,3390.0,3390.4,3390.6,2,3,2,5,6,1,2,5,1,2,34208700,IF,202403,200,AM,False,True,False,2024-01-04 09:30:08.700,2024-01-04 01:30:08.808564+00:00,0,True,5,5,False,False,True,PASS,False,5.0,5084220.0,-5.0,3389.48
IF2406,20240104,093008700,111622260.0,110,3382.0,62716,3728.0,3050.4,1704331808808572,3382.0,3381.4,3381.2,3380.8,3380.4,3383.0,3384.0,3385.0,3386.0,3386.6,1,2,1,1,3,1,10,4,13,6,34208700,IF,202406,200,AM,False,True,False,2024-01-04 09:30:08.700,2024-01-04 01:30:08.808572+00:00,0,True,5,5,False,False,True,PASS,False,2.0,2029320.0,0.0,3382.2
IF2401,20240104,093009200,540136800.0,533,3376.4,98854,3719.6,3043.6,1704331809307959,3376.4,3376.2,3376.0,3375.8,3375.6,3376.8,3377.0,3377.2,3377.4,3377.8,6,10,9,9,2,46,2,98,3,1,34209200,IF,202401,200,AM,False,True,False,2024-01-04 09:30:09.200,2024-01-04 01:30:09.307959+00:00,0,True,5,5,False,False,True,PASS,False,17.0,17220120.0,-2.0,3376.494117647059
IF2402,20240104,093009200,33509820.0,33,3382.0,6534,3727.0,3049.4,1704331809307969,3381.8,3381.6,3381.4,3381.0,3376.4,3383.4,3383.6,3383.8,3385.4,3386.0,1,2,1,2,3,1,1,1,1,1,34209200,IF,202402,200,AM,False,True,False,2024-01-04 09:30:09.200,2024-01-04 01:30:09.307969+00:00,0,True,5,5,False,False,True,PASS,False,0.0,0.0,0.0,
IF2403,20240104,093009200,153620820.0,151,3389.6,101060,3734.4,3055.6,1704331809307977,3389.4,3389.0,3388.4,3388.2,3388.0,3390.0,3390.4,3390.6,3390.8,3391.2,1,1,2,5,7,1,1,2,1,4,34209200,IF,202403,200,AM,False,True,False,2024-01-04 09:30:09.200,2024-01-04 01:30:09.307977+00:00,0,True,5,5,False,False,True,PASS,False,9.0,9152520.0,-4.0,3389.822222222222
IF2406,20240104,093009200,112637040.0,111,3382.6,62715,3728.0,3050.4,1704331809307987,3382.4,3382.0,3381.4,3381.2,3380.4,3384.0,3385.0,3386.0,3386.6,3388.0,1,1,2,1,3,10,4,13,6,2,34209200,IF,202406,200,AM,False,True,False,2024-01-04 09:30:09.200,2024-01-04 01:30:09.307987+00:00,0,True,5,5,False,False,True,PASS,False,1.0,1014780.0,-1.0,3382.6
IF2401,20240104,093009700,563433720.0,556,3376.4,98837,3719.6,3043.6,1704331809808720,3376.2,3376.0,3375.8,3375.6,3375.4,3376.8,3377.0,3377.2,3377.4,3377.8,1,9,9,3,5,44,2,98,3,1,34209700,IF,202401,200,AM,False,True,False,2024-01-04 09:30:09.700,2024-01-04 01:30:09.808720+00:00,0,True,5,5,False,False,True,PASS,False,23.0,23296920.0,-17.0,3376.365217391304
IF2402,20240104,093009700,33509820.0,33,3382.0,6534,3727.0,3049.4,1704331809808728,3381.8,3381.6,3381.0,3376.4,3375.8,3383.6,3383.8,3385.4,3386.0,3386.2,1,2,2,3,2,1,1,1,1,1,34209700,IF,202402,200,AM,False,True,False,2024-01-04 09:30:09.700,2024-01-04 01:30:09.808728+00:00,0,True,5,5,False,False,True,PASS,False,0.0,0.0,0.0,
IF2403,20240104,093009700,155654820.0,153,3390.0,101060,3734.4,3055.6,1704331809808736,3390.0,3389.6,3389.4,3389.0,3388.4,3390.4,3390.6,3390.8,3391.2,3391.6,4,1,1,1,2,1,2,1,4,2,34209700,IF,202403,200,AM,False,True,False,2024-01-04 09:30:09.700,2024-01-04 01:30:09.808736+00:00,0,True,5,5,False,False,True,PASS,False,2.0,2034000.0,0.0,3390.0
IF2406,20240104,093009700,114666360.0,113,3382.0,62715,3728.0,3050.4,1704331809808744,3382.2,3381.4,3381.2,3380.4,3380.0,3383.8,3384.0,3385.0,3386.0,3386.6,1,2,1,3,25,2,10,4,13,6,34209700,IF,202406,200,AM,False,True,False,2024-01-04 09:30:09.700,2024-01-04 01:30:09.808744+00:00,0,True,5,5,False,False,True,PASS,False,2.0,2029320.0,0.0,3382.2
IF2401,20240104,093010200,574575360.0,567,3376.6,98828,3719.6,3043.6,1704331810311543,3376.0,3375.8,3375.6,3375.4,3375.2,3376.6,3376.8,3377.0,3377.2,3377.4,5,9,3,5,3,3,46,2,98,3,34210200,IF,202401,200,AM,False,True,False,2024-01-04 09:30:10.200,2024-01-04 01:30:10.311543+00:00,0,True,5,5,False,False,True,PASS,False,11.0,11141640.0,-9.0,3376.2545454545457
IF2402,20240104,093010200,33509820.0,33,3382.0,6534,3727.0,3049.4,1704331810311551,3382.0,3381.8,3381.6,3381.0,3376.4,3383.6,3383.8,3385.4,3386.0,3386.2,1,1,2,2,3,1,1,1,1,1,34210200,IF,202402,200,AM,False,True,False,2024-01-04 09:30:10.200,2024-01-04 01:30:10.311551+00:00,0,True,5,5,False,False,True,PASS,False,0.0,0.0,0.0,
IF2403,20240104,093010200,159722820.0,157,3390.0,101060,3734.4,3055.6,1704331810311559,3389.4,3389.0,3388.4,3388.2,3388.0,3389.6,3389.8,3390.2,3390.4,3391.2,1,1,2,5,7,5,1,2,1,4,34210200,IF,202403,200,AM,False,True,False,2024-01-04 09:30:10.200,2024-01-04 01:30:10.311559+00:00,0,True,5,5,False,False,True,PASS,False,4.0,4068000.0,0.0,3390.0
IF2406,20240104,093010200,115681020.0,114,3382.2,62714,3728.0,3050.4,1704331810311567,3381.4,3381.2,3380.4,3380.0,3379.8,3383.8,3384.0,3385.0,3386.0,3386.6,2,1,3,25,1,2,10,4,13,6,34210200,IF,202406,200,AM,False,True,False,2024-01-04 09:30:10.200,2024-01-04 01:30:10.311567+00:00,0,True,5,5,False,False,True,PASS,False,1.0,1014660.0,-1.0,3382.2
IF2401,20240104,093010700,578626860.0,571,3376.2,98825,3719.6,3043.6,1704331810807056,3375.8,3375.6,3375.4,3375.2,3375.0,3376.6,3376.8,3377.0,3377.2,3377.4,9,1,5,3,7,2,46,2,98,3,34210700,IF,202401,200,AM,False,True,False,2024-01-04 09:30:10.700,2024-01-04 01:30:10.807056+00:00,0,True,5,5,False,False,True,PASS,False,4.0,4051500.0,-3.0,3376.25
IF2402,20240104,093010700,33509820.0,33,3382.0,6534,3727.0,3049.4,1704331810807065,3381.8,3381.6,3381.0,3376.4,3375.8,3383.6,3383.8,3385.4,3386.0,3386.2,1,2,2,3,2,1,1,1,1,1,34210700,IF,202402,200,AM,False,True,False,2024-01-04 09:30:10.700,2024-01-04 01:30:10.807065+00:00,0,True,5,5,False,False,True,PASS,False,0.0,0.0,0.0,
IF2403,20240104,093010700,162773280.0,160,3389.4,101058,3734.4,3055.6,1704331810807072,3389.0,3388.4,3388.2,3388.0,3387.2,3389.4,3389.6,3390.0,3390.2,3390.4,1,2,5,7,1,1,5,2,2,1,34210700,IF,202403,200,AM,False,True,False,2024-01-04 09:30:10.700,2024-01-04 01:30:10.807072+00:00,0,True,5,5,False,False,True,PASS,False,3.0,3050460.0,-2.0,3389.4
IF2406,20240104,093010700,116695740.0,115,3382.4,62715,3728.0,3050.4,1704331810807080,3381.6,3381.4,3381.2,3380.4,3380.0,3383.4,3383.6,3383.8,3384.0,3385.0,3,2,1,2,25,1,1,2,10,4,34210700,IF,202406,200,AM,False,True,False,2024-01-04 09:30:10.700,2024-01-04 01:30:10.807080+00:00,0,True,5,5,False,False,True,PASS,False,1.0,1014720.0,1.0,3382.4
IF2401,20240104,093011200,581665500.0,574,3376.4,98823,3719.6,3043.6,1704331811308835,3376.2,3375.8,3375.6,3375.4,3375.2,3376.4,3376.6,3376.8,3377.0,3377.2,8,11,1,4,4,5,1,46,2,98,34211200,IF,202401,200,AM,False,True,False,2024-01-04 09:30:11.200,2024-01-04 01:30:11.308835+00:00,0,True,5,5,False,False,True,PASS,False,3.0,3038640.0,-2.0,3376.266666666667
IF2402,20240104,093011200,33509820.0,33,3382.0,6534,3727.0,3049.4,1704331811308843,3381.6,3381.0,3376.4,3375.8,3374.2,3383.4,3383.6,3383.8,3385.4,3386.0,2,2,3,2,4,1,1,1,1,1,34211200,IF,202402,200,AM,False,True,False,2024-01-04 09:30:11.200,2024-01-04 01:30:11.308843+00:00,0,True,5,5,False,False,True,PASS,False,0.0,0.0,0.0,
IF2403,20240104,093011200,163790100.0,161,3389.4,101058,3734.4,3055.6,1704331811308851,3389.0,3388.4,3388.2,3388.0,3387.2,3389.4,3389.6,3390.0,3390.2,3390.4,1,2,5,7,1,1,5,2,2,1,34211200,IF,202403,200,AM,False,True,False,2024-01-04 09:30:11.200,2024-01-04 01:30:11.308851+00:00,0,True,5,5,False,False,True,PASS,False,1.0,1016820.0,0.0,3389.4
IF2406,20240104,093011200,119739180.0,118,3381.6,62714,3728.0,3050.4,1704331811308859,3381.4,3381.2,3380.4,3380.0,3379.8,3383.4,3383.6,3383.8,3384.0,3385.0,2,1,1,25,1,1,1,2,10,4,34211200,IF,202406,200,AM,False,True,False,2024-01-04 09:30:11.200,2024-01-04 01:30:11.308859+00:00,0,True,5,5,False,False,True,PASS,False,3.0,3043440.0,-1.0,3381.6
IF2401,20240104,093011700,598884180.0,591,3376.0,98809,3719.6,3043.6,1704331811807803,3375.8,3375.6,3375.4,3375.2,3375.0,3376.4,3376.8,3377.0,3377.2,3377.4,10,1,4,4,11,7,46,2,98,1,34211700,IF,202401,200,AM,False,True,False,2024-01-04 09:30:11.700,2024-01-04 01:30:11.807803+00:00,0,True,5,5,False,False,True,PASS,False,17.0,17218680.0,-14.0,3376.211764705882
IF2402,20240104,093011700,33509820.0,33,3382.0,6534,3727.0,3049.4,1704331811807811,3382.0,3381.6,3381.0,3376.4,3375.8,3383.4,3383.6,3383.8,3385.4,3386.0,1,2,2,3,2,1,1,1,1,1,34211700,IF,202402,200,AM,False,True,False,2024-01-04 09:30:11.700,2024-01-04 01:30:11.807811+00:00,0,True,5,5,False,False,True,PASS,False,0.0,0.0,0.0,
IF2403,20240104,093011700,164806920.0,162,3389.4,101057,3734.4,3055.6,1704331811807819,3389.0,3388.4,3388.2,3388.0,3387.2,3389.6,3390.0,3390.2,3390.4,3391.2,1,2,5,7,1,7,2,2,1,3,34211700,IF,202403,200,AM,False,True,False,2024-01-04 09:30:11.700,2024-01-04 01:30:11.807819+00:00,0,True,5,5,False,False,True,PASS,False,1.0,1016820.0,-1.0,3389.4
IF2406,20240104,093011700,119739180.0,118,3381.6,62714,3728.0,3050.4,1704331811807827,3381.4,3381.2,3380.4,3380.0,3379.8,3382.8,3383.0,3383.2,3383.4,3383.6,2,1,1,25,1,1,2,1,2,1,34211700,IF,202406,200,AM,False,True,False,2024-01-04 09:30:11.700,2024-01-04 01:30:11.807827+00:00,0,True,5,5,False,False,True,PASS,False,0.0,0.0,0.0,
IF2401,20240104,093012200,604961160.0,597,3375.8,98807,3719.6,3043.6,1704331812309120,3375.8,3375.6,3375.4,3375.2,3375.0,3376.4,3376.8,3377.0,3377.2,3377.4,11,2,4,3,11,21,46,2,98,1,34212200,IF,202401,200,AM,False,True,False,2024-01-04 09:30:12.200,2024-01-04 01:30:12.309120+00:00,0,True,5,5,False,False,True,PASS,False,6.0,6076980.0,-2.0,3376.1
IF2402,20240104,093012200,33509820.0,33,3382.0,6534,3727.0,3049.4,1704331812309128,3381.6,3381.0,3376.4,3375.8,3374.2,3383.4,3383.6,3383.8,3385.4,3386.0,1,2,3,2,4,1,1,1,1,1,34212200,IF,202402,200,AM,False,True,False,2024-01-04 09:30:12.200,2024-01-04 01:30:12.309128+00:00,0,True,5,5,False,False,True,PASS,False,0.0,0.0,0.0,
IF2403,20240104,093012200,167857320.0,165,3389.4,101056,3734.4,3055.6,1704331812309136,3388.4,3388.2,3388.0,3387.2,3387.0,3389.2,3389.6,3390.0,3390.2,3390.4,2,5,7,1,3,1,6,2,2,1,34212200,IF,202403,200,AM,False,True,False,2024-01-04 09:30:12.200,2024-01-04 01:30:12.309136+00:00,0,True,5,5,False,False,True,PASS,False,3.0,3050400.0,-1.0,3389.3333333333335
IF2406,20240104,093012200,124811280.0,123,3380.4,62711,3728.0,3050.4,1704331812309144,3380.0,3379.8,3379.6,3379.4,3378.2,3380.2,3382.8,3383.0,3383.4,3383.6,25,1,2,1,1,6,1,2,2,1,34212200,IF,202406,200,AM,False,True,False,2024-01-04 09:30:12.200,2024-01-04 01:30:12.309144+00:00,0,True,5,5,False,False,True,PASS,False,5.0,5072100.0,-3.0,3381.4
IF2401,20240104,093012700,632306220.0,624,3375.4,98798,3719.6,3043.6,1704331812808293,3375.4,3375.2,3375.0,3374.8,3374.6,3376.2,3376.4,3376.8,3377.0,3377.2,2,3,11,1,3,33,30,46,2,98,34212700,IF,202401,200,AM,False,True,False,2024-01-04 09:30:12.700,2024-01-04 01:30:12.808293+00:00,0,True,5,5,False,False,True,PASS,False,27.0,27345060.0,-9.0,3375.9333333333334
IF2402,20240104,093012700,35538900.0,35,3381.8,6533,3727.0,3049.4,1704331812808301,3381.6,3381.0,3376.4,3375.8,3374.2,3383.4,3383.6,3383.8,3385.4,3386.0,1,2,3,2,4,1,1,1,1,1,34212700,IF,202402,200,AM,False,True,False,2024-01-04 09:30:12.700,2024-01-04 01:30:12.808301+00:00,0,True,5,5,False,False,True,PASS,False,2.0,2029080.0,-1.0,3381.8
IF2403,20240104,093012700,169890360.0,167,3388.4,101054,3734.4,3055.6,1704331812808309,3388.2,3388.0,3387.2,3387.0,3386.4,3389.0,3389.2,3389.4,3389.6,3390.0,5,7,1,3,1,1,1,2,6,2,34212700,IF,202403,200,AM,False,True,False,2024-01-04 09:30:12.700,2024-01-04 01:30:12.808309+00:00,0,True,5,5,False,False,True,PASS,False,2.0,2033040.0,-2.0,3388.4
IF2406,20240104,093012700,130895640.0,129,3380.2,62711,3728.0,3050.4,1704331812808317,3380.6,3380.2,3380.0,3379.8,3379.6,3382.8,3383.0,3383.4,3383.8,3384.0,2,10,25,1,2,1,2,1,1,10,34212700,IF,202406,200,AM,False,True,False,2024-01-04 09:30:12.700,2024-01-04 01:30:12.808317+00:00,0,True,5,5,False,False,True,PASS,False,6.0,6084360.0,0.0,3380.2
IF2401,20240104,093013200,646481940.0,638,3375.2,98787,3719.6,3043.6,1704331813312575,3375.0,3374.8,3374.6,3374.4,3374.2,3375.2,3375.4,3375.6,3375.8,3376.0,7,1,3,2,1,1,1,3,1,10,34213200,IF,202401,200,AM,False,True,False,2024-01-04 09:30:13.200,2024-01-04 01:30:13.312575+00:00,0,True,5,5,False,False,True,PASS,False,14.0,14175720.0,-11.0,3375.1714285714284
IF2402,20240104,093013200,36553200.0,36,3381.0,6533,3727.0,3049.4,1704331813312583,3381.0,3376.4,3375.8,3374.2,3372.4,3383.2,3383.4,3383.6,3385.4,3386.0,1,3,2,4,1,1,1,1,1,1,34213200,IF,202402,200,AM,False,True,False,2024-01-04 09:30:13.200,2024-01-04 01:30:13.312583+00:00,0,True,5,5,False,False,True,PASS,False,1.0,1014300.0,0.0,3381.0
IF2403,20240104,093013200,180054720.0,177,3388.2,101050,3734.4,3055.6,1704331813312591,3388.0,3387.2,3387.0,3386.4,3386.2,3388.8,3389.0,3389.2,3389.6,3390.0,3,1,3,1,3,1,5,2,6,2,34213200,IF,202403,200,AM,False,True,False,2024-01-04 09:30:13.200,2024-01-04 01:30:13.312591+00:00,0,True,5,5,False,False,True,PASS,False,10.0,10164360.0,-4.0,3388.12
IF2406,20240104,093013200,133938960.0,132,3382.0,62711,3728.0,3050.4,1704331813312599,3380.6,3380.4,3380.2,3380.0,3379.8,3382.0,3382.2,3382.6,3382.8,3383.0,3,1,4,25,1,1,1,2,1,2,34213200,IF,202406,200,AM,False,True,False,2024-01-04 09:30:13.200,2024-01-04 01:30:13.312599+00:00,0,True,5,5,False,False,True,PASS,False,3.0,3043320.0,0.0,3381.4666666666667
IF2401,20240104,093013700,667743480.0,659,3375.0,98771,3719.6,3043.6,1704331813809372,3374.0,3373.8,3373.6,3373.4,3373.2,3374.6,3375.0,3375.6,3376.0,3376.2,4,1,4,2,1,1,4,1,9,49,34213700,IF,202401,200,AM,False,True,False,2024-01-04 09:30:13.700,2024-01-04 01:30:13.809372+00:00,0,True,5,5,False,False,True,PASS,False,21.0,21261540.0,-16.0,3374.847619047619
IF2402,20240104,093013700,37567500.0,37,3381.0,6532,3727.0,3049.4,1704331813809380,3380.6,3379.0,3376.4,3375.8,3374.2,3382.6,3382.8,3383.2,3383.4,3383.6,1,2,3,2,4,1,3,3,3,1,34213700,IF,202402,200,AM,False,True,False,2024-01-04 09:30:13.700,2024-01-04 01:30:13.809380+00:00,0,True,5,5,False,False,True,PASS,False,1.0,1014300.0,-1.0,3381.0
IF2403,20240104,093013700,189203280.0,186,3388.6,101052,3734.4,3055.6,1704331813809388,3387.2,3387.0,3386.4,3386.2,3386.0,3387.8,3388.2,3388.6,3388.8,3389.0,1,3,1,3,1,1,2,2,3,5,34213700,IF,202403,200,AM,False,True,False,2024-01-04 09:30:13.700,2024-01-04 01:30:13.809388+00:00,0,True,5,5,False,False,True,PASS,False,9.0,9148560.0,2.0,3388.3555555555554
IF2406,20240104,093013700,140023680.0,138,3380.2,62707,3728.0,3050.4,1704331813809395,3380.0,3379.8,3379.6,3379.4,3378.2,3381.8,3382.0,3382.2,3382.6,3382.8,25,1,2,1,1,1,1,1,1,1,34213700,IF,202406,200,AM,False,True,False,2024-01-04 09:30:13.700,2024-01-04 01:30:13.809395+00:00,0,True,5,5,False,False,True,PASS,False,6.0,6084720.0,-4.0,3380.4
IF2401,20240104,093014200,679891020.0,671,3374.4,98765,3719.6,3043.6,1704331814308192,3374.4,3374.2,3374.0,3373.8,3373.6,3374.6,3375.0,3375.6,3375.8,3376.0,3,10,6,2,4,2,1,1,1,8,34214200,IF,202401,200,AM,False,True,False,2024-01-04 09:30:14.200,2024-01-04 01:30:14.308192+00:00,0,True,5,5,False,False,True,PASS,False,12.0,12147540.0,-6.0,3374.3166666666666
IF2402,20240104,093014200,37567500.0,37,3381.0,6532,3727.0,3049.4,1704331814308200,3380.2,3379.0,3378.0,3376.4,3375.8,3381.8,3382.2,3382.4,3382.6,3382.8,1,2,1,3,2,1,1,1,1,2,34214200,IF,202402,200,AM,False,True,False,2024-01-04 09:30:14.200,2024-01-04 01:30:14.308200+00:00,0,True,5,5,False,False,True,PASS,False,0.0,0.0,0.0,
IF2403,20240104,093014200,196316880.0,193,3387.8,101051,3734.4,3055.6,1704331814308208,3387.0,3386.4,3386.2,3386.0,3385.2,3387.6,3387.8,3388.0,3388.4,3388.6,1,1,3,1,1,1,2,3,1,4,34214200,IF,202403,200,AM,False,True,False,2024-01-04 09:30:14.200,2024-01-04 01:30:14.308208+00:00,0,True,5,5,False,False,True,PASS,False,7.0,7113600.0,-1.0,3387.4285714285716
IF2406,20240104,093014200,158275680.0,156,3380.0,62707,3728.0,3050.4,1704331814308216,3380.0,3379.8,3379.6,3379.4,3378.2,3381.4,3381.6,3381.8,3382.0,3382.2,7,1,2,1,1,2,1,1,1,1,34214200,IF,202406,200,AM,False,True,False,2024-01-04 09:30:14.200,2024-01-04 01:30:14.308216+00:00,0,True,5,5,False,False,True,PASS,False,18.0,18252000.0,0.0,3380.0
IF2401,20240104,093014700,698113560.0,689,3374.4,98753,3719.6,3043.6,1704331814809310,3374.2,3374.0,3373.8,3373.6,3373.4,3375.6,3375.8,3376.0,3376.2,3376.4,8,6,2,4,2,1,1,8,49,24,34214700,IF,202401,200,AM,False,True,False,2024-01-04 09:30:14.700,2024-01-04 01:30:14.809310+00:00,0,True,5,5,False,False,True,PASS,False,18.0,18222540.0,-12.0,3374.5444444444443
IF2402,20240104,093014700,37567500.0,37,3381.0,6532,3727.0,3049.4,1704331814809318,3380.2,3379.0,3378.0,3376.4,3375.8,3381.8,3382.2,3382.4,3382.8,3383.2,1,2,1,3,2,1,1,1,1,1,34214700,IF,202402,200,AM,False,True,False,2024-01-04 09:30:14.700,2024-01-04 01:30:14.809318+00:00,0,True,5,5,False,False,True,PASS,False,0.0,0.0,0.0,
IF2403,20240104,093014700,203431440.0,200,3388.0,101051,3734.4,3055.6,1704331814809325,3388.0,3387.0,3386.4,3386.2,3386.0,3388.2,3388.4,3388.6,3388.8,3389.0,3,1,1,3,1,1,1,4,2,2,34214700,IF,202403,200,AM,False,True,False,2024-01-04 09:30:14.700,2024-01-04 01:30:14.809325+00:00,0,True,5,5,False,False,True,PASS,False,7.0,7114560.0,0.0,3387.885714285714
IF2406,20240104,093014700,161317680.0,159,3380.0,62707,3728.0,3050.4,1704331814809333,3380.0,3379.8,3379.6,3379.4,3378.2,3381.4,3381.6,3381.8,3382.0,3382.2,4,1,2,1,1,3,1,1,1,1,34214700,IF,202406,200,AM,False,True,False,2024-01-04 09:30:14.700,2024-01-04 01:30:14.809333+00:00,0,True,5,5,False,False,True,PASS,False,3.0,3042000.0,0.0,3380.0
IF2401,20240104,093015200,703175940.0,694,3375.4,98748,3719.6,3043.6,1704331815311587,3374.6,3374.4,3374.2,3374.0,3373.8,3375.4,3375.6,3375.8,3376.0,3376.2,1,1,8,7,2,8,7,1,8,47,34215200,IF,202401,200,AM,False,True,False,2024-01-04 09:30:15.200,2024-01-04 01:30:15.311587+00:00,0,True,5,5,False,False,True,PASS,False,5.0,5062380.0,-5.0,3374.92
IF2402,20240104,093015200,38581620.0,38,3380.4,6531,3727.0,3049.4,1704331815311595,3379.0,3378.0,3376.4,3375.8,3374.2,3381.8,3382.4,3382.8,3383.4,3383.6,2,1,3,2,4,1,1,1,2,1,34215200,IF,202402,200,AM,False,True,False,2024-01-04 09:30:15.200,2024-01-04 01:30:15.311595+00:00,0,True,5,5,False,False,True,PASS,False,1.0,1014120.0,-1.0,3380.4
IF2403,20240104,093015200,207496740.0,204,3387.0,101051,3734.4,3055.6,1704331815311603,3386.4,3386.2,3386.0,3385.2,3385.0,3387.0,3387.6,3387.8,3388.0,3388.2,1,3,1,1,5,1,1,1,1,1,34215200,IF,202403,200,AM,False,True,False,2024-01-04 09:30:15.200,2024-01-04 01:30:15.311603+00:00,0,True,5,5,False,False,True,PASS,False,4.0,4065300.0,0.0,3387.75
IF2406,20240104,093015200,161317680.0,159,3380.0,62707,3728.0,3050.4,1704331815311610,3380.0,3379.8,3379.6,3379.4,3378.2,3381.2,3381.4,3381.6,3382.0,3382.6,4,1,2,1,1,1,2,1,1,1,34215200,IF,202406,200,AM,False,True,False,2024-01-04 09:30:15.200,2024-01-04 01:30:15.311610+00:00,0,True,5,5,False,False,True,PASS,False,0.0,0.0,0.0,
IF2401,20240104,093015700,708237420.0,699,3374.2,98745,3719.6,3043.6,1704331815811895,3374.2,3374.0,3373.8,3373.6,3373.4,3375.2,3375.4,3375.6,3375.8,3376.0,8,6,2,4,2,4,5,6,4,6,34215700,IF,202401,200,AM,False,True,False,2024-01-04 09:30:15.700,2024-01-04 01:30:15.811895+00:00,0,True,5,5,False,False,True,PASS,False,5.0,5061480.0,-3.0,3374.32
IF2402,20240104,093015700,38581620.0,38,3380.4,6531,3727.0,3049.4,1704331815811903,3380.2,3379.8,3379.6,3379.2,3379.0,3382.4,3382.8,3383.4,3383.6,3385.4,1,3,2,1,3,1,1,2,2,1,34215700,IF,202402,200,AM,False,True,False,2024-01-04 09:30:15.700,2024-01-04 01:30:15.811903+00:00,0,True,5,5,False,False,True,PASS,False,0.0,0.0,0.0,
IF2403,20240104,093015700,212577480.0,209,3387.8,101047,3734.4,3055.6,1704331815811911,3387.8,3387.0,3386.6,3386.4,3386.2,3388.2,3388.4,3388.8,3389.0,3389.2,1,1,7,3,3,1,1,2,2,1,34215700,IF,202403,200,AM,False,True,False,2024-01-04 09:30:15.700,2024-01-04 01:30:15.811911+00:00,0,True,5,5,False,False,True,PASS,False,5.0,5080740.0,-4.0,3387.16
IF2406,20240104,093015700,163346040.0,161,3381.2,62707,3728.0,3050.4,1704331815811918,3381.4,3380.2,3380.0,3379.8,3379.6,3381.6,3382.0,3382.6,3383.0,3383.4,4,1,4,1,2,1,1,1,2,1,34215700,IF,202406,200,AM,False,True,False,2024-01-04 09:30:15.700,2024-01-04 01:30:15.811918+00:00,0,True,5,5,False,False,True,PASS,False,2.0,2028360.0,0.0,3380.6
IF2401,20240104,093016200,724433940.0,715,3374.6,98740,3719.6,3043.6,1704331816311143,3374.0,3373.8,3373.6,3373.4,3373.2,3375.0,3375.2,3375.4,3375.6,3375.8,1,2,4,2,5,3,4,4,5,4,34216200,IF,202401,200,AM,False,True,False,2024-01-04 09:30:16.200,2024-01-04 01:30:16.311143+00:00,0,True,5,5,False,False,True,PASS,False,16.0,16196520.0,-5.0,3374.275
IF2402,20240104,093016200,39595680.0,39,3380.2,6530,3727.0,3049.4,1704331816311151,3379.8,3379.6,3379.2,3379.0,3378.0,3382.2,3382.4,3382.8,3383.4,3383.6,2,2,1,3,1,1,1,1,2,2,34216200,IF,202402,200,AM,False,True,False,2024-01-04 09:30:16.200,2024-01-04 01:30:16.311151+00:00,0,True,5,5,False,False,True,PASS,False,1.0,1014060.0,-1.0,3380.2
IF2403,20240104,093016200,215626500.0,212,3387.8,101046,3734.4,3055.6,1704331816311159,3387.0,3386.6,3386.4,3386.2,3386.0,3387.6,3388.0,3388.2,3388.4,3388.6,1,7,4,3,1,2,1,1,1,1,34216200,IF,202403,200,AM,False,True,False,2024-01-04 09:30:16.200,2024-01-04 01:30:16.311159+00:00,0,True,5,5,False,False,True,PASS,False,3.0,3049020.0,-1.0,3387.8
IF2406,20240104,093016200,169431780.0,167,3380.0,62709,3728.0,3050.4,1704331816311167,3380.0,3379.8,3379.6,3379.4,3378.2,3381.4,3381.6,3382.0,3382.6,3383.0,3,1,2,1,1,1,1,1,1,2,34216200,IF,202406,200,AM,False,True,False,2024-01-04 09:30:16.200,2024-01-04 01:30:16.311167+00:00,0,True,5,5,False,False,True,PASS,False,6.0,6085740.0,2.0,3380.9666666666667
IF2401,20240104,093016700,738605100.0,729,3373.6,98732,3719.6,3043.6,1704331816808980,3373.4,3373.2,3373.0,3372.8,3372.6,3373.6,3374.8,3375.0,3375.2,3375.4,2,5,13,4,1,5,5,1,2,3,34216700,IF,202401,200,AM,False,True,False,2024-01-04 09:30:16.700,2024-01-04 01:30:16.808980+00:00,0,True,5,5,False,False,True,PASS,False,14.0,14171160.0,-8.0,3374.0857142857144
IF2402,20240104,093016700,39595680.0,39,3380.2,6530,3727.0,3049.4,1704331816808988,3379.8,3379.6,3379.2,3379.0,3378.0,3382.0,3382.2,3382.8,3383.4,3383.6,2,2,1,3,1,2,1,1,2,1,34216700,IF,202402,200,AM,False,True,False,2024-01-04 09:30:16.700,2024-01-04 01:30:16.808988+00:00,0,True,5,5,False,False,True,PASS,False,0.0,0.0,0.0,
IF2403,20240104,093016700,216642600.0,213,3387.0,101045,3734.4,3055.6,1704331816808996,3386.4,3386.2,3386.0,3385.2,3385.0,3387.8,3388.0,3388.2,3388.4,3388.6,2,3,1,1,5,1,3,3,1,1,34216700,IF,202403,200,AM,False,True,False,2024-01-04 09:30:16.700,2024-01-04 01:30:16.808996+00:00,0,True,5,5,False,False,True,PASS,False,1.0,1016100.0,-1.0,3387.0
IF2406,20240104,093016700,169431780.0,167,3380.0,62709,3728.0,3050.4,1704331816809004,3380.4,3380.0,3379.8,3379.6,3379.4,3381.2,3381.4,3381.6,3382.0,3382.6,1,3,1,2,1,3,2,1,1,1,34216700,IF,202406,200,AM,False,True,False,2024-01-04 09:30:16.700,2024-01-04 01:30:16.809004+00:00,0,True,5,5,False,False,True,PASS,False,0.0,0.0,0.0,
IF2401,20240104,093017200,753787200.0,744,3374.2,98722,3719.6,3043.6,1704331817311326,3374.2,3373.6,3373.4,3373.2,3373.0,3374.8,3375.0,3375.2,3375.6,3375.8,1,3,4,5,13,1,1,1,5,6,34217200,IF,202401,200,AM,False,True,False,2024-01-04 09:30:17.200,2024-01-04 01:30:17.311326+00:00,0,True,5,5,False,False,True,PASS,False,15.0,15182100.0,-10.0,3373.8
IF2402,20240104,093017200,39595680.0,39,3380.2,6530,3727.0,3049.4,1704331817311334,3379.2,3379.0,3378.0,3377.2,3376.4,3381.2,3381.4,3381.6,3381.8,3382.0,1,3,1,1,3,2,1,2,1,2,34217200,IF,202402,200,AM,False,True,False,2024-01-04 09:30:17.200,2024-01-04 01:30:17.311334+00:00,0,True,5,5,False,False,True,PASS,False,0.0,0.0,0.0,
IF2403,20240104,093017200,219690600.0,216,3386.8,101044,3734.4,3055.6,1704331817311342,3386.4,3386.2,3386.0,3385.2,3385.0,3387.0,3387.2,3387.4,3387.6,3387.8,1,3,1,1,5,2,1,3,5,1,34217200,IF,202403,200,AM,False,True,False,2024-01-04 09:30:17.200,2024-01-04 01:30:17.311342+00:00,0,True,5,5,False,False,True,PASS,False,3.0,3048000.0,-1.0,3386.6666666666665
IF2406,20240104,093017200,171459900.0,169,3380.0,62708,3728.0,3050.4,1704331817311349,3380.0,3379.8,3379.6,3379.4,3378.2,3380.6,3381.2,3381.4,3381.6,3382.0,2,1,2,1,1,1,6,1,1,1,34217200,IF,202406,200,AM,False,True,False,2024-01-04 09:30:17.200,2024-01-04 01:30:17.311349+00:00,0,True,5,5,False,False,True,PASS,False,2.0,2028120.0,-1.0,3380.2
IF2401,20240104,093017700,761884500.0,752,3373.4,98715,3719.6,3043.6,1704331817812719,3373.4,3373.2,3373.0,3372.8,3372.6,3374.2,3374.4,3374.6,3374.8,3375.0,3,5,13,4,1,3,1,3,2,1,34217700,IF,202401,200,AM,False,True,False,2024-01-04 09:30:17.700,2024-01-04 01:30:17.812719+00:00,0,True,5,5,False,False,True,PASS,False,8.0,8097300.0,-7.0,3373.875
IF2402,20240104,093017700,39595680.0,39,3380.2,6530,3727.0,3049.4,1704331817812727,3379.8,3379.4,3379.2,3379.0,3378.0,3382.0,3382.2,3382.8,3383.4,3383.6,1,1,2,3,1,2,1,1,2,1,34217700,IF,202402,200,AM,False,True,False,2024-01-04 09:30:17.700,2024-01-04 01:30:17.812727+00:00,0,True,5,5,False,False,True,PASS,False,0.0,0.0,0.0,
IF2403,20240104,093017700,220706640.0,217,3386.8,101044,3734.4,3055.6,1704331817812735,3386.6,3386.4,3386.2,3386.0,3385.2,3387.4,3387.6,3387.8,3388.0,3388.2,1,2,3,1,1,1,4,1,2,3,34217700,IF,202403,200,AM,False,True,False,2024-01-04 09:30:17.700,2024-01-04 01:30:17.812735+00:00,0,True,5,5,False,False,True,PASS,False,1.0,1016040.0,0.0,3386.8
IF2406,20240104,093017700,171459900.0,169,3380.0,62708,3728.0,3050.4,1704331817812743,3380.0,3379.8,3379.6,3379.4,3378.2,3380.4,3381.2,3381.4,3381.6,3382.0,2,1,2,1,1,1,5,1,1,1,34217700,IF,202406,200,AM,False,True,False,2024-01-04 09:30:17.700,2024-01-04 01:30:17.812743+00:00,0,True,5,5,False,False,True,PASS,False,0.0,0.0,0.0,
IF2401,20240104,093018200,766945800.0,757,3374.4,98712,3719.6,3043.6,1704331818310550,3373.6,3373.4,3373.2,3373.0,3372.8,3374.6,3374.8,3375.0,3375.2,3375.6,5,1,5,13,4,1,1,1,1,5,34218200,IF,202401,200,AM,False,True,False,2024-01-04 09:30:18.200,2024-01-04 01:30:18.310550+00:00,0,True,5,5,False,False,True,PASS,False,5.0,5061300.0,-3.0,3374.2
IF2402,20240104,093018200,39595680.0,39,3380.2,6530,3727.0,3049.4,1704331818310558,3379.4,3379.0,3378.0,3377.2,3376.4,3381.6,3382.0,3382.2,3382.8,3383.4,1,3,1,1,3,2,2,1,1,2,34218200,IF,202402,200,AM,False,True,False,2024-01-04 09:30:18.200,2024-01-04 01:30:18.310558+00:00,0,True,5,5,False,False,True,PASS,False,0.0,0.0,0.0,
IF2403,20240104,093018200,226803000.0,223,3386.4,101039,3734.4,3055.6,1704331818310566,3386.2,3386.0,3385.2,3385.0,3383.0,3386.4,3387.0,3387.4,3387.6,3387.8,3,1,1,5,2,1,1,1,4,1,34218200,IF,202403,200,AM,False,True,False,2024-01-04 09:30:18.200,2024-01-04 01:30:18.310566+00:00,0,True,5,5,False,False,True,PASS,False,6.0,6096360.0,-5.0,3386.866666666667
IF2406,20240104,093018200,172473900.0,170,3380.0,62708,3728.0,3050.4,1704331818310573,3380.0,3379.8,3379.6,3379.4,3378.2,3381.2,3381.4,3381.6,3382.0,3382.6,1,1,2,1,1,3,1,1,1,1,34218200,IF,202406,200,AM,False,True,False,2024-01-04 09:30:18.200,2024-01-04 01:30:18.310573+00:00,0,True,5,5,False,False,True,PASS,False,1.0,1014000.0,0.0,3380.0
IF2401,20240104,093018700,767957940.0,758,3373.8,98712,3719.6,3043.6,1704331818812661,3374.0,3373.8,3373.6,3373.4,3373.2,3374.2,3374.6,3375.0,3375.2,3375.6,1,3,5,2,5,1,1,1,1,5,34218700,IF,202401,200,AM,False,True,False,2024-01-04 09:30:18.700,2024-01-04 01:30:18.812661+00:00,0,True,5,5,False,False,True,PASS,False,1.0,1012140.0,0.0,3373.8
IF2402,20240104,093018700,39595680.0,39,3380.2,6530,3727.0,3049.4,1704331818812670,3380.0,3379.6,3379.4,3379.0,3378.0,3382.0,3382.2,3382.8,3383.4,3383.6,1,1,1,3,1,2,1,1,2,1,34218700,IF,202402,200,AM,False,True,False,2024-01-04 09:30:18.700,2024-01-04 01:30:18.812670+00:00,0,True,5,5,False,False,True,PASS,False,0.0,0.0,0.0,
IF2403,20240104,093018700,230866860.0,227,3387.0,101036,3734.4,3055.6,1704331818812678,3386.4,3386.2,3386.0,3385.2,3385.0,3387.4,3387.6,3387.8,3388.2,3388.6,3,3,1,1,5,1,3,1,3,1,34218700,IF,202403,200,AM,False,True,False,2024-01-04 09:30:18.700,2024-01-04 01:30:18.812678+00:00,0,True,5,5,False,False,True,PASS,False,4.0,4063860.0,-3.0,3386.55
IF2401,20240104,093019200,776056080.0,766,3374.6,98706,3719.6,3043.6,1704331819309490,3374.2,3373.8,3373.6,3373.4,3373.2,3374.6,3375.0,3375.2,3375.6,3375.8,1,2,3,2,5,3,1,1,5,6,34219200,IF,202401,200,AM,False,True,False,2024-01-04 09:30:19.200,2024-01-04 01:30:19.309490+00:00,0,True,5,5,False,False,True,PASS,False,8.0,8098140.0,-6.0,3374.225
IF2402,20240104,093019200,39595680.0,39,3380.2,6530,3727.0,3049.4,1704331819309498,3380.0,3379.6,3379.4,3379.2,3379.0,3381.6,3382.0,3382.2,3382.8,3383.4,1,2,1,1,3,2,2,1,1,2,34219200,IF,202402,200,AM,False,True,False,2024-01-04 09:30:19.200,2024-01-04 01:30:19.309498+00:00,0,True,5,5,False,False,True,PASS,False,0.0,0.0,0.0,
IF2403,20240104,093019200,231883080.0,228,3387.4,101036,3734.4,3055.6,1704331819309507,3387.0,3386.4,3386.2,3386.0,3385.2,3387.6,3387.8,3388.2,3388.6,3388.8,1,5,4,1,1,2,1,3,1,3,34219200,IF,202403,200,AM,False,True,False,2024-01-04 09:30:19.200,2024-01-04 01:30:19.309507+00:00,0,True,5,5,False,False,True,PASS,False,1.0,1016220.0,0.0,3387.4
IF2406,20240104,093019200,172473900.0,170,3380.0,62708,3728.0,3050.4,1704331819309515,3380.4,3380.0,3379.8,3379.6,3379.4,3381.2,3381.4,3381.6,3382.0,3382.6,1,1,1,2,1,2,1,1,1,1,34219200,IF,202406,200,AM,False,True,False,2024-01-04 09:30:19.200,2024-01-04 01:30:19.309515+00:00,0,True,5,5,False,False,True,PASS,False,0.0,0.0,0.0,
IF2401,20240104,093019700,781117680.0,771,3374.6,98704,3719.6,3043.6,1704331819810837,3374.4,3373.8,3373.6,3373.4,3373.2,3374.6,3374.8,3375.0,3375.2,3375.6,1,1,3,2,5,1,1,1,1,5,34219700,IF,202401,200,AM,False,True,False,2024-01-04 09:30:19.700,2024-01-04 01:30:19.810837+00:00,0,True,5,5,False,False,True,PASS,False,5.0,5061600.0,-2.0,3374.4
IF2402,20240104,093019700,39595680.0,39,3380.2,6530,3727.0,3049.4,1704331819810845,3380.0,3379.6,3379.4,3379.2,3379.0,3382.0,3382.2,3382.8,3383.4,3383.6,1,2,1,1,3,2,1,1,2,1,34219700,IF,202402,200,AM,False,True,False,2024-01-04 09:30:19.700,2024-01-04 01:30:19.810845+00:00,0,True,5,5,False,False,True,PASS,False,0.0,0.0,0.0,
IF2403,20240104,093019700,232899180.0,229,3387.0,101036,3734.4,3055.6,1704331819810853,3386.4,3386.2,3386.0,3385.2,3385.0,3387.2,3387.6,3387.8,3388.2,3388.6,3,4,1,1,5,1,2,1,3,1,34219700,IF,202403,200,AM,False,True,False,2024-01-04 09:30:19.700,2024-01-04 01:30:19.810853+00:00,0,True,5,5,False,False,True,PASS,False,1.0,1016100.0,0.0,3387.0
IF2406,20240104,093019700,173488260.0,171,3381.2,62708,3728.0,3050.4,1704331819810861,3380.4,3380.0,3379.8,3379.6,3379.4,3381.2,3381.4,3381.6,3382.0,3382.6,1,1,1,2,1,1,1,1,1,1,34219700,IF,202406,200,AM,False,True,False,2024-01-04 09:30:19.700,2024-01-04 01:30:19.810861+00:00,0,True,5,5,False,False,True,PASS,False,1.0,1014360.0,0.0,3381.2
IF2401,20240104,093020200,785166660.0,775,3374.2,98700,3719.6,3043.6,1704331820311247,3373.8,3373.6,3373.4,3373.2,3373.0,3374.2,3374.6,3374.8,3375.0,3375.2,1,3,2,5,14,2,2,1,1,1,34220200,IF,202401,200,AM,False,True,False,2024-01-04 09:30:20.200,2024-01-04 01:30:20.311247+00:00,0,True,5,5,False,False,True,PASS,False,4.0,4048980.0,-4.0,3374.15
IF2402,20240104,093020200,39595680.0,39,3380.2,6530,3727.0,3049.4,1704331820311255,3380.0,3379.6,3379.4,3379.0,3378.0,3381.8,3382.0,3382.2,3382.8,3383.4,1,2,1,3,1,1,2,1,1,2,34220200,IF,202402,200,AM,False,True,False,2024-01-04 09:30:20.200,2024-01-04 01:30:20.311255+00:00,0,True,5,5,False,False,True,PASS,False,0.0,0.0,0.0,
IF2403,20240104,093020200,232899180.0,229,3387.0,101036,3734.4,3055.6,1704331820311263,3387.0,3386.6,3386.4,3386.2,3386.0,3387.2,3387.6,3387.8,3388.2,3388.6,1,1,3,4,1,1,2,1,3,1,34220200,IF,202403,200,AM,False,True,False,2024-01-04 09:30:20.200,2024-01-04 01:30:20.311263+00:00,0,True,5,5,False,False,True,PASS,False,0.0,0.0,0.0,
IF2406,20240104,093020200,179572380.0,177,3380.0,62708,3728.0,3050.4,1704331820311271,3379.8,3379.6,3379.4,3378.2,3378.0,3380.0,3381.2,3381.4,3381.6,3382.0,1,2,1,1,1,5,1,1,1,1,34220200,IF,202406,200,AM,False,True,False,2024-01-04 09:30:20.200,2024-01-04 01:30:20.311271+00:00,0,True,5,5,False,False,True,PASS,False,6.0,6084120.0,0.0,3380.0666666666666
IF2401,20240104,093020700,793265220.0,783,3374.6,98693,3719.6,3043.6,1704331820812183,3374.6,3374.2,3374.0,3373.6,3373.4,3374.8,3375.0,3375.2,3375.6,3375.8,3,3,1,3,3,1,1,1,5,6,34220700,IF,202401,200,AM,False,True,False,2024-01-04 09:30:20.700,2024-01-04 01:30:20.812183+00:00,0,True,5,5,False,False,True,PASS,False,8.0,8098560.0,-7.0,3374.4
IF2402,20240104,093020700,39595680.0,39,3380.2,6530,3727.0,3049.4,1704331820812191,3380.0,3379.6,3379.4,3379.0,3378.0,3381.6,3381.8,3382.0,3382.2,3382.8,1,2,1,3,1,1,2,2,1,1,34220700,IF,202402,200,AM,False,True,False,2024-01-04 09:30:20.700,2024-01-04 01:30:20.812191+00:00,0,True,5,5,False,False,True,PASS,False,0.0,0.0,0.0,
IF2403,20240104,093020700,235947600.0,232,3387.2,101034,3734.4,3055.6,1704331820812199,3386.4,3386.2,3386.0,3385.2,3385.0,3387.6,3387.8,3388.2,3388.6,3388.8,3,4,1,1,5,2,1,3,1,3,34220700,IF,202403,200,AM,False,True,False,2024-01-04 09:30:20.700,2024-01-04 01:30:20.812199+00:00,0,True,5,5,False,False,True,PASS,False,3.0,3048420.0,-2.0,3387.133333333333
IF2406,20240104,093020700,185656320.0,183,3379.8,62702,3728.0,3050.4,1704331820812207,3379.6,3379.4,3378.2,3378.0,3377.6,3381.2,3381.4,3382.0,3382.6,3383.2,2,1,1,1,1,1,1,1,1,1,34220700,IF,202406,200,AM,False,True,False,2024-01-04 09:30:20.700,2024-01-04 01:30:20.812207+00:00,0,True,5,5,False,False,True,PASS,False,6.0,6083940.0,-6.0,3379.9666666666667
IF2401,20240104,093021200,799339260.0,789,3374.2,98688,3719.6,3043.6,1704331821310075,3374.2,3374.0,3373.6,3373.4,3373.2,3374.4,3374.8,3375.2,3375.6,3375.8,2,2,3,3,6,3,1,1,5,6,34221200,IF,202401,200,AM,False,True,False,2024-01-04 09:30:21.200,2024-01-04 01:30:21.310075+00:00,0,True,5,5,False,False,True,PASS,False,6.0,6074040.0,-5.0,3374.4666666666667
IF2402,20240104,093021200,39595680.0,39,3380.2,6530,3727.0,3049.4,1704331821310083,3380.2,3380.0,3379.6,3379.4,3379.0,3382.0,3382.2,3382.8,3383.4,3383.6,1,1,2,1,3,2,1,1,2,1,34221200,IF,202402,200,AM,False,True,False,2024-01-04 09:30:21.200,2024-01-04 01:30:21.310083+00:00,0,True,5,5,False,False,True,PASS,False,0.0,0.0,0.0,
IF2403,20240104,093021200,235947600.0,232,3387.2,101034,3734.4,3055.6,1704331821310091,3387.2,3386.6,3386.4,3386.2,3386.0,3387.6,3387.8,3388.2,3388.6,3388.8,1,6,5,4,1,2,1,3,1,3,34221200,IF,202403,200,AM,False,True,False,2024-01-04 09:30:21.200,2024-01-04 01:30:21.310091+00:00,0,True,5,5,False,False,True,PASS,False,0.0,0.0,0.0,
IF2406,20240104,093021200,185656320.0,183,3379.8,62702,3728.0,3050.4,1704331821310099,3380.2,3380.0,3379.8,3379.6,3379.4,3381.2,3381.4,3382.0,3382.6,3383.2,1,2,3,2,1,1,1,1,1,1,34221200,IF,202406,200,AM,False,True,False,2024-01-04 09:30:21.200,2024-01-04 01:30:21.310099+00:00,0,True,5,5,False,False,True,PASS,False,0.0,0.0,0.0,
IF2401,20240104,093021700,812499120.0,802,3374.2,98677,3719.6,3043.6,1704331821811339,3374.2,3373.6,3373.4,3373.2,3373.0,3375.2,3375.6,3375.8,3376.0,3376.2,1,3,3,6,15,1,5,6,1,46,34221700,IF,202401,200,AM,False,True,False,2024-01-04 09:30:21.700,2024-01-04 01:30:21.811339+00:00,0,True,5,5,False,False,True,PASS,False,13.0,13159860.0,-11.0,3374.3230769230768
IF2402,20240104,093021700,39595680.0,39,3380.2,6530,3727.0,3049.4,1704331821811347,3380.2,3380.0,3379.6,3379.4,3379.0,3381.6,3382.0,3382.2,3382.8,3383.4,2,1,2,1,3,1,2,1,1,2,34221700,IF,202402,200,AM,False,True,False,2024-01-04 09:30:21.700,2024-01-04 01:30:21.811347+00:00,0,True,5,5,False,False,True,PASS,False,0.0,0.0,0.0,
IF2406,20240104,093021700,185656320.0,183,3379.8,62702,3728.0,3050.4,1704331821811355,3380.0,3379.8,3379.6,3379.4,3378.2,3381.2,3382.0,3382.6,3383.2,3383.4,1,3,2,1,1,1,1,1,1,1,34221700,IF,202406,200,AM,False,True,False,2024-01-04 09:30:21.700,2024-01-04 01:30:21.811355+00:00,0,True,5,5,False,False,True,PASS,False,0.0,0.0,0.0,
IF2401,20240104,093022200,817560060.0,807,3374.2,98674,3719.6,3043.6,1704331822311209,3374.0,3373.6,3373.4,3373.2,3373.0,3374.6,3375.0,3375.2,3375.6,3375.8,2,1,3,6,15,1,5,10,5,5,34222200,IF,202401,200,AM,False,True,False,2024-01-04 09:30:22.200,2024-01-04 01:30:22.311209+00:00,0,True,5,5,False,False,True,PASS,False,5.0,5060940.0,-3.0,3373.96
IF2402,20240104,093022200,40609740.0,40,3380.2,6529,3727.0,3049.4,1704331822311217,3380.0,3379.6,3379.4,3379.0,3378.0,3382.0,3382.2,3382.8,3383.4,3383.6,1,2,1,3,1,2,1,1,2,1,34222200,IF,202402,200,AM,False,True,False,2024-01-04 09:30:22.200,2024-01-04 01:30:22.311217+00:00,0,True,5,5,False,False,True,PASS,False,1.0,1014060.0,-1.0,3380.2
IF2403,20240104,093022200,235947600.0,232,3387.2,101034,3734.4,3055.6,1704331822311225,3387.2,3386.6,3386.4,3386.2,3386.0,3387.6,3387.8,3388.2,3388.6,3388.8,1,4,3,4,1,1,1,3,1,3,34222200,IF,202403,200,AM,False,True,False,2024-01-04 09:30:22.200,2024-01-04 01:30:22.311225+00:00,0,True,5,5,False,False,True,PASS,False,0.0,0.0,0.0,
IF2406,20240104,093022200,185656320.0,183,3379.8,62702,3728.0,3050.4,1704331822311233,3379.8,3379.6,3379.4,3378.2,3378.0,3381.2,3382.0,3382.6,3383.2,3383.4,2,3,1,1,1,1,1,1,1,1,34222200,IF,202406,200,AM,False,True,False,2024-01-04 09:30:22.200,2024-01-04 01:30:22.311233+00:00,0,True,5,5,False,False,True,PASS,False,0.0,0.0,0.0,
IF2401,20240104,093022700,821608980.0,811,3374.4,98673,3719.6,3043.6,1704331822812412,3373.6,3373.4,3373.2,3373.0,3372.8,3374.6,3375.0,3375.2,3375.6,3375.8,2,3,6,15,4,9,2,13,5,5,34222700,IF,202401,200,AM,False,True,False,2024-01-04 09:30:22.700,2024-01-04 01:30:22.812412+00:00,0,True,5,5,False,False,True,PASS,False,4.0,4048920.0,-1.0,3374.1
IF2402,20240104,093022700,40609740.0,40,3380.2,6529,3727.0,3049.4,1704331822812420,3380.0,3379.6,3379.4,3379.0,3378.0,3381.6,3381.8,3382.0,3382.2,3382.8,1,3,1,3,1,1,1,2,1,1,34222700,IF,202402,200,AM,False,True,False,2024-01-04 09:30:22.700,2024-01-04 01:30:22.812420+00:00,0,True,5,5,False,False,True,PASS,False,0.0,0.0,0.0,
IF2403,20240104,093022700,236963760.0,233,3387.2,101034,3734.4,3055.6,1704331822812428,3387.0,3386.6,3386.4,3386.2,3386.0,3387.2,3387.4,3387.6,3387.8,3388.0,1,2,3,4,1,1,1,1,1,1,34222700,IF,202403,200,AM,False,True,False,2024-01-04 09:30:22.700,2024-01-04 01:30:22.812428+00:00,0,True,5,5,False,False,True,PASS,False,1.0,1016160.0,0.0,3387.2
IF2406,20240104,093022700,185656320.0,183,3379.8,62702,3728.0,3050.4,1704331822812436,3379.8,3379.6,3379.4,3378.2,3378.0,3381.2,3382.0,3382.2,3382.6,3383.2,2,3,1,1,1,1,1,1,1,1,34222700,IF,202406,200,AM,False,True,False,2024-01-04 09:30:22.700,2024-01-04 01:30:22.812436+00:00,0,True,5,5,False,False,True,PASS,False,0.0,0.0,0.0,
IF2401,20240104,093023200,825657840.0,815,3374.4,98671,3719.6,3043.6,1704331823310823,3373.6,3373.4,3373.2,3373.0,3372.8,3374.4,3374.6,3375.0,3375.2,3375.6,1,3,6,16,4,1,19,2,10,5,34223200,IF,202401,200,AM,False,True,False,2024-01-04 09:30:23.200,2024-01-04 01:30:23.310823+00:00,0,True,5,5,False,False,True,PASS,False,4.0,4048860.0,-2.0,3374.05
IF2403,20240104,093023200,241028220.0,237,3387.2,101034,3734.4,3055.6,1704331823310831,3386.6,3386.4,3386.2,3386.0,3385.2,3387.4,3387.6,3387.8,3388.0,3388.2,2,3,4,1,2,1,1,1,1,3,34223200,IF,202403,200,AM,False,True,False,2024-01-04 09:30:23.200,2024-01-04 01:30:23.310831+00:00,0,True,5,5,False,False,True,PASS,False,4.0,4064460.0,0.0,3387.05
IF2406,20240104,093023200,185656320.0,183,3379.8,62702,3728.0,3050.4,1704331823310839,3380.0,3379.8,3379.6,3379.4,3378.2,3381.0,3381.2,3382.0,3382.2,3382.6,1,1,3,1,1,1,1,1,1,1,34223200,IF,202406,200,AM,False,True,False,2024-01-04 09:30:23.200,2024-01-04 01:30:23.310839+00:00,0,True,5,5,False,False,True,PASS,False,0.0,0.0,0.0,
IF2401,20240104,093023700,828694260.0,818,3374.2,98670,3719.6,3043.6,1704331823810238,3373.8,3373.4,3373.2,3373.0,3372.8,3374.0,3374.2,3374.4,3374.6,3375.0,4,3,7,16,4,1,1,2,24,2,34223700,IF,202401,200,AM,False,True,False,2024-01-04 09:30:23.700,2024-01-04 01:30:23.810238+00:00,0,True,5,5,False,False,True,PASS,False,3.0,3036420.0,-1.0,3373.8
IF2402,20240104,093023700,40609740.0,40,3380.2,6529,3727.0,3049.4,1704331823810246,3380.0,3379.6,3379.4,3379.0,3378.0,3381.4,3381.6,3381.8,3382.0,3382.2,1,2,1,3,1,1,1,1,2,1,34223700,IF,202402,200,AM,False,True,False,2024-01-04 09:30:23.700,2024-01-04 01:30:23.810246+00:00,0,True,5,5,False,False,True,PASS,False,0.0,0.0,0.0,
IF2403,20240104,093023700,243060180.0,239,3386.6,101033,3734.4,3055.6,1704331823810254,3386.4,3386.2,3386.0,3385.2,3385.0,3387.2,3387.4,3387.6,3387.8,3388.0,3,4,1,3,5,1,1,1,1,1,34223700,IF,202403,200,AM,False,True,False,2024-01-04 09:30:23.700,2024-01-04 01:30:23.810254+00:00,0,True,5,5,False,False,True,PASS,False,2.0,2031960.0,-1.0,3386.6
IF2406,20240104,093023700,186670320.0,184,3380.0,62702,3728.0,3050.4,1704331823810262,3379.8,3379.6,3379.4,3378.2,3378.0,3381.0,3381.2,3382.0,3382.2,3382.6,1,3,1,1,1,1,1,1,1,1,34223700,IF,202406,200,AM,False,True,False,2024-01-04 09:30:23.700,2024-01-04 01:30:23.810262+00:00,0,True,5,5,False,False,True,PASS,False,1.0,1014000.0,0.0,3380.0
IF2401,20240104,093024200,835779240.0,825,3373.8,98664,3719.6,3043.6,1704331824313197,3373.6,3373.4,3373.2,3373.0,3372.8,3373.8,3374.0,3374.2,3374.4,3374.6,1,3,7,16,4,2,2,1,2,19,34224200,IF,202401,200,AM,False,True,False,2024-01-04 09:30:24.200,2024-01-04 01:30:24.313197+00:00,0,True,5,5,False,False,True,PASS,False,7.0,7084980.0,-6.0,3373.8
IF2402,20240104,093024200,40609740.0,40,3380.2,6529,3727.0,3049.4,1704331824313205,3380.0,3379.6,3379.4,3379.0,3378.0,3381.2,3381.4,3381.6,3381.8,3382.0,1,1,1,2,1,1,1,2,1,2,34224200,IF,202402,200,AM,False,True,False,2024-01-04 09:30:24.200,2024-01-04 01:30:24.313205+00:00,0,True,5,5,False,False,True,PASS,False,0.0,0.0,0.0,
IF2403,20240104,093024200,246107940.0,242,3386.4,101031,3734.4,3055.6,1704331824313212,3386.2,3386.0,3385.2,3385.0,3384.4,3387.2,3387.4,3387.6,3387.8,3388.0,4,1,3,5,1,4,3,1,1,1,34224200,IF,202403,200,AM,False,True,False,2024-01-04 09:30:24.200,2024-01-04 01:30:24.313212+00:00,0,True,5,5,False,False,True,PASS,False,3.0,3047760.0,-2.0,3386.4
IF2406,20240104,093024200,186670320.0,184,3380.0,62702,3728.0,3050.4,1704331824313220,3379.8,3379.6,3379.4,3378.2,3378.0,3380.2,3380.8,3381.0,3381.2,3382.0,1,3,1,1,1,1,1,1,1,1,34224200,IF,202406,200,AM,False,True,False,2024-01-04 09:30:24.200,2024-01-04 01:30:24.313220+00:00,0,True,5,5,False,False,True,PASS,False,0.0,0.0,0.0,
IF2401,20240104,093024700,839827500.0,829,3373.6,98661,3719.6,3043.6,1704331824810911,3373.4,3373.2,3373.0,3372.8,3372.6,3373.6,3373.8,3374.0,3374.2,3374.4,2,7,17,2,1,7,2,2,2,2,34224700,IF,202401,200,AM,False,True,False,2024-01-04 09:30:24.700,2024-01-04 01:30:24.810911+00:00,0,True,5,5,False,False,True,PASS,False,4.0,4048260.0,-3.0,3373.55
IF2402,20240104,093024700,40609740.0,40,3380.2,6529,3727.0,3049.4,1704331824810919,3380.0,3379.6,3379.4,3379.0,3378.0,3381.2,3381.4,3381.6,3382.0,3382.2,1,1,1,2,1,1,1,1,2,1,34224700,IF,202402,200,AM,False,True,False,2024-01-04 09:30:24.700,2024-01-04 01:30:24.810919+00:00,0,True,5,5,False,False,True,PASS,False,0.0,0.0,0.0,
IF2403,20240104,093024700,247124040.0,243,3387.0,101031,3734.4,3055.6,1704331824810927,3386.2,3386.0,3385.2,3385.0,3384.4,3387.0,3387.2,3387.4,3387.6,3387.8,6,1,3,5,1,1,4,3,1,1,34224700,IF,202403,200,AM,False,True,False,2024-01-04 09:30:24.700,2024-01-04 01:30:24.810927+00:00,0,True,5,5,False,False,True,PASS,False,1.0,1016100.0,0.0,3387.0
IF2406,20240104,093024700,186670320.0,184,3380.0,62702,3728.0,3050.4,1704331824810934,3379.6,3379.4,3378.2,3378.0,3377.6,3379.8,3380.2,3380.8,3381.0,3381.2,3,1,1,1,1,1,1,2,1,1,34224700,IF,202406,200,AM,False,True,False,2024-01-04 09:30:24.700,2024-01-04 01:30:24.810934+00:00,0,True,5,5,False,False,True,PASS,False,0.0,0.0,0.0,
IF2401,20240104,093025200,849947520.0,839,3373.6,98656,3719.6,3043.6,1704331825311171,3373.2,3373.0,3372.8,3372.6,3372.2,3373.6,3373.8,3374.0,3374.2,3374.4,2,17,2,1,23,5,1,2,2,2,34225200,IF,202401,200,AM,False,True,False,2024-01-04 09:30:25.200,2024-01-04 01:30:25.311171+00:00,0,True,5,5,False,False,True,PASS,False,10.0,10120020.0,-5.0,3373.34
IF2402,20240104,093025200,40609740.0,40,3380.2,6529,3727.0,3049.4,1704331825311179,3380.0,3379.4,3379.0,3378.0,3377.2,3380.8,3381.0,3381.2,3381.4,3381.6,1,1,2,1,1,1,2,1,1,1,34225200,IF,202402,200,AM,False,True,False,2024-01-04 09:30:25.200,2024-01-04 01:30:25.311179+00:00,0,True,5,5,False,False,True,PASS,False,0.0,0.0,0.0,
IF2403,20240104,093025200,247124040.0,243,3387.0,101031,3734.4,3055.6,1704331825311187,3386.4,3386.2,3386.0,3385.2,3385.0,3387.0,3387.2,3387.4,3387.6,3387.8,1,7,1,3,5,5,3,3,1,1,34225200,IF,202403,200,AM,False,True,False,2024-01-04 09:30:25.200,2024-01-04 01:30:25.311187+00:00,0,True,5,5,False,False,True,PASS,False,0.0,0.0,0.0,
IF2406,20240104,093025200,187684260.0,185,3379.8,62703,3728.0,3050.4,1704331825311195,3379.6,3379.4,3378.2,3378.0,3377.6,3380.2,3380.8,3381.0,3381.2,3382.0,3,1,1,1,1,1,2,1,1,1,34225200,IF,202406,200,AM,False,True,False,2024-01-04 09:30:25.200,2024-01-04 01:30:25.311195+00:00,0,True,5,5,False,False,True,PASS,False,1.0,1013940.0,1.0,3379.8
IF2401,20240104,093025700,865128300.0,854,3373.8,98643,3719.6,3043.6,1704331825812567,3373.6,3373.4,3373.0,3372.8,3372.6,3374.0,3374.2,3374.4,3374.6,3375.0,1,4,17,2,1,2,1,2,19,1,34225700,IF,202401,200,AM,False,True,False,2024-01-04 09:30:25.700,2024-01-04 01:30:25.812567+00:00,0,True,5,5,False,False,True,PASS,False,15.0,15180780.0,-13.0,3373.5066666666667
IF2402,20240104,093025700,41623740.0,41,3380.0,6529,3727.0,3049.4,1704331825812575,3379.4,3379.0,3378.0,3376.4,3375.8,3380.8,3381.0,3381.2,3381.4,3381.6,1,2,1,3,2,1,2,1,1,1,34225700,IF,202402,200,AM,False,True,False,2024-01-04 09:30:25.700,2024-01-04 01:30:25.812575+00:00,0,True,5,5,False,False,True,PASS,False,1.0,1014000.0,0.0,3380.0
IF2403,20240104,093025700,257285040.0,253,3387.0,101031,3734.4,3055.6,1704331825812582,3387.0,3386.4,3386.2,3386.0,3385.2,3387.2,3387.4,3387.6,3387.8,3388.0,20,2,7,1,3,4,2,1,1,2,34225700,IF,202403,200,AM,False,True,False,2024-01-04 09:30:25.700,2024-01-04 01:30:25.812582+00:00,0,True,5,5,False,False,True,PASS,False,10.0,10161000.0,0.0,3387.0
IF2406,20240104,093025700,189712560.0,187,3380.8,62704,3728.0,3050.4,1704331825812590,3379.6,3379.4,3378.2,3378.0,3377.6,3380.8,3381.0,3381.2,3382.0,3382.2,3,1,1,1,1,1,1,1,1,1,34225700,IF,202406,200,AM,False,True,False,2024-01-04 09:30:25.700,2024-01-04 01:30:25.812590+00:00,0,True,5,5,False,False,True,PASS,False,2.0,2028300.0,1.0,3380.5
IF2401,20240104,093026200,868164480.0,857,3373.4,98642,3719.6,3043.6,1704331826310185,3373.4,3373.0,3372.8,3372.6,3372.2,3374.0,3374.2,3374.4,3374.6,3375.0,4,17,2,1,23,2,1,3,19,1,34226200,IF,202401,200,AM,False,True,False,2024-01-04 09:30:26.200,2024-01-04 01:30:26.310185+00:00,0,True,5,5,False,False,True,PASS,False,3.0,3036180.0,-1.0,3373.5333333333333
IF2402,20240104,093026200,41623740.0,41,3380.0,6529,3727.0,3049.4,1704331826310193,3379.4,3379.0,3378.0,3376.4,3375.8,3381.0,3381.4,3381.6,3382.0,3382.2,1,2,1,3,2,2,1,1,1,1,34226200,IF,202402,200,AM,False,True,False,2024-01-04 09:30:26.200,2024-01-04 01:30:26.310193+00:00,0,True,5,5,False,False,True,PASS,False,0.0,0.0,0.0,
IF2403,20240104,093026200,262365900.0,258,3387.4,101026,3734.4,3055.6,1704331826310200,3387.2,3387.0,3386.8,3386.4,3386.2,3387.6,3387.8,3388.0,3388.2,3388.6,2,20,1,2,7,1,1,2,3,1,34226200,IF,202403,200,AM,False,True,False,2024-01-04 09:30:26.200,2024-01-04 01:30:26.310200+00:00,0,True,5,5,False,False,True,PASS,False,5.0,5080860.0,-5.0,3387.24
IF2406,20240104,093026200,190726500.0,188,3379.8,62703,3728.0,3050.4,1704331826310208,3379.8,3379.6,3379.4,3378.2,3378.0,3381.0,3381.2,3382.0,3382.2,3383.2,1,3,1,1,1,1,1,1,1,1,34226200,IF,202406,200,AM,False,True,False,2024-01-04 09:30:26.200,2024-01-04 01:30:26.310208+00:00,0,True,5,5,False,False,True,PASS,False,1.0,1013940.0,-1.0,3379.8
IF2401,20240104,093026700,874237320.0,863,3374.0,98641,3719.6,3043.6,1704331826810541,3374.0,3373.6,3373.4,3373.2,3373.0,3374.2,3374.4,3374.6,3375.0,3375.2,2,2,7,2,19,1,3,19,1,9,34226700,IF,202401,200,AM,False,True,False,2024-01-04 09:30:26.700,2024-01-04 01:30:26.810541+00:00,0,True,5,5,False,False,True,PASS,False,6.0,6072840.0,-1.0,3373.8
IF2403,20240104,093026700,268462920.0,264,3387.4,101029,3734.4,3055.6,1704331826810549,3387.2,3387.0,3386.8,3386.4,3386.2,3387.6,3387.8,3388.0,3388.2,3388.6,2,20,1,2,7,1,1,2,3,1,34226700,IF,202403,200,AM,False,True,False,2024-01-04 09:30:26.700,2024-01-04 01:30:26.810549+00:00,0,True,5,5,False,False,True,PASS,False,6.0,6097020.0,3.0,3387.233333333333
IF2406,20240104,093026700,190726500.0,188,3379.8,62703,3728.0,3050.4,1704331826810557,3379.8,3379.6,3379.4,3378.2,3378.0,3382.0,3382.2,3383.2,3383.8,3384.0,1,3,1,1,1,1,1,1,1,10,34226700,IF,202406,200,AM,False,True,False,2024-01-04 09:30:26.700,2024-01-04 01:30:26.810557+00:00,0,True,5,5,False,False,True,PASS,False,0.0,0.0,0.0,
IF2401,20240104,093027200,880310340.0,869,3374.2,98641,3719.6,3043.6,1704331827309973,3373.6,3373.4,3373.2,3373.0,3372.8,3374.4,3374.6,3375.0,3375.2,3375.6,1,6,2,19,2,2,19,1,9,5,34227200,IF,202401,200,AM,False,True,False,2024-01-04 09:30:27.200,2024-01-04 01:30:27.309973+00:00,0,True,5,5,False,False,True,PASS,False,6.0,6073020.0,0.0,3373.9
IF2402,20240104,093027200,41623740.0,41,3380.0,6529,3727.0,3049.4,1704331827309981,3379.6,3379.4,3379.0,3378.0,3376.4,3381.0,3381.4,3381.6,3382.0,3382.2,2,1,2,1,3,2,1,1,1,1,34227200,IF,202402,200,AM,False,True,False,2024-01-04 09:30:27.200,2024-01-04 01:30:27.309981+00:00,0,True,5,5,False,False,True,PASS,False,0.0,0.0,0.0,
IF2403,20240104,093027200,270495240.0,266,3387.2,101031,3734.4,3055.6,1704331827310339,3387.0,3386.8,3386.4,3386.2,3386.0,3387.6,3387.8,3388.0,3388.2,3388.6,20,1,2,7,1,1,1,2,1,1,34227200,IF,202403,200,AM,False,True,False,2024-01-04 09:30:27.200,2024-01-04 01:30:27.310339+00:00,0,True,5,5,False,False,True,PASS,False,2.0,2032320.0,2.0,3387.2
IF2406,20240104,093027200,190726500.0,188,3379.8,62703,3728.0,3050.4,1704331827310347,3380.8,3380.2,3380.0,3379.8,3379.6,3381.8,3382.0,3382.2,3383.2,3383.8,1,1,2,1,3,2,1,3,1,1,34227200,IF,202406,200,AM,False,True,False,2024-01-04 09:30:27.200,2024-01-04 01:30:27.310347+00:00,0,True,5,5,False,False,True,PASS,False,0.0,0.0,0.0,
IF2401,20240104,093027700,888408000.0,877,3374.2,98637,3719.6,3043.6,1704331827811470,3373.8,3373.4,3373.2,3373.0,3372.8,3374.4,3374.6,3375.0,3375.2,3375.6,1,4,5,21,2,3,19,1,9,5,34227700,IF,202401,200,AM,False,True,False,2024-01-04 09:30:27.700,2024-01-04 01:30:27.811470+00:00,0,True,5,5,False,False,True,PASS,False,8.0,8097660.0,-4.0,3374.025
IF2402,20240104,093027700,41623740.0,41,3380.0,6529,3727.0,3049.4,1704331827811478,3379.6,3379.4,3379.0,3378.0,3376.4,3381.0,3381.4,3381.6,3382.0,3382.2,1,1,2,1,3,1,1,1,1,1,34227700,IF,202402,200,AM,False,True,False,2024-01-04 09:30:27.700,2024-01-04 01:30:27.811478+00:00,0,True,5,5,False,False,True,PASS,False,0.0,0.0,0.0,
IF2403,20240104,093027700,270495240.0,266,3387.2,101031,3734.4,3055.6,1704331827811486,3387.0,3386.8,3386.4,3386.2,3386.0,3387.2,3387.4,3387.6,3387.8,3388.0,20,1,2,7,1,1,2,1,1,2,34227700,IF,202403,200,AM,False,True,False,2024-01-04 09:30:27.700,2024-01-04 01:30:27.811486+00:00,0,True,5,5,False,False,True,PASS,False,0.0,0.0,0.0,
IF2406,20240104,093027700,191740740.0,189,3380.8,62703,3728.0,3050.4,1704331827811494,3380.2,3380.0,3379.8,3379.6,3379.4,3381.4,3381.6,3381.8,3382.0,3382.2,2,2,1,3,1,1,2,2,1,3,34227700,IF,202406,200,AM,False,True,False,2024-01-04 09:30:27.700,2024-01-04 01:30:27.811494+00:00,0,True,5,5,False,False,True,PASS,False,1.0,1014240.0,0.0,3380.8
IF2401,20240104,093028200,891444240.0,880,3373.6,98636,3719.6,3043.6,1704331828310623,3373.4,3373.2,3373.0,3372.8,3372.6,3373.6,3374.2,3374.4,3374.6,3375.0,3,5,21,2,1,11,2,3,19,1,34228200,IF,202401,200,AM,False,True,False,2024-01-04 09:30:28.200,2024-01-04 01:30:28.310623+00:00,0,True,5,5,False,False,True,PASS,False,3.0,3036240.0,-1.0,3373.6
IF2403,20240104,093028200,271511400.0,267,3387.2,101031,3734.4,3055.6,1704331828310632,3387.2,3387.0,3386.8,3386.4,3386.2,3387.4,3387.6,3387.8,3388.0,3388.2,1,20,1,2,7,2,1,1,2,1,34228200,IF,202403,200,AM,False,True,False,2024-01-04 09:30:28.200,2024-01-04 01:30:28.310632+00:00,0,True,5,5,False,False,True,PASS,False,1.0,1016160.0,0.0,3387.2
IF2406,20240104,093028200,192755100.0,190,3381.2,62702,3728.0,3050.4,1704331828310640,3380.2,3380.0,3379.8,3379.6,3379.4,3381.4,3381.6,3381.8,3382.0,3382.2,2,2,1,3,1,2,2,2,1,3,34228200,IF,202406,200,AM,False,True,False,2024-01-04 09:30:28.200,2024-01-04 01:30:28.310640+00:00,0,True,5,5,False,False,True,PASS,False,1.0,1014360.0,-1.0,3381.2
IF2401,20240104,093028700,904601220.0,893,3373.6,98638,3719.6,3043.6,1704331828812531,3373.4,3373.2,3373.0,3372.8,3372.6,3374.2,3374.4,3374.6,3375.0,3375.2,4,5,21,2,1,2,3,19,1,9,34228700,IF,202401,200,AM,False,True,False,2024-01-04 09:30:28.700,2024-01-04 01:30:28.812531+00:00,0,True,5,5,False,False,True,PASS,False,13.0,13156980.0,2.0,3373.5846153846155
IF2402,20240104,093028700,41623740.0,41,3380.0,6529,3727.0,3049.4,1704331828812540,3379.0,3378.0,3376.4,3375.8,3374.2,3381.0,3381.4,3381.6,3382.0,3382.2,2,1,3,4,4,1,1,1,1,1,34228700,IF,202402,200,AM,False,True,False,2024-01-04 09:30:28.700,2024-01-04 01:30:28.812540+00:00,0,True,5,5,False,False,True,PASS,False,0.0,0.0,0.0,
IF2403,20240104,093028700,277608480.0,273,3387.6,101030,3734.4,3055.6,1704331828812548,3387.6,3387.2,3387.0,3386.8,3386.4,3387.8,3388.0,3388.2,3388.6,3388.8,8,1,18,1,2,1,2,1,1,3,34228700,IF,202403,200,AM,False,True,False,2024-01-04 09:30:28.700,2024-01-04 01:30:28.812548+00:00,0,True,5,5,False,False,True,PASS,False,6.0,6097080.0,-1.0,3387.266666666667
IF2406,20240104,093028700,192755100.0,190,3381.2,62702,3728.0,3050.4,1704331828812556,3380.2,3380.0,3379.8,3379.6,3379.4,3381.2,3381.4,3381.6,3381.8,3382.0,1,8,1,3,1,2,2,2,1,1,34228700,IF,202406,200,AM,False,True,False,2024-01-04 09:30:28.700,2024-01-04 01:30:28.812556+00:00,0,True,5,5,False,False,True,PASS,False,0.0,0.0,0.0,
IF2401,20240104,093029200,912698880.0,901,3373.4,98635,3719.6,3043.6,1704331829310162,3373.4,3373.2,3373.0,3372.8,3372.6,3374.4,3374.6,3375.0,3375.2,3375.6,3,5,21,2,1,2,19,1,9,5,34229200,IF,202401,200,AM,False,True,False,2024-01-04 09:30:29.200,2024-01-04 01:30:29.310162+00:00,0,True,5,5,False,False,True,PASS,False,8.0,8097660.0,-3.0,3374.025
IF2402,20240104,093029200,41623740.0,41,3380.0,6529,3727.0,3049.4,1704331829310170,3379.4,3379.2,3379.0,3378.6,3378.0,3381.0,3381.4,3381.6,3382.0,3382.2,1,3,2,1,1,1,1,1,1,1,34229200,IF,202402,200,AM,False,True,False,2024-01-04 09:30:29.200,2024-01-04 01:30:29.310170+00:00,0,True,5,5,False,False,True,PASS,False,0.0,0.0,0.0,
IF2403,20240104,093029200,287770980.0,283,3387.0,101029,3734.4,3055.6,1704331829310178,3387.0,3386.8,3386.4,3386.2,3386.0,3387.2,3387.6,3387.8,3388.0,3388.2,18,1,2,7,1,1,2,1,2,1,34229200,IF,202403,200,AM,False,True,False,2024-01-04 09:30:29.200,2024-01-04 01:30:29.310178+00:00,0,True,5,5,False,False,True,PASS,False,10.0,10162500.0,-1.0,3387.5
IF2406,20240104,093029200,192755100.0,190,3381.2,62702,3728.0,3050.4,1704331829310185,3380.2,3380.0,3379.8,3379.6,3379.4,3381.2,3381.6,3381.8,3382.0,3382.2,1,8,1,3,1,1,1,1,1,3,34229200,IF,202406,200,AM,False,True,False,2024-01-04 09:30:29.200,2024-01-04 01:30:29.310185+00:00,0,True,5,5,False,False,True,PASS,False,0.0,0.0,0.0,
IF2401,20240104,093029700,917759940.0,906,3374.4,98636,3719.6,3043.6,1704331829811360,3374.4,3373.6,3373.4,3373.2,3373.0,3374.6,3375.0,3375.2,3375.6,3375.8,1,2,5,5,21,19,1,9,5,4,34229700,IF,202401,200,AM,False,True,False,2024-01-04 09:30:29.700,2024-01-04 01:30:29.811360+00:00,0,True,5,5,False,False,True,PASS,False,5.0,5061060.0,1.0,3374.04
IF2402,20240104,093029700,42638040.0,42,3381.0,6529,3727.0,3049.4,1704331829811368,3379.6,3379.2,3379.0,3378.6,3378.2,3381.4,3381.6,3382.0,3382.2,3383.4,1,1,3,1,1,1,1,1,1,1,34229700,IF,202402,200,AM,False,True,False,2024-01-04 09:30:29.700,2024-01-04 01:30:29.811368+00:00,0,True,5,5,False,False,True,PASS,False,1.0,1014300.0,0.0,3381.0
IF2403,20240104,093029700,294883680.0,290,3387.0,101025,3734.4,3055.6,1704331829811376,3387.0,3386.8,3386.4,3386.2,3386.0,3387.8,3388.0,3388.2,3388.6,3388.8,15,1,2,7,1,1,2,1,1,3,34229700,IF,202403,200,AM,False,True,False,2024-01-04 09:30:29.700,2024-01-04 01:30:29.811376+00:00,0,True,5,5,False,False,True,PASS,False,7.0,7112700.0,-4.0,3387.0
IF2401,20240104,093030200,920796780.0,909,3374.0,98634,3719.6,3043.6,1704331830309245,3373.6,3373.4,3373.2,3373.0,3372.8,3374.2,3374.4,3374.6,3375.0,3375.2,2,6,6,21,2,1,2,19,1,9,34230200,IF,202401,200,AM,False,True,False,2024-01-04 09:30:30.200,2024-01-04 01:30:30.309245+00:00,0,True,5,5,False,False,True,PASS,False,3.0,3036840.0,-2.0,3374.266666666667
IF2402,20240104,093030200,42638040.0,42,3381.0,6529,3727.0,3049.4,1704331830309254,3380.0,3379.2,3379.0,3378.6,3378.2,3381.4,3382.0,3382.2,3383.4,3383.6,1,1,3,1,1,1,1,1,1,1,34230200,IF,202402,200,AM,False,True,False,2024-01-04 09:30:30.200,2024-01-04 01:30:30.309254+00:00,0,True,5,5,False,False,True,PASS,False,0.0,0.0,0.0,
IF2403,20240104,093030200,294883680.0,290,3387.0,101025,3734.4,3055.6,1704331830309262,3387.2,3387.0,3386.8,3386.4,3386.2,3387.6,3387.8,3388.0,3388.2,3388.6,3,15,1,2,7,1,1,2,1,1,34230200,IF,202403,200,AM,False,True,False,2024-01-04 09:30:30.200,2024-01-04 01:30:30.309262+00:00,0,True,5,5,False,False,True,PASS,False,0.0,0.0,0.0,
IF2406,20240104,093030200,192755100.0,190,3381.2,62702,3728.0,3050.4,1704331830309270,3380.4,3380.2,3380.0,3379.8,3379.6,3381.2,3381.6,3381.8,3382.0,3382.2,1,1,8,1,3,1,1,1,1,3,34230200,IF,202406,200,AM,False,True,False,2024-01-04 09:30:30.200,2024-01-04 01:30:30.309270+00:00,0,True,5,5,False,False,True,PASS,False,0.0,0.0,0.0,
IF2401,20240104,093030700,927881940.0,916,3373.8,98632,3719.6,3043.6,1704331830810938,3373.8,3373.4,3373.2,3373.0,3372.8,3374.4,3374.6,3375.0,3375.2,3375.6,1,6,6,21,2,1,18,2,9,5,34230700,IF,202401,200,AM,False,True,False,2024-01-04 09:30:30.700,2024-01-04 01:30:30.810938+00:00,0,True,5,5,False,False,True,PASS,False,7.0,7085160.0,-2.0,3373.885714285714
IF2402,20240104,093030700,42638040.0,42,3381.0,6529,3727.0,3049.4,1704331830810946,3379.2,3379.0,3378.6,3378.2,3378.0,3381.0,3381.4,3382.0,3382.2,3383.4,1,3,1,1,1,1,1,1,1,1,34230700,IF,202402,200,AM,False,True,False,2024-01-04 09:30:30.700,2024-01-04 01:30:30.810946+00:00,0,True,5,5,False,False,True,PASS,False,0.0,0.0,0.0,
IF2403,20240104,093030700,297932580.0,293,3387.6,101024,3734.4,3055.6,1704331830810954,3387.0,3386.8,3386.4,3386.2,3386.0,3387.2,3388.0,3388.2,3388.6,3388.8,15,1,2,7,1,1,2,1,1,3,34230700,IF,202403,200,AM,False,True,False,2024-01-04 09:30:30.700,2024-01-04 01:30:30.810954+00:00,0,True,5,5,False,False,True,PASS,False,3.0,3048900.0,-1.0,3387.6666666666665
IF2406,20240104,093030700,192755100.0,190,3381.2,62702,3728.0,3050.4,1704331830810962,3380.4,3380.2,3380.0,3379.8,3379.6,3381.2,3381.6,3381.8,3382.0,3382.2,1,1,8,1,3,1,1,1,1,1,34230700,IF,202406,200,AM,False,True,False,2024-01-04 09:30:30.700,2024-01-04 01:30:30.810962+00:00,0,True,5,5,False,False,True,PASS,False,0.0,0.0,0.0,
IF2401,20240104,093031200,929906460.0,918,3374.2,98632,3719.6,3043.6,1704331831312333,3374.0,3373.8,3373.4,3373.2,3373.0,3374.2,3374.4,3374.6,3375.0,3375.2,1,1,6,7,21,1,1,18,2,9,34231200,IF,202401,200,AM,False,True,False,2024-01-04 09:30:31.200,2024-01-04 01:30:31.312333+00:00,0,True,5,5,False,False,True,PASS,False,2.0,2024520.0,0.0,3374.2
IF2402,20240104,093031200,42638040.0,42,3381.0,6529,3727.0,3049.4,1704331831312341,3381.0,3379.4,3379.2,3379.0,3378.6,3381.4,3382.0,3382.2,3383.4,3383.6,1,1,1,3,1,1,1,1,1,1,34231200,IF,202402,200,AM,False,True,False,2024-01-04 09:30:31.200,2024-01-04 01:30:31.312341+00:00,0,True,5,5,False,False,True,PASS,False,0.0,0.0,0.0,
IF2403,20240104,093031200,299964780.0,295,3387.0,101024,3734.4,3055.6,1704331831312349,3387.0,3386.8,3386.4,3386.2,3386.0,3387.2,3388.0,3388.2,3388.6,3388.8,13,1,2,7,1,2,2,1,1,3,34231200,IF,202403,200,AM,False,True,False,2024-01-04 09:30:31.200,2024-01-04 01:30:31.312349+00:00,0,True,5,5,False,False,True,PASS,False,2.0,2032200.0,0.0,3387.0
IF2406,20240104,093031200,193769460.0,191,3381.2,62702,3728.0,3050.4,1704331831312357,3381.2,3380.4,3380.2,3380.0,3379.8,3381.8,3382.0,3382.2,3383.2,3383.8,5,1,1,8,1,1,1,1,1,1,34231200,IF,202406,200,AM,False,True,False,2024-01-04 09:30:31.200,2024-01-04 01:30:31.312357+00:00,0,True,5,5,False,False,True,PASS,False,1.0,1014360.0,0.0,3381.2
IF2401,20240104,093031700,934967400.0,923,3373.8,98629,3719.6,3043.6,1704331831809941,3373.6,3373.4,3373.2,3373.0,3372.8,3374.2,3374.4,3374.6,3375.0,3375.2,1,8,7,21,2,2,1,18,2,9,34231700,IF,202401,200,AM,False,True,False,2024-01-04 09:30:31.700,2024-01-04 01:30:31.809941+00:00,0,True,5,5,False,False,True,PASS,False,5.0,5060940.0,-3.0,3373.96
IF2402,20240104,093031700,43652340.0,43,3381.0,6529,3727.0,3049.4,1704331831809949,3379.6,3379.2,3379.0,3378.6,3378.2,3380.8,3381.0,3382.0,3382.2,3383.4,1,1,3,1,1,1,1,1,1,1,34231700,IF,202402,200,AM,False,True,False,2024-01-04 09:30:31.700,2024-01-04 01:30:31.809949+00:00,0,True,5,5,False,False,True,PASS,False,1.0,1014300.0,0.0,3381.0
IF2403,20240104,093031700,305045520.0,300,3387.0,101024,3734.4,3055.6,1704331831809957,3387.0,3386.8,3386.4,3386.2,3386.0,3387.2,3388.0,3388.2,3388.6,3388.8,12,1,2,7,1,1,2,1,1,3,34231700,IF,202403,200,AM,False,True,False,2024-01-04 09:30:31.700,2024-01-04 01:30:31.809957+00:00,0,True,5,5,False,False,True,PASS,False,5.0,5080740.0,0.0,3387.16
IF2406,20240104,093031700,198841260.0,196,3381.2,62702,3728.0,3050.4,1704331831809964,3380.4,3380.2,3380.0,3379.8,3379.6,3381.6,3381.8,3382.0,3382.2,3383.2,1,1,8,1,3,1,1,1,1,1,34231700,IF,202406,200,AM,False,True,False,2024-01-04 09:30:31.700,2024-01-04 01:30:31.809964+00:00,0,True,5,5,False,False,True,PASS,False,5.0,5071800.0,0.0,3381.2
IF2401,20240104,093032200,936991740.0,925,3374.2,98628,3719.6,3043.6,1704331832310535,3373.6,3373.4,3373.2,3373.0,3372.8,3374.2,3374.4,3374.6,3375.0,3375.2,3,8,7,21,2,1,1,18,2,4,34232200,IF,202401,200,AM,False,True,False,2024-01-04 09:30:32.200,2024-01-04 01:30:32.310535+00:00,0,True,5,5,False,False,True,PASS,False,2.0,2024340.0,-1.0,3373.9
IF2402,20240104,093032200,43652340.0,43,3381.0,6529,3727.0,3049.4,1704331832310543,3379.6,3379.2,3379.0,3378.6,3378.2,3381.0,3382.0,3382.2,3383.4,3383.6,1,1,3,1,1,1,1,1,1,1,34232200,IF,202402,200,AM,False,True,False,2024-01-04 09:30:32.200,2024-01-04 01:30:32.310543+00:00,0,True,5,5,False,False,True,PASS,False,0.0,0.0,0.0,
IF2403,20240104,093032200,308093880.0,303,3387.2,101025,3734.4,3055.6,1704331832310551,3387.0,3386.4,3386.2,3386.0,3385.8,3387.2,3388.0,3388.2,3388.6,3388.8,10,2,7,1,1,2,2,1,1,3,34232200,IF,202403,200,AM,False,True,False,2024-01-04 09:30:32.200,2024-01-04 01:30:32.310551+00:00,0,True,5,5,False,False,True,PASS,False,3.0,3048360.0,1.0,3387.0666666666666
IF2401,20240104,093032700,941040420.0,929,3373.8,98626,3719.6,3043.6,1704331832813513,3373.6,3373.4,3373.2,3373.0,3372.8,3374.0,3374.2,3374.4,3374.6,3375.0,3,8,7,21,2,1,7,1,10,2,34232700,IF,202401,200,AM,False,True,False,2024-01-04 09:30:32.700,2024-01-04 01:30:32.813513+00:00,0,True,5,5,False,False,True,PASS,False,4.0,4048680.0,-2.0,3373.9
IF2402,20240104,093032700,43652340.0,43,3381.0,6529,3727.0,3049.4,1704331832813521,3381.4,3379.6,3379.2,3379.0,3378.6,3382.0,3382.2,3383.4,3383.6,3386.4,2,1,1,3,1,1,1,1,1,1,34232700,IF,202402,200,AM,False,True,False,2024-01-04 09:30:32.700,2024-01-04 01:30:32.813521+00:00,0,True,5,5,False,False,True,PASS,False,0.0,0.0,0.0,
IF2403,20240104,093032700,308093880.0,303,3387.2,101025,3734.4,3055.6,1704331832813529,3387.0,3386.4,3386.2,3386.0,3385.8,3387.2,3388.0,3388.2,3388.6,3388.8,11,2,7,1,1,2,2,1,1,3,34232700,IF,202403,200,AM,False,True,False,2024-01-04 09:30:32.700,2024-01-04 01:30:32.813529+00:00,0,True,5,5,False,False,True,PASS,False,0.0,0.0,0.0,
IF2401,20240104,093033200,943064760.0,931,3373.8,98625,3719.6,3043.6,1704331833311642,3373.8,3373.6,3373.4,3373.2,3373.0,3374.0,3374.2,3374.4,3374.6,3375.0,1,4,9,7,21,8,7,1,2,2,34233200,IF,202401,200,AM,False,True,False,2024-01-04 09:30:33.200,2024-01-04 01:30:33.311642+00:00,0,True,5,5,False,False,True,PASS,False,2.0,2024340.0,-1.0,3373.9
IF2402,20240104,093033200,45681180.0,45,3381.4,6529,3727.0,3049.4,1704331833311650,3379.6,3379.2,3379.0,3378.6,3378.2,3381.0,3381.4,3381.6,3381.8,3382.0,1,1,3,1,2,2,2,1,1,1,34233200,IF,202402,200,AM,False,True,False,2024-01-04 09:30:33.200,2024-01-04 01:30:33.311650+00:00,0,True,5,5,False,False,True,PASS,False,2.0,2028840.0,0.0,3381.4
IF2403,20240104,093033200,319271040.0,314,3387.0,101033,3734.4,3055.6,1704331833311657,3387.0,3386.4,3386.2,3386.0,3385.8,3387.2,3388.0,3388.2,3388.6,3388.8,1,2,7,1,1,1,2,1,1,3,34233200,IF,202403,200,AM,False,True,False,2024-01-04 09:30:33.200,2024-01-04 01:30:33.311657+00:00,0,True,5,5,False,False,True,PASS,False,11.0,11177160.0,8.0,3387.018181818182
IF2406,20240104,093033200,198841260.0,196,3381.2,62702,3728.0,3050.4,1704331833311665,3380.4,3380.2,3380.0,3379.8,3379.6,3381.8,3382.0,3382.2,3383.6,3383.8,1,1,8,1,3,1,1,1,2,1,34233200,IF,202406,200,AM,False,True,False,2024-01-04 09:30:33.200,2024-01-04 01:30:33.311665+00:00,0,True,5,5,False,False,True,PASS,False,0.0,0.0,0.0,
IF2401,20240104,093033700,947113260.0,935,3373.8,98622,3719.6,3043.6,1704331833811587,3373.6,3373.4,3373.2,3373.0,3372.8,3374.0,3374.2,3374.6,3375.0,3375.2,2,9,5,21,2,20,7,2,2,4,34233700,IF,202401,200,AM,False,True,False,2024-01-04 09:30:33.700,2024-01-04 01:30:33.811587+00:00,0,True,5,5,False,False,True,PASS,False,4.0,4048500.0,-3.0,3373.75
IF2402,20240104,093033700,46695060.0,46,3379.6,6528,3727.0,3049.4,1704331833811595,3379.2,3379.0,3378.6,3378.2,3378.0,3380.8,3381.0,3381.4,3381.6,3381.8,1,3,1,2,1,1,2,1,1,1,34233700,IF,202402,200,AM,False,True,False,2024-01-04 09:30:33.700,2024-01-04 01:30:33.811595+00:00,0,True,5,5,False,False,True,PASS,False,1.0,1013880.0,-1.0,3379.6
IF2403,20240104,093033700,320287140.0,315,3387.0,101032,3734.4,3055.6,1704331833811603,3386.4,3386.2,3386.0,3385.8,3385.2,3387.2,3388.0,3388.2,3388.6,3388.8,2,7,1,1,3,1,2,1,1,3,34233700,IF,202403,200,AM,False,True,False,2024-01-04 09:30:33.700,2024-01-04 01:30:33.811603+00:00,0,True,5,5,False,False,True,PASS,False,1.0,1016100.0,-1.0,3387.0
IF2406,20240104,093033700,200870280.0,198,3381.8,62700,3728.0,3050.4,1704331833811611,3380.4,3380.2,3380.0,3379.8,3379.6,3382.0,3382.2,3383.6,3383.8,3384.0,1,1,8,1,3,1,1,2,1,10,34233700,IF,202406,200,AM,False,True,False,2024-01-04 09:30:33.700,2024-01-04 01:30:33.811611+00:00,0,True,5,5,False,False,True,PASS,False,2.0,2029020.0,-2.0,3381.7
IF2401,20240104,093034200,953185800.0,941,3373.8,98617,3719.6,3043.6,1704331834313506,3373.4,3373.2,3373.0,3372.8,3372.6,3374.0,3374.2,3374.6,3375.0,3375.2,8,5,21,2,3,20,7,2,2,4,34234200,IF,202401,200,AM,False,True,False,2024-01-04 09:30:34.200,2024-01-04 01:30:34.313506+00:00,0,True,5,5,False,False,True,PASS,False,6.0,6072540.0,-5.0,3373.633333333333
IF2402,20240104,093034200,47709180.0,47,3380.4,6528,3727.0,3049.4,1704331834313514,3379.2,3379.0,3378.6,3378.2,3378.0,3380.4,3381.6,3381.8,3382.0,3382.2,2,3,1,2,1,1,1,1,1,1,34234200,IF,202402,200,AM,False,True,False,2024-01-04 09:30:34.200,2024-01-04 01:30:34.313514+00:00,0,True,5,5,False,False,True,PASS,False,1.0,1014120.0,0.0,3380.4
IF2403,20240104,093034200,320287140.0,315,3387.0,101032,3734.4,3055.6,1704331834313522,3386.6,3386.4,3386.2,3386.0,3385.8,3387.0,3387.2,3388.0,3388.2,3388.6,1,2,7,1,1,4,1,2,1,1,34234200,IF,202403,200,AM,False,True,False,2024-01-04 09:30:34.200,2024-01-04 01:30:34.313522+00:00,0,True,5,5,False,False,True,PASS,False,0.0,0.0,0.0,
IF2406,20240104,093034200,200870280.0,198,3381.8,62700,3728.0,3050.4,1704331834313530,3380.4,3380.2,3380.0,3379.8,3379.6,3381.4,3381.8,3382.0,3382.2,3383.6,1,1,8,1,3,2,4,1,1,2,34234200,IF,202406,200,AM,False,True,False,2024-01-04 09:30:34.200,2024-01-04 01:30:34.313530+00:00,0,True,5,5,False,False,True,PASS,False,0.0,0.0,0.0,
IF2401,20240104,093034700,958246680.0,946,3374.0,98615,3719.6,3043.6,1704331834813362,3373.6,3373.4,3373.2,3373.0,3372.8,3374.0,3374.2,3374.6,3375.0,3375.2,3,5,5,21,2,16,7,2,2,4,34234700,IF,202401,200,AM,False,True,False,2024-01-04 09:30:34.700,2024-01-04 01:30:34.813362+00:00,0,True,5,5,False,False,True,PASS,False,5.0,5060880.0,-2.0,3373.92
IF2402,20240104,093034700,48723300.0,48,3380.4,6527,3727.0,3049.4,1704331834813370,3379.4,3379.2,3379.0,3378.6,3378.2,3381.4,3381.6,3381.8,3382.0,3382.2,1,2,3,1,2,1,1,1,1,1,34234700,IF,202402,200,AM,False,True,False,2024-01-04 09:30:34.700,2024-01-04 01:30:34.813370+00:00,0,True,5,5,False,False,True,PASS,False,1.0,1014120.0,-1.0,3380.4
IF2403,20240104,093034700,322319340.0,317,3387.0,101032,3734.4,3055.6,1704331834813515,3386.6,3386.4,3386.2,3385.8,3385.2,3387.2,3387.6,3388.0,3388.2,3388.6,3,3,7,1,3,9,1,2,1,1,34234700,IF,202403,200,AM,False,True,False,2024-01-04 09:30:34.700,2024-01-04 01:30:34.813515+00:00,0,True,5,5,False,False,True,PASS,False,2.0,2032200.0,0.0,3387.0
IF2406,20240104,093034700,201884760.0,199,3381.6,62700,3728.0,3050.4,1704331834813523,3380.4,3380.2,3380.0,3379.8,3379.6,3381.4,3381.8,3382.0,3382.2,3383.6,1,2,8,1,3,1,4,1,1,2,34234700,IF,202406,200,AM,False,True,False,2024-01-04 09:30:34.700,2024-01-04 01:30:34.813523+00:00,0,True,5,5,False,False,True,PASS,False,1.0,1014480.0,0.0,3381.6
IF2401,20240104,093035200,976466340.0,964,3374.2,98600,3719.6,3043.6,1704331835312247,3373.6,3373.4,3373.2,3373.0,3372.8,3374.2,3374.6,3375.0,3375.2,3375.6,4,5,5,21,2,6,2,2,4,5,34235200,IF,202401,200,AM,False,True,False,2024-01-04 09:30:35.200,2024-01-04 01:30:35.312247+00:00,0,True,5,5,False,False,True,PASS,False,18.0,18219660.0,-15.0,3374.011111111111
IF2402,20240104,093035200,48723300.0,48,3380.4,6527,3727.0,3049.4,1704331835312255,3379.6,3379.4,3379.2,3379.0,3378.6,3381.2,3381.4,3381.6,3381.8,3382.0,1,1,2,3,1,1,1,1,1,1,34235200,IF,202402,200,AM,False,True,False,2024-01-04 09:30:35.200,2024-01-04 01:30:35.312255+00:00,0,True,5,5,False,False,True,PASS,False,0.0,0.0,0.0,
IF2403,20240104,093035200,334513260.0,329,3387.2,101024,3734.4,3055.6,1704331835312263,3387.0,3386.6,3386.4,3386.2,3385.8,3387.6,3388.0,3388.2,3388.6,3388.8,1,3,2,7,1,1,2,1,1,3,34235200,IF,202403,200,AM,False,True,False,2024-01-04 09:30:35.200,2024-01-04 01:30:35.312263+00:00,0,True,5,5,False,False,True,PASS,False,12.0,12193920.0,-8.0,3387.2
IF2406,20240104,093035200,202899180.0,200,3381.4,62699,3728.0,3050.4,1704331835312271,3381.4,3380.4,3380.2,3380.0,3379.8,3381.8,3382.0,3382.2,3383.6,3383.8,1,1,2,8,1,3,1,1,2,1,34235200,IF,202406,200,AM,False,True,False,2024-01-04 09:30:35.200,2024-01-04 01:30:35.312271+00:00,0,True,5,5,False,False,True,PASS,False,1.0,1014420.0,-1.0,3381.4
IF2401,20240104,093035700,995698560.0,983,3374.6,98583,3719.6,3043.6,1704331835812866,3374.0,3373.8,3373.6,3373.4,3373.2,3374.6,3375.0,3375.2,3375.6,3375.8,1,2,7,5,5,1,2,4,5,4,34235700,IF,202401,200,AM,False,True,False,2024-01-04 09:30:35.700,2024-01-04 01:30:35.812866+00:00,0,True,5,5,False,False,True,PASS,False,19.0,19232220.0,-17.0,3374.073684210526
IF2402,20240104,093035700,48723300.0,48,3380.4,6527,3727.0,3049.4,1704331835812874,3379.8,3379.6,3379.4,3379.2,3379.0,3381.6,3381.8,3382.0,3382.2,3383.6,2,1,1,2,3,1,1,1,1,1,34235700,IF,202402,200,AM,False,True,False,2024-01-04 09:30:35.700,2024-01-04 01:30:35.812874+00:00,0,True,5,5,False,False,True,PASS,False,0.0,0.0,0.0,
IF2403,20240104,093035700,337561860.0,332,3387.2,101022,3734.4,3055.6,1704331835812882,3387.0,3386.8,3386.6,3386.4,3386.2,3388.0,3388.2,3388.6,3388.8,3389.2,1,2,1,2,7,2,1,1,3,1,34235700,IF,202403,200,AM,False,True,False,2024-01-04 09:30:35.700,2024-01-04 01:30:35.812882+00:00,0,True,5,5,False,False,True,PASS,False,3.0,3048600.0,-2.0,3387.3333333333335
IF2406,20240104,093035700,203913600.0,201,3381.4,62698,3728.0,3050.4,1704331835812889,3380.8,3380.6,3380.4,3380.2,3380.0,3381.8,3382.2,3383.6,3383.8,3384.0,1,2,1,2,8,2,1,2,1,10,34235700,IF,202406,200,AM,False,True,False,2024-01-04 09:30:35.700,2024-01-04 01:30:35.812889+00:00,0,True,5,5,False,False,True,PASS,False,1.0,1014420.0,-1.0,3381.4
IF2401,20240104,093036200,998735340.0,986,3374.0,98583,3719.6,3043.6,1704331836316455,3374.0,3373.8,3373.6,3373.4,3373.2,3374.4,3374.6,3375.0,3375.2,3375.6,1,3,7,5,7,3,1,2,4,5,34236200,IF,202401,200,AM,False,True,False,2024-01-04 09:30:36.200,2024-01-04 01:30:36.316455+00:00,0,True,5,5,False,False,True,PASS,False,3.0,3036780.0,0.0,3374.2
IF2402,20240104,093036200,48723300.0,48,3380.4,6527,3727.0,3049.4,1704331836316463,3380.0,3379.8,3379.6,3379.2,3379.0,3381.8,3382.0,3382.2,3383.6,3386.4,1,2,2,2,3,1,1,1,1,1,34236200,IF,202402,200,AM,False,True,False,2024-01-04 09:30:36.200,2024-01-04 01:30:36.316463+00:00,0,True,5,5,False,False,True,PASS,False,0.0,0.0,0.0,
IF2403,20240104,093036200,337561860.0,332,3387.2,101022,3734.4,3055.6,1704331836316471,3387.0,3386.8,3386.6,3386.4,3386.2,3388.0,3388.2,3388.6,3388.8,3389.2,3,2,1,2,7,2,1,1,3,1,34236200,IF,202403,200,AM,False,True,False,2024-01-04 09:30:36.200,2024-01-04 01:30:36.316471+00:00,0,True,5,5,False,False,True,PASS,False,0.0,0.0,0.0,
IF2406,20240104,093036200,204928080.0,202,3381.6,62698,3728.0,3050.4,1704331836316479,3380.8,3380.6,3380.4,3380.2,3380.0,3381.8,3382.2,3383.6,3383.8,3384.0,1,2,1,2,8,1,1,2,1,10,34236200,IF,202406,200,AM,False,True,False,2024-01-04 09:30:36.200,2024-01-04 01:30:36.316479+00:00,0,True,5,5,False,False,True,PASS,False,1.0,1014480.0,0.0,3381.6
IF2401,20240104,093036700,1007845440.0,995,3374.4,98576,3719.6,3043.6,1704331836811596,3374.4,3373.6,3373.4,3373.2,3373.0,3374.6,3375.0,3375.2,3375.6,3375.8,13,5,5,5,21,2,2,4,5,4,34236700,IF,202401,200,AM,False,True,False,2024-01-04 09:30:36.700,2024-01-04 01:30:36.811596+00:00,0,True,5,5,False,False,True,PASS,False,9.0,9110100.0,-7.0,3374.1111111111113
IF2402,20240104,093036700,48723300.0,48,3380.4,6527,3727.0,3049.4,1704331836811604,3379.8,3379.6,3379.2,3379.0,3378.2,3381.6,3381.8,3382.0,3382.2,3383.6,2,2,1,3,2,1,1,1,1,1,34236700,IF,202402,200,AM,False,True,False,2024-01-04 09:30:36.700,2024-01-04 01:30:36.811604+00:00,0,True,5,5,False,False,True,PASS,False,0.0,0.0,0.0,
IF2403,20240104,093036700,339594060.0,334,3387.0,101024,3734.4,3055.6,1704331836811612,3386.8,3386.6,3386.4,3386.2,3385.8,3387.0,3387.8,3388.0,3388.2,3388.6,1,1,2,7,2,4,1,2,1,1,34236700,IF,202403,200,AM,False,True,False,2024-01-04 09:30:36.700,2024-01-04 01:30:36.811612+00:00,0,True,5,5,False,False,True,PASS,False,2.0,2032200.0,2.0,3387.0
IF2406,20240104,093036700,204928080.0,202,3381.6,62698,3728.0,3050.4,1704331836811620,3381.0,3380.6,3380.2,3380.0,3379.8,3382.2,3383.6,3383.8,3384.0,3384.6,1,2,2,8,1,1,2,1,10,6,34236700,IF,202406,200,AM,False,True,False,2024-01-04 09:30:36.700,2024-01-04 01:30:36.811620+00:00,0,True,5,5,False,False,True,PASS,False,0.0,0.0,0.0,
IF2401,20240104,093037200,1021005900.0,1008,3375.0,98563,3719.6,3043.6,1704331837314559,3374.4,3374.0,3373.6,3373.4,3373.2,3375.0,3375.2,3375.6,3375.8,3376.2,5,6,5,6,5,1,4,5,4,26,34237200,IF,202401,200,AM,False,True,False,2024-01-04 09:30:37.200,2024-01-04 01:30:37.314559+00:00,0,True,5,5,False,False,True,PASS,False,13.0,13160460.0,-13.0,3374.476923076923
IF2402,20240104,093037200,48723300.0,48,3380.4,6527,3727.0,3049.4,1704331837314567,3380.0,3379.8,3379.6,3379.2,3379.0,3381.4,3381.8,3382.0,3382.2,3383.6,2,1,1,1,3,1,1,1,1,1,34237200,IF,202402,200,AM,False,True,False,2024-01-04 09:30:37.200,2024-01-04 01:30:37.314567+00:00,0,True,5,5,False,False,True,PASS,False,0.0,0.0,0.0,
IF2403,20240104,093037200,343658460.0,338,3387.0,101024,3734.4,3055.6,1704331837314575,3387.2,3387.0,3386.8,3386.6,3386.4,3388.0,3388.2,3388.6,3388.8,3389.2,1,3,1,1,2,5,1,1,3,1,34237200,IF,202403,200,AM,False,True,False,2024-01-04 09:30:37.200,2024-01-04 01:30:37.314575+00:00,0,True,5,5,False,False,True,PASS,False,4.0,4064400.0,0.0,3387.0
IF2406,20240104,093037200,204928080.0,202,3381.6,62698,3728.0,3050.4,1704331837314583,3381.0,3380.6,3380.2,3380.0,3379.8,3382.2,3383.6,3383.8,3384.0,3384.6,1,2,2,8,4,1,2,1,10,6,34237200,IF,202406,200,AM,False,True,False,2024-01-04 09:30:37.200,2024-01-04 01:30:37.314583+00:00,0,True,5,5,False,False,True,PASS,False,0.0,0.0,0.0,
IF2401,20240104,093037700,1021005900.0,1008,3375.0,98563,3719.6,3043.6,1704331837812587,3374.6,3374.4,3374.0,3373.6,3373.4,3374.8,3375.0,3375.2,3375.6,3375.8,3,7,6,5,6,1,1,4,5,4,34237700,IF,202401,200,AM,False,True,False,2024-01-04 09:30:37.700,2024-01-04 01:30:37.812587+00:00,0,True,5,5,False,False,True,PASS,False,0.0,0.0,0.0,
IF2402,20240104,093037700,48723300.0,48,3380.4,6527,3727.0,3049.4,1704331837812595,3381.4,3380.2,3380.0,3379.8,3379.6,3381.8,3382.0,3382.2,3383.6,3386.4,1,1,2,1,1,1,1,1,1,1,34237700,IF,202402,200,AM,False,True,False,2024-01-04 09:30:37.700,2024-01-04 01:30:37.812595+00:00,0,True,5,5,False,False,True,PASS,False,0.0,0.0,0.0,
IF2403,20240104,093037700,345690660.0,340,3387.0,101023,3734.4,3055.6,1704331837812603,3387.0,3386.6,3386.4,3386.2,3386.0,3388.0,3388.2,3388.6,3388.8,3389.2,5,1,2,7,1,3,1,1,3,1,34237700,IF,202403,200,AM,False,True,False,2024-01-04 09:30:37.700,2024-01-04 01:30:37.812603+00:00,0,True,5,5,False,False,True,PASS,False,2.0,2032200.0,-1.0,3387.0
IF2401,20240104,093038200,1025055600.0,1012,3374.6,98559,3719.6,3043.6,1704331838312505,3374.6,3374.4,3374.0,3373.6,3373.4,3375.0,3375.2,3375.6,3375.8,3376.2,4,8,6,5,6,1,3,5,4,26,34238200,IF,202401,200,AM,False,True,False,2024-01-04 09:30:38.200,2024-01-04 01:30:38.312505+00:00,0,True,5,5,False,False,True,PASS,False,4.0,4049700.0,-4.0,3374.75
IF2402,20240104,093038200,48723300.0,48,3380.4,6527,3727.0,3049.4,1704331838312513,3381.4,3380.2,3380.0,3379.8,3379.6,3382.0,3382.2,3383.6,3386.4,3387.4,1,1,2,1,1,1,1,1,1,2,34238200,IF,202402,200,AM,False,True,False,2024-01-04 09:30:38.200,2024-01-04 01:30:38.312513+00:00,0,True,5,5,False,False,True,PASS,False,0.0,0.0,0.0,
IF2403,20240104,093038200,348739860.0,343,3388.0,101020,3734.4,3055.6,1704331838312521,3387.4,3387.2,3387.0,3386.6,3386.4,3388.2,3388.6,3388.8,3389.2,3389.6,1,2,3,1,2,1,1,3,1,4,34238200,IF,202403,200,AM,False,True,False,2024-01-04 09:30:38.200,2024-01-04 01:30:38.312521+00:00,0,True,5,5,False,False,True,PASS,False,3.0,3049200.0,-3.0,3388.0
IF2406,20240104,093038200,205942740.0,203,3382.2,62698,3728.0,3050.4,1704331838312530,3382.2,3381.0,3380.6,3380.4,3380.2,3383.0,3383.6,3383.8,3384.0,3384.6,1,1,3,4,2,1,2,1,10,6,34238200,IF,202406,200,AM,False,True,False,2024-01-04 09:30:38.200,2024-01-04 01:30:38.312530+00:00,0,True,5,5,False,False,True,PASS,False,1.0,1014660.0,0.0,3382.2
IF2401,20240104,093038700,1027080360.0,1014,3374.6,98557,3719.6,3043.6,1704331838812356,3374.8,3374.6,3374.4,3374.0,3373.6,3375.0,3375.2,3375.6,3375.8,3376.2,1,2,8,6,6,1,2,5,4,26,34238700,IF,202401,200,AM,False,True,False,2024-01-04 09:30:38.700,2024-01-04 01:30:38.812356+00:00,0,True,5,5,False,False,True,PASS,False,2.0,2024760.0,-2.0,3374.6
IF2402,20240104,093038700,48723300.0,48,3380.4,6527,3727.0,3049.4,1704331838812365,3381.4,3380.2,3380.0,3379.8,3379.6,3383.6,3386.4,3387.4,3390.0,3396.0,1,1,2,1,1,1,1,2,3,1,34238700,IF,202402,200,AM,False,True,False,2024-01-04 09:30:38.700,2024-01-04 01:30:38.812365+00:00,0,True,5,5,False,False,True,PASS,False,0.0,0.0,0.0,
IF2403,20240104,093038700,349756320.0,344,3388.2,101020,3734.4,3055.6,1704331838812372,3387.6,3387.4,3387.2,3387.0,3386.8,3388.0,3388.6,3388.8,3389.2,3389.6,1,1,4,2,2,1,1,3,1,4,34238700,IF,202403,200,AM,False,True,False,2024-01-04 09:30:38.700,2024-01-04 01:30:38.812372+00:00,0,True,5,5,False,False,True,PASS,False,1.0,1016460.0,0.0,3388.2
IF2406,20240104,093038700,206957400.0,204,3382.2,62698,3728.0,3050.4,1704331838812380,3381.2,3381.0,3380.6,3380.4,3380.2,3382.8,3383.0,3383.6,3383.8,3384.0,1,1,3,4,2,1,1,2,1,10,34238700,IF,202406,200,AM,False,True,False,2024-01-04 09:30:38.700,2024-01-04 01:30:38.812380+00:00,0,True,5,5,False,False,True,PASS,False,1.0,1014660.0,0.0,3382.2
IF2401,20240104,093039200,1031130360.0,1018,3375.2,98553,3719.6,3043.6,1704331839312594,3375.0,3374.6,3374.4,3374.0,3373.6,3375.4,3375.6,3375.8,3376.2,3376.4,2,2,8,6,6,1,5,4,26,1,34239200,IF,202401,200,AM,False,True,False,2024-01-04 09:30:39.200,2024-01-04 01:30:39.312594+00:00,0,True,5,5,False,False,True,PASS,False,4.0,4050000.0,-4.0,3375.0
IF2402,20240104,093039200,48723300.0,48,3380.4,6527,3727.0,3049.4,1704331839312602,3381.4,3380.2,3380.0,3379.8,3379.6,3382.8,3383.0,3383.2,3383.4,3383.6,1,1,2,1,1,3,2,7,4,2,34239200,IF,202402,200,AM,False,True,False,2024-01-04 09:30:39.200,2024-01-04 01:30:39.312602+00:00,0,True,5,5,False,False,True,PASS,False,0.0,0.0,0.0,
IF2403,20240104,093039200,350772720.0,345,3388.0,101019,3734.4,3055.6,1704331839312610,3387.6,3387.4,3387.2,3387.0,3386.8,3388.6,3388.8,3389.2,3389.6,3390.0,1,1,4,2,2,1,3,1,4,1,34239200,IF,202403,200,AM,False,True,False,2024-01-04 09:30:39.200,2024-01-04 01:30:39.312610+00:00,0,True,5,5,False,False,True,PASS,False,1.0,1016400.0,-1.0,3388.0
IF2406,20240104,093039200,206957400.0,204,3382.2,62698,3728.0,3050.4,1704331839312618,3381.4,3381.2,3380.6,3380.4,3380.2,3382.6,3382.8,3383.8,3384.0,3384.6,3,1,3,4,2,2,1,1,10,6,34239200,IF,202406,200,AM,False,True,False,2024-01-04 09:30:39.200,2024-01-04 01:30:39.312618+00:00,0,True,5,5,False,False,True,PASS,False,0.0,0.0,0.0,
IF2401,20240104,093039700,1033155540.0,1020,3375.2,98551,3719.6,3043.6,1704331839714518,3375.2,3375.0,3374.6,3374.4,3374.0,3375.6,3375.8,3376.2,3376.4,3376.6,1,2,2,8,6,5,4,26,1,1,34239700,IF,202401,200,AM,False,True,False,2024-01-04 09:30:39.700,2024-01-04 01:30:39.714518+00:00,0,True,5,5,False,False,True,PASS,False,2.0,2025180.0,-2.0,3375.3
IF2402,20240104,093039700,49737720.0,49,3381.4,6528,3727.0,3049.4,1704331839714526,3380.2,3380.0,3379.8,3379.6,3379.2,3381.4,3382.8,3383.0,3383.2,3383.4,1,2,1,1,1,1,2,3,2,3,34239700,IF,202402,200,AM,False,True,False,2024-01-04 09:30:39.700,2024-01-04 01:30:39.714526+00:00,0,True,5,5,False,False,True,PASS,False,1.0,1014420.0,1.0,3381.4
IF2403,20240104,093039700,351789300.0,346,3388.6,101018,3734.4,3055.6,1704331839714534,3388.0,3387.8,3387.6,3387.4,3387.2,3388.8,3389.2,3389.6,3390.0,3390.4,2,3,2,1,5,1,1,4,1,1,34239700,IF,202403,200,AM,False,True,False,2024-01-04 09:30:39.700,2024-01-04 01:30:39.714534+00:00,0,True,5,5,False,False,True,PASS,False,1.0,1016580.0,-1.0,3388.6
IF2406,20240104,093039700,212031180.0,209,3382.2,62693,3728.0,3050.4,1704331839714542,3381.6,3381.4,3381.2,3380.6,3380.4,3382.8,3383.8,3384.0,3384.6,3385.0,1,3,1,3,4,1,1,10,6,4,34239700,IF,202406,200,AM,False,True,False,2024-01-04 09:30:39.700,2024-01-04 01:30:39.714542+00:00,0,True,5,5,False,False,True,PASS,False,5.0,5073780.0,-5.0,3382.52
IF2401,20240104,093040200,1036193520.0,1023,3375.4,98550,3719.6,3043.6,1704331840214557,3375.4,3375.2,3375.0,3374.6,3374.4,3375.6,3375.8,3376.2,3376.4,3376.6,3,3,3,2,8,3,4,24,1,1,34240200,IF,202401,200,AM,False,True,False,2024-01-04 09:30:40.200,2024-01-04 01:30:40.214557+00:00,0,True,5,5,False,False,True,PASS,False,3.0,3037980.0,-1.0,3375.5333333333333
IF2402,20240104,093040200,51766560.0,51,3381.4,6527,3727.0,3049.4,1704331840214565,3380.8,3380.6,3380.4,3380.2,3379.8,3383.0,3383.2,3383.4,3383.6,3386.4,1,1,3,1,1,3,1,2,1,1,34240200,IF,202402,200,AM,False,True,False,2024-01-04 09:30:40.200,2024-01-04 01:30:40.214565+00:00,0,True,5,5,False,False,True,PASS,False,2.0,2028840.0,-1.0,3381.4
IF2403,20240104,093040200,353822460.0,348,3388.4,101016,3734.4,3055.6,1704331840214574,3388.0,3387.8,3387.6,3387.2,3387.0,3389.2,3389.6,3390.0,3390.4,3391.2,3,7,3,6,1,1,4,1,1,3,34240200,IF,202403,200,AM,False,True,False,2024-01-04 09:30:40.200,2024-01-04 01:30:40.214574+00:00,0,True,5,5,False,False,True,PASS,False,2.0,2033160.0,-2.0,3388.6
IF2406,20240104,093040200,212031180.0,209,3382.2,62693,3728.0,3050.4,1704331840214582,3382.0,3381.8,3381.6,3381.4,3381.2,3383.8,3384.0,3384.6,3385.0,3386.0,1,1,1,2,1,1,10,6,4,8,34240200,IF,202406,200,AM,False,True,False,2024-01-04 09:30:40.200,2024-01-04 01:30:40.214582+00:00,0,True,5,5,False,False,True,PASS,False,0.0,0.0,0.0,
IF2401,20240104,093040700,1051383600.0,1038,3375.4,98540,3719.6,3043.6,1704331840715728,3375.4,3375.2,3375.0,3374.6,3374.4,3376.2,3376.4,3376.6,3376.8,3377.0,1,1,4,2,8,24,1,1,24,1,34240700,IF,202401,200,AM,False,True,False,2024-01-04 09:30:40.700,2024-01-04 01:30:40.715728+00:00,0,True,5,5,False,False,True,PASS,False,15.0,15190080.0,-10.0,3375.5733333333333
IF2402,20240104,093040700,51766560.0,51,3381.4,6527,3727.0,3049.4,1704331840715736,3381.0,3380.8,3380.6,3380.4,3380.2,3382.8,3383.0,3383.2,3383.4,3383.6,4,1,1,1,1,1,3,1,2,1,34240700,IF,202402,200,AM,False,True,False,2024-01-04 09:30:40.700,2024-01-04 01:30:40.715736+00:00,0,True,5,5,False,False,True,PASS,False,0.0,0.0,0.0,
IF2403,20240104,093040700,355855380.0,350,3388.2,101015,3734.4,3055.6,1704331840715744,3388.8,3388.0,3387.8,3387.6,3387.2,3389.0,3389.2,3389.6,3390.0,3390.4,2,3,6,3,6,1,1,4,1,1,34240700,IF,202403,200,AM,False,True,False,2024-01-04 09:30:40.700,2024-01-04 01:30:40.715744+00:00,0,True,5,5,False,False,True,PASS,False,2.0,2032920.0,-1.0,3388.2
IF2406,20240104,093040700,212031180.0,209,3382.2,62693,3728.0,3050.4,1704331840715751,3382.2,3382.0,3381.8,3381.6,3381.4,3383.4,3383.6,3383.8,3384.0,3384.6,2,1,1,1,2,2,3,1,10,6,34240700,IF,202406,200,AM,False,True,False,2024-01-04 09:30:40.700,2024-01-04 01:30:40.715751+00:00,0,True,5,5,False,False,True,PASS,False,0.0,0.0,0.0,
IF2401,20240104,093041200,1054421580.0,1041,3375.2,98539,3719.6,3043.6,1704331841216728,3375.0,3374.6,3374.4,3374.0,3373.6,3375.8,3376.0,3376.2,3376.4,3376.6,5,2,8,7,6,1,2,26,1,1,34241200,IF,202401,200,AM,False,True,False,2024-01-04 09:30:41.200,2024-01-04 01:30:41.216728+00:00,0,True,5,5,False,False,True,PASS,False,3.0,3037980.0,-1.0,3375.5333333333333
IF2402,20240104,093041200,51766560.0,51,3381.4,6527,3727.0,3049.4,1704331841216736,3381.0,3380.8,3380.6,3380.4,3380.2,3383.2,3383.4,3383.6,3386.4,3387.4,4,1,1,1,1,1,2,1,1,2,34241200,IF,202402,200,AM,False,True,False,2024-01-04 09:30:41.200,2024-01-04 01:30:41.216736+00:00,0,True,5,5,False,False,True,PASS,False,0.0,0.0,0.0,
IF2403,20240104,093041200,358905300.0,353,3388.8,101013,3734.4,3055.6,1704331841216744,3388.2,3388.0,3387.8,3387.6,3387.2,3389.0,3389.2,3389.6,3390.0,3390.4,1,2,4,3,5,1,1,4,1,1,34241200,IF,202403,200,AM,False,True,False,2024-01-04 09:30:41.200,2024-01-04 01:30:41.216744+00:00,0,True,5,5,False,False,True,PASS,False,3.0,3049920.0,-2.0,3388.8
IF2406,20240104,093041200,212031180.0,209,3382.2,62693,3728.0,3050.4,1704331841216751,3382.0,3381.8,3381.6,3381.4,3381.2,3383.4,3383.6,3383.8,3384.0,3384.6,1,1,1,2,1,2,3,1,10,6,34241200,IF,202406,200,AM,False,True,False,2024-01-04 09:30:41.200,2024-01-04 01:30:41.216751+00:00,0,True,5,5,False,False,True,PASS,False,0.0,0.0,0.0,
IF2401,20240104,093041700,1056446820.0,1043,3375.4,98537,3719.6,3043.6,1704331841716370,3375.2,3375.0,3374.6,3374.4,3374.0,3375.4,3375.8,3376.0,3376.2,3376.4,3,6,2,9,2,1,2,2,26,1,34241700,IF,202401,200,AM,False,True,False,2024-01-04 09:30:41.700,2024-01-04 01:30:41.716370+00:00,0,True,5,5,False,False,True,PASS,False,2.0,2025240.0,-2.0,3375.4
IF2402,20240104,093041700,51766560.0,51,3381.4,6527,3727.0,3049.4,1704331841716378,3381.0,3380.8,3380.6,3380.4,3380.2,3383.0,3383.2,3383.4,3383.6,3386.4,4,1,1,1,1,1,1,1,1,1,34241700,IF,202402,200,AM,False,True,False,2024-01-04 09:30:41.700,2024-01-04 01:30:41.716378+00:00,0,True,5,5,False,False,True,PASS,False,0.0,0.0,0.0,
IF2403,20240104,093041700,359921940.0,354,3388.8,101013,3734.4,3055.6,1704331841716386,3388.4,3388.2,3388.0,3387.8,3387.6,3388.6,3389.0,3389.2,3389.6,3390.0,1,1,1,2,3,1,1,1,4,1,34241700,IF,202403,200,AM,False,True,False,2024-01-04 09:30:41.700,2024-01-04 01:30:41.716386+00:00,0,True,5,5,False,False,True,PASS,False,1.0,1016640.0,0.0,3388.8
IF2406,20240104,093041700,212031180.0,209,3382.2,62693,3728.0,3050.4,1704331841716394,3381.8,3381.6,3381.4,3381.2,3380.6,3383.2,3383.4,3383.6,3383.8,3384.0,1,1,2,1,1,1,2,2,1,10,34241700,IF,202406,200,AM,False,True,False,2024-01-04 09:30:41.700,2024-01-04 01:30:41.716394+00:00,0,True,5,5,False,False,True,PASS,False,0.0,0.0,0.0,
IF2401,20240104,093042200,1059484680.0,1046,3375.4,98535,3719.6,3043.6,1704331842216365,3375.2,3375.0,3374.6,3374.4,3374.0,3375.8,3376.0,3376.2,3376.4,3376.6,5,6,1,9,2,1,1,24,1,1,34242200,IF,202401,200,AM,False,True,False,2024-01-04 09:30:42.200,2024-01-04 01:30:42.216365+00:00,0,True,5,5,False,False,True,PASS,False,3.0,3037860.0,-2.0,3375.4
IF2402,20240104,093042200,51766560.0,51,3381.4,6527,3727.0,3049.4,1704331842216373,3381.2,3381.0,3380.8,3380.6,3380.4,3382.6,3383.0,3383.2,3383.4,3383.6,1,3,1,1,1,1,2,1,1,1,34242200,IF,202402,200,AM,False,True,False,2024-01-04 09:30:42.200,2024-01-04 01:30:42.216373+00:00,0,True,5,5,False,False,True,PASS,False,0.0,0.0,0.0,
IF2403,20240104,093042200,362971740.0,357,3388.8,101011,3734.4,3055.6,1704331842216381,3388.4,3388.2,3388.0,3387.8,3387.6,3389.0,3389.2,3389.6,3390.0,3390.4,1,1,1,2,3,1,1,4,1,1,34242200,IF,202403,200,AM,False,True,False,2024-01-04 09:30:42.200,2024-01-04 01:30:42.216381+00:00,0,True,5,5,False,False,True,PASS,False,3.0,3049800.0,-2.0,3388.6666666666665
IF2406,20240104,093042200,214060440.0,211,3382.0,62692,3728.0,3050.4,1704331842216389,3381.8,3381.6,3381.4,3381.2,3380.6,3382.8,3383.0,3383.2,3383.4,3383.6,1,1,2,1,1,1,3,3,2,2,34242200,IF,202406,200,AM,False,True,False,2024-01-04 09:30:42.200,2024-01-04 01:30:42.216389+00:00,0,True,5,5,False,False,True,PASS,False,2.0,2029260.0,-1.0,3382.1
IF2401,20240104,093042700,1062522540.0,1049,3375.4,98532,3719.6,3043.6,1704331842715203,3375.2,3375.0,3374.4,3374.0,3373.6,3375.4,3375.8,3376.0,3376.2,3376.4,3,6,9,2,7,1,11,2,24,1,34242700,IF,202401,200,AM,False,True,False,2024-01-04 09:30:42.700,2024-01-04 01:30:42.715203+00:00,0,True,5,5,False,False,True,PASS,False,3.0,3037860.0,-3.0,3375.4
IF2402,20240104,093042700,51766560.0,51,3381.4,6527,3727.0,3049.4,1704331842715211,3381.2,3381.0,3380.8,3380.6,3380.4,3383.0,3383.2,3383.4,3383.6,3384.2,1,3,1,1,1,2,1,1,1,1,34242700,IF,202402,200,AM,False,True,False,2024-01-04 09:30:42.700,2024-01-04 01:30:42.715211+00:00,0,True,5,5,False,False,True,PASS,False,0.0,0.0,0.0,
IF2403,20240104,093042700,363988440.0,358,3389.0,101010,3734.4,3055.6,1704331842715219,3389.0,3388.4,3388.2,3388.0,3387.8,3389.2,3389.6,3390.0,3390.4,3391.2,1,1,1,1,1,1,4,1,1,3,34242700,IF,202403,200,AM,False,True,False,2024-01-04 09:30:42.700,2024-01-04 01:30:42.715219+00:00,0,True,5,5,False,False,True,PASS,False,1.0,1016700.0,-1.0,3389.0
IF2406,20240104,093042700,214060440.0,211,3382.0,62692,3728.0,3050.4,1704331842715227,3381.8,3381.6,3381.4,3381.2,3380.6,3382.8,3383.0,3383.2,3383.4,3383.6,1,1,2,1,1,1,2,3,2,2,34242700,IF,202406,200,AM,False,True,False,2024-01-04 09:30:42.700,2024-01-04 01:30:42.715227+00:00,0,True,5,5,False,False,True,PASS,False,0.0,0.0,0.0,
IF2401,20240104,093043200,1065560340.0,1052,3375.4,98530,3719.6,3043.6,1704331843216534,3375.2,3375.0,3374.4,3374.0,3373.6,3375.8,3376.0,3376.2,3376.4,3376.6,2,6,9,2,7,11,2,24,1,1,34243200,IF,202401,200,AM,False,True,False,2024-01-04 09:30:43.200,2024-01-04 01:30:43.216534+00:00,0,True,5,5,False,False,True,PASS,False,3.0,3037800.0,-2.0,3375.3333333333335
IF2402,20240104,093043200,51766560.0,51,3381.4,6527,3727.0,3049.4,1704331843216542,3381.2,3381.0,3380.8,3380.6,3380.4,3382.6,3382.8,3383.0,3383.2,3383.4,1,2,1,2,1,1,2,1,1,1,34243200,IF,202402,200,AM,False,True,False,2024-01-04 09:30:43.200,2024-01-04 01:30:43.216542+00:00,0,True,5,5,False,False,True,PASS,False,0.0,0.0,0.0,
IF2403,20240104,093043200,365005140.0,359,3389.0,101010,3734.4,3055.6,1704331843216550,3388.4,3388.2,3388.0,3387.6,3387.4,3388.8,3389.0,3389.6,3390.0,3390.4,1,1,1,3,1,1,2,4,1,1,34243200,IF,202403,200,AM,False,True,False,2024-01-04 09:30:43.200,2024-01-04 01:30:43.216550+00:00,0,True,5,5,False,False,True,PASS,False,1.0,1016700.0,0.0,3389.0
IF2406,20240104,093043200,214060440.0,211,3382.0,62692,3728.0,3050.4,1704331843216557,3381.8,3381.6,3381.4,3381.2,3380.6,3382.8,3383.0,3383.2,3383.4,3383.6,1,1,2,1,1,1,1,3,2,2,34243200,IF,202406,200,AM,False,True,False,2024-01-04 09:30:43.200,2024-01-04 01:30:43.216557+00:00,0,True,5,5,False,False,True,PASS,False,0.0,0.0,0.0,
IF2401,20240104,093043700,1073661300.0,1060,3375.0,98527,3719.6,3043.6,1704331843715586,3375.0,3374.6,3374.4,3374.0,3373.6,3375.8,3376.0,3376.2,3376.4,3376.6,4,2,9,2,7,9,2,25,1,1,34243700,IF,202401,200,AM,False,True,False,2024-01-04 09:30:43.700,2024-01-04 01:30:43.715586+00:00,0,True,5,5,False,False,True,PASS,False,8.0,8100960.0,-3.0,3375.4
IF2402,20240104,093043700,51766560.0,51,3381.4,6527,3727.0,3049.4,1704331843715594,3381.2,3381.0,3380.8,3380.6,3380.4,3382.8,3383.0,3383.2,3383.4,3383.6,1,2,1,2,1,2,1,1,1,1,34243700,IF,202402,200,AM,False,True,False,2024-01-04 09:30:43.700,2024-01-04 01:30:43.715594+00:00,0,True,5,5,False,False,True,PASS,False,0.0,0.0,0.0,
IF2403,20240104,093043700,371104500.0,365,3388.8,101013,3734.4,3055.6,1704331843715602,3388.0,3387.6,3387.4,3387.2,3387.0,3389.6,3390.0,3390.4,3391.2,3392.4,1,3,1,4,1,4,1,1,3,1,34243700,IF,202403,200,AM,False,True,False,2024-01-04 09:30:43.700,2024-01-04 01:30:43.715602+00:00,0,True,5,5,False,False,True,PASS,False,6.0,6099360.0,3.0,3388.5333333333333
IF2401,20240104,093044200,1075686360.0,1062,3375.2,98526,3719.6,3043.6,1704331844217615,3375.0,3374.6,3374.4,3374.0,3373.6,3375.8,3376.0,3376.2,3376.4,3376.6,4,2,9,2,7,10,2,25,1,1,34244200,IF,202401,200,AM,False,True,False,2024-01-04 09:30:44.200,2024-01-04 01:30:44.217615+00:00,0,True,5,5,False,False,True,PASS,False,2.0,2025060.0,-1.0,3375.1
IF2402,20240104,093044200,51766560.0,51,3381.4,6527,3727.0,3049.4,1704331844217623,3381.2,3381.0,3380.8,3380.6,3380.4,3382.8,3383.0,3383.2,3383.4,3383.6,1,2,1,2,1,1,1,1,1,1,34244200,IF,202402,200,AM,False,True,False,2024-01-04 09:30:44.200,2024-01-04 01:30:44.217623+00:00,0,True,5,5,False,False,True,PASS,False,0.0,0.0,0.0,
IF2403,20240104,093044200,371104500.0,365,3388.8,101013,3734.4,3055.6,1704331844217631,3388.2,3388.0,3387.8,3387.6,3387.4,3389.4,3389.6,3390.0,3390.4,3391.2,1,1,1,3,1,2,7,1,1,3,34244200,IF,202403,200,AM,False,True,False,2024-01-04 09:30:44.200,2024-01-04 01:30:44.217631+00:00,0,True,5,5,False,False,True,PASS,False,0.0,0.0,0.0,
IF2401,20240104,093044700,1078723920.0,1065,3375.0,98523,3719.6,3043.6,1704331844716344,3375.0,3374.6,3374.4,3374.0,3373.6,3375.6,3375.8,3376.0,3376.2,3376.4,2,2,9,2,7,1,10,2,25,1,34244700,IF,202401,200,AM,False,True,False,2024-01-04 09:30:44.700,2024-01-04 01:30:44.716344+00:00,0,True,5,5,False,False,True,PASS,False,3.0,3037560.0,-3.0,3375.0666666666666
IF2402,20240104,093044700,51766560.0,51,3381.4,6527,3727.0,3049.4,1704331844716352,3381.2,3381.0,3380.8,3380.6,3380.4,3382.8,3383.0,3383.2,3383.4,3383.6,1,1,1,2,1,1,1,1,1,1,34244700,IF,202402,200,AM,False,True,False,2024-01-04 09:30:44.700,2024-01-04 01:30:44.716352+00:00,0,True,5,5,False,False,True,PASS,False,0.0,0.0,0.0,
IF2403,20240104,093044700,372121260.0,366,3389.2,101012,3734.4,3055.6,1704331844716360,3388.2,3388.0,3387.8,3387.6,3387.4,3389.2,3389.4,3389.6,3390.0,3390.4,3,1,1,3,1,1,3,7,1,1,34244700,IF,202403,200,AM,False,True,False,2024-01-04 09:30:44.700,2024-01-04 01:30:44.716360+00:00,0,True,5,5,False,False,True,PASS,False,1.0,1016760.0,-1.0,3389.2
IF2406,20240104,093044700,214060440.0,211,3382.0,62692,3728.0,3050.4,1704331844716368,3381.6,3381.4,3381.2,3380.6,3380.4,3382.8,3383.2,3383.4,3383.6,3383.8,1,2,1,1,4,1,3,2,1,1,34244700,IF,202406,200,AM,False,True,False,2024-01-04 09:30:44.700,2024-01-04 01:30:44.716368+00:00,0,True,5,5,False,False,True,PASS,False,0.0,0.0,0.0,
IF2401,20240104,093045200,1084800240.0,1071,3375.6,98517,3719.6,3043.6,1704331845217542,3375.2,3375.0,3374.6,3374.4,3374.0,3375.8,3376.0,3376.2,3376.4,3376.6,4,3,2,9,2,5,2,25,1,1,34245200,IF,202401,200,AM,False,True,False,2024-01-04 09:30:45.200,2024-01-04 01:30:45.217542+00:00,0,True,5,5,False,False,True,PASS,False,6.0,6076320.0,-6.0,3375.733333333333
IF2402,20240104,093045200,51766560.0,51,3381.4,6527,3727.0,3049.4,1704331845217550,3381.2,3381.0,3380.8,3380.6,3380.4,3382.6,3382.8,3383.0,3383.2,3383.4,1,1,1,2,1,1,1,1,1,1,34245200,IF,202402,200,AM,False,True,False,2024-01-04 09:30:45.200,2024-01-04 01:30:45.217550+00:00,0,True,5,5,False,False,True,PASS,False,0.0,0.0,0.0,
IF2403,20240104,093045200,373138020.0,367,3389.2,101011,3734.4,3055.6,1704331845217558,3388.6,3388.2,3388.0,3387.8,3387.6,3389.4,3389.6,3390.0,3390.4,3391.2,1,3,1,1,3,3,6,1,1,3,34245200,IF,202403,200,AM,False,True,False,2024-01-04 09:30:45.200,2024-01-04 01:30:45.217558+00:00,0,True,5,5,False,False,True,PASS,False,1.0,1016760.0,-1.0,3389.2
IF2406,20240104,093045200,214060440.0,211,3382.0,62692,3728.0,3050.4,1704331845217566,3381.6,3381.4,3381.2,3380.6,3380.4,3382.6,3382.8,3383.2,3383.4,3383.6,1,2,2,1,4,1,1,3,2,1,34245200,IF,202406,200,AM,False,True,False,2024-01-04 09:30:45.200,2024-01-04 01:30:45.217566+00:00,0,True,5,5,False,False,True,PASS,False,0.0,0.0,0.0,
IF2401,20240104,093045700,1086825720.0,1073,3375.8,98516,3719.6,3043.6,1704331845716198,3375.4,3375.2,3375.0,3374.6,3374.4,3375.8,3376.0,3376.2,3376.4,3376.6,4,2,3,2,9,4,2,25,1,1,34245700,IF,202401,200,AM,False,True,False,2024-01-04 09:30:45.700,2024-01-04 01:30:45.716198+00:00,0,True,5,5,False,False,True,PASS,False,2.0,2025480.0,-1.0,3375.8
IF2402,20240104,093045700,51766560.0,51,3381.4,6527,3727.0,3049.4,1704331845716206,3381.2,3381.0,3380.8,3380.6,3380.4,3382.8,3383.0,3383.2,3383.4,3383.6,1,1,1,2,1,1,1,1,1,1,34245700,IF,202402,200,AM,False,True,False,2024-01-04 09:30:45.700,2024-01-04 01:30:45.716206+00:00,0,True,5,5,False,False,True,PASS,False,0.0,0.0,0.0,
IF2403,20240104,093045700,373138020.0,367,3389.2,101011,3734.4,3055.6,1704331845716214,3388.8,3388.6,3388.4,3388.2,3388.0,3389.0,3389.6,3390.0,3390.4,3391.2,1,1,3,3,1,1,4,1,1,2,34245700,IF,202403,200,AM,False,True,False,2024-01-04 09:30:45.700,2024-01-04 01:30:45.716214+00:00,0,True,5,5,False,False,True,PASS,False,0.0,0.0,0.0,
IF2406,20240104,093045700,214060440.0,211,3382.0,62692,3728.0,3050.4,1704331845716222,3381.6,3381.4,3381.2,3380.6,3380.4,3382.8,3383.2,3383.6,3383.8,3384.0,1,2,2,1,4,1,3,1,1,10,34245700,IF,202406,200,AM,False,True,False,2024-01-04 09:30:45.700,2024-01-04 01:30:45.716222+00:00,0,True,5,5,False,False,True,PASS,False,0.0,0.0,0.0,
IF2401,20240104,093046200,1096953420.0,1083,3375.4,98511,3719.6,3043.6,1704331846217249,3375.8,3375.4,3375.2,3375.0,3374.6,3376.2,3376.4,3376.6,3376.8,3377.0,1,3,1,3,2,22,1,1,24,1,34246200,IF,202401,200,AM,False,True,False,2024-01-04 09:30:46.200,2024-01-04 01:30:46.217249+00:00,0,True,5,5,False,False,True,PASS,False,10.0,10127700.0,-5.0,3375.9
IF2403,20240104,093046200,374154720.0,368,3389.0,101010,3734.4,3055.6,1704331846217257,3389.2,3388.8,3388.6,3388.4,3388.2,3389.6,3389.8,3390.0,3390.4,3391.2,1,2,1,2,3,4,1,1,1,2,34246200,IF,202403,200,AM,False,True,False,2024-01-04 09:30:46.200,2024-01-04 01:30:46.217257+00:00,0,True,5,5,False,False,True,PASS,False,1.0,1016700.0,-1.0,3389.0
IF2406,20240104,093046200,214060440.0,211,3382.0,62692,3728.0,3050.4,1704331846217265,3381.8,3381.6,3381.4,3381.2,3380.6,3383.2,3383.6,3383.8,3384.0,3385.0,1,1,2,2,1,1,1,1,10,4,34246200,IF,202406,200,AM,False,True,False,2024-01-04 09:30:46.200,2024-01-04 01:30:46.217265+00:00,0,True,5,5,False,False,True,PASS,False,0.0,0.0,0.0,
IF2401,20240104,093046700,1099991640.0,1086,3375.8,98509,3719.6,3043.6,1704331846716016,3376.0,3375.8,3375.4,3375.2,3375.0,3376.2,3376.4,3376.6,3376.8,3377.0,2,5,1,1,3,22,1,1,24,1,34246700,IF,202401,200,AM,False,True,False,2024-01-04 09:30:46.700,2024-01-04 01:30:46.716016+00:00,0,True,5,5,False,False,True,PASS,False,3.0,3038220.0,-2.0,3375.8
IF2402,20240104,093046700,51766560.0,51,3381.4,6527,3727.0,3049.4,1704331846716024,3381.4,3381.0,3380.8,3380.6,3380.4,3383.2,3383.4,3383.6,3386.4,3390.0,3,1,1,2,1,1,1,1,1,3,34246700,IF,202402,200,AM,False,True,False,2024-01-04 09:30:46.700,2024-01-04 01:30:46.716024+00:00,0,True,5,5,False,False,True,PASS,False,0.0,0.0,0.0,
IF2403,20240104,093046700,374154720.0,368,3389.0,101010,3734.4,3055.6,1704331846716032,3389.2,3389.0,3388.8,3388.6,3388.4,3389.4,3389.6,3389.8,3390.0,3390.4,1,7,3,1,2,1,4,1,1,1,34246700,IF,202403,200,AM,False,True,False,2024-01-04 09:30:46.700,2024-01-04 01:30:46.716032+00:00,0,True,5,5,False,False,True,PASS,False,0.0,0.0,0.0,
IF2406,20240104,093046700,214060440.0,211,3382.0,62692,3728.0,3050.4,1704331846716040,3381.8,3381.6,3381.4,3381.2,3380.6,3383.0,3383.2,3383.6,3383.8,3384.0,1,1,2,2,1,1,1,1,1,10,34246700,IF,202406,200,AM,False,True,False,2024-01-04 09:30:46.700,2024-01-04 01:30:46.716040+00:00,0,True,5,5,False,False,True,PASS,False,0.0,0.0,0.0,
IF2401,20240104,093047200,1107081480.0,1093,3376.0,98507,3719.6,3043.6,1704331847220271,3375.8,3375.4,3375.2,3375.0,3374.8,3376.2,3376.4,3376.6,3376.8,3377.0,7,2,1,4,1,18,1,1,24,1,34247200,IF,202401,200,AM,False,True,False,2024-01-04 09:30:47.200,2024-01-04 01:30:47.220271+00:00,0,True,5,5,False,False,True,PASS,False,7.0,7089840.0,-2.0,3376.114285714286
IF2402,20240104,093047200,53795400.0,53,3381.4,6525,3727.0,3049.4,1704331847220280,3381.4,3380.8,3380.6,3380.4,3379.8,3383.2,3383.4,3383.6,3386.4,3390.0,2,1,2,1,1,1,1,1,1,3,34247200,IF,202402,200,AM,False,True,False,2024-01-04 09:30:47.200,2024-01-04 01:30:47.220280+00:00,0,True,5,5,False,False,True,PASS,False,2.0,2028840.0,-2.0,3381.4
IF2403,20240104,093047200,377204820.0,371,3389.0,101011,3734.4,3055.6,1704331847220288,3389.4,3389.0,3388.8,3388.6,3388.4,3389.6,3389.8,3390.0,3390.4,3391.2,1,2,3,1,2,4,1,1,1,2,34247200,IF,202403,200,AM,False,True,False,2024-01-04 09:30:47.200,2024-01-04 01:30:47.220288+00:00,0,True,5,5,False,False,True,PASS,False,3.0,3050100.0,1.0,3389.0
IF2406,20240104,093047200,214060440.0,211,3382.0,62692,3728.0,3050.4,1704331847220296,3381.8,3381.6,3381.4,3381.2,3380.6,3383.2,3383.6,3383.8,3384.0,3385.0,1,1,2,2,1,1,1,1,10,4,34247200,IF,202406,200,AM,False,True,False,2024-01-04 09:30:47.200,2024-01-04 01:30:47.220296+00:00,0,True,5,5,False,False,True,PASS,False,0.0,0.0,0.0,
IF2401,20240104,093047700,1113158520.0,1099,3376.0,98507,3719.6,3043.6,1704331847718151,3375.8,3375.6,3375.4,3375.2,3375.0,3376.2,3376.4,3376.6,3376.8,3377.0,4,1,2,1,4,14,1,1,24,1,34247700,IF,202401,200,AM,False,True,False,2024-01-04 09:30:47.700,2024-01-04 01:30:47.718151+00:00,0,True,5,5,False,False,True,PASS,False,6.0,6077040.0,0.0,3376.133333333333
IF2402,20240104,093047700,53795400.0,53,3381.4,6525,3727.0,3049.4,1704331847718159,3381.6,3381.4,3380.8,3380.6,3380.4,3383.2,3383.4,3383.6,3386.4,3390.0,2,2,1,2,1,1,1,1,1,3,34247700,IF,202402,200,AM,False,True,False,2024-01-04 09:30:47.700,2024-01-04 01:30:47.718159+00:00,0,True,5,5,False,False,True,PASS,False,0.0,0.0,0.0,
IF2403,20240104,093047700,383306100.0,377,3389.8,101005,3734.4,3055.6,1704331847718167,3389.2,3389.0,3388.8,3388.6,3388.4,3390.0,3390.4,3391.2,3392.4,3393.4,5,2,3,1,1,2,1,2,1,14,34247700,IF,202403,200,AM,False,True,False,2024-01-04 09:30:47.700,2024-01-04 01:30:47.718167+00:00,0,True,5,5,False,False,True,PASS,False,6.0,6101280.0,-6.0,3389.6
IF2401,20240104,093048200,1119235680.0,1105,3376.2,98506,3719.6,3043.6,1704331848218380,3376.0,3375.8,3375.6,3375.4,3375.2,3376.2,3376.4,3376.6,3376.8,3377.0,1,4,1,2,1,8,2,1,24,1,34248200,IF,202401,200,AM,False,True,False,2024-01-04 09:30:48.200,2024-01-04 01:30:48.218380+00:00,0,True,5,5,False,False,True,PASS,False,6.0,6077160.0,-1.0,3376.2
IF2402,20240104,093048200,53795400.0,53,3381.4,6525,3727.0,3049.4,1704331848218388,3381.6,3381.4,3380.8,3380.6,3380.4,3383.4,3383.6,3386.4,3387.8,3390.0,2,2,1,2,1,1,1,1,4,3,34248200,IF,202402,200,AM,False,True,False,2024-01-04 09:30:48.200,2024-01-04 01:30:48.218388+00:00,0,True,5,5,False,False,True,PASS,False,0.0,0.0,0.0,
IF2403,20240104,093048200,383306100.0,377,3389.8,101005,3734.4,3055.6,1704331848218396,3389.2,3389.0,3388.8,3388.6,3388.2,3390.0,3390.4,3391.2,3392.4,3393.4,6,2,3,1,2,2,1,2,1,14,34248200,IF,202403,200,AM,False,True,False,2024-01-04 09:30:48.200,2024-01-04 01:30:48.218396+00:00,0,True,5,5,False,False,True,PASS,False,0.0,0.0,0.0,
IF2406,20240104,093048200,214060440.0,211,3382.0,62692,3728.0,3050.4,1704331848218404,3382.2,3381.8,3381.6,3381.4,3381.2,3383.2,3383.6,3383.8,3384.0,3385.0,2,1,1,2,2,1,1,1,10,4,34248200,IF,202406,200,AM,False,True,False,2024-01-04 09:30:48.200,2024-01-04 01:30:48.218404+00:00,0,True,5,5,False,False,True,PASS,False,0.0,0.0,0.0,
IF2401,20240104,093048700,1129364280.0,1115,3376.2,98503,3719.6,3043.6,1704331848716752,3376.0,3375.8,3375.6,3375.4,3375.2,3376.4,3376.6,3376.8,3377.0,3377.2,1,8,3,2,1,2,1,24,1,7,34248700,IF,202401,200,AM,False,True,False,2024-01-04 09:30:48.700,2024-01-04 01:30:48.716752+00:00,0,True,5,5,False,False,True,PASS,False,10.0,10128600.0,-3.0,3376.2
IF2402,20240104,093048700,53795400.0,53,3381.4,6525,3727.0,3049.4,1704331848716760,3381.8,3381.6,3381.4,3380.8,3380.6,3383.4,3383.6,3386.4,3387.8,3390.0,2,1,1,1,2,1,1,1,4,3,34248700,IF,202402,200,AM,False,True,False,2024-01-04 09:30:48.700,2024-01-04 01:30:48.716760+00:00,0,True,5,5,False,False,True,PASS,False,0.0,0.0,0.0,
IF2403,20240104,093048700,384323100.0,378,3390.0,101004,3734.4,3055.6,1704331848716768,3389.4,3389.2,3389.0,3388.8,3388.6,3390.0,3390.4,3391.2,3392.4,3393.4,3,7,2,2,1,2,1,2,1,14,34248700,IF,202403,200,AM,False,True,False,2024-01-04 09:30:48.700,2024-01-04 01:30:48.716768+00:00,0,True,5,5,False,False,True,PASS,False,1.0,1017000.0,-1.0,3390.0
IF2406,20240104,093048700,214060440.0,211,3382.0,62692,3728.0,3050.4,1704331848716776,3382.4,3382.2,3381.6,3381.4,3381.2,3383.6,3383.8,3384.0,3385.0,3385.4,1,2,1,2,2,1,1,10,4,1,34248700,IF,202406,200,AM,False,True,False,2024-01-04 09:30:48.700,2024-01-04 01:30:48.716776+00:00,0,True,5,5,False,False,True,PASS,False,0.0,0.0,0.0,
IF2401,20240104,093049200,1137468060.0,1123,3376.8,98499,3719.6,3043.6,1704331849219558,3376.2,3376.0,3375.8,3375.6,3375.4,3376.8,3377.0,3377.2,3377.4,3377.6,3,13,8,3,2,21,1,7,1,1,34249200,IF,202401,200,AM,False,True,False,2024-01-04 09:30:49.200,2024-01-04 01:30:49.219558+00:00,0,True,5,5,False,False,True,PASS,False,8.0,8103780.0,-4.0,3376.575
IF2402,20240104,093049200,53795400.0,53,3381.4,6525,3727.0,3049.4,1704331849219566,3381.8,3381.6,3381.4,3380.8,3380.6,3383.6,3386.4,3387.8,3390.0,3396.0,2,1,1,1,2,1,1,4,3,1,34249200,IF,202402,200,AM,False,True,False,2024-01-04 09:30:49.200,2024-01-04 01:30:49.219566+00:00,0,True,5,5,False,False,True,PASS,False,0.0,0.0,0.0,
IF2403,20240104,093049200,386357100.0,380,3390.0,101002,3734.4,3055.6,1704331849219574,3389.6,3389.4,3389.2,3389.0,3388.8,3390.0,3391.2,3392.4,3393.4,3393.6,1,3,7,2,2,1,2,1,14,1,34249200,IF,202403,200,AM,False,True,False,2024-01-04 09:30:49.200,2024-01-04 01:30:49.219574+00:00,0,True,5,5,False,False,True,PASS,False,2.0,2034000.0,-2.0,3390.0
IF2406,20240104,093049200,214060440.0,211,3382.0,62692,3728.0,3050.4,1704331849219581,3382.4,3382.2,3381.6,3381.4,3381.2,3383.6,3383.8,3384.0,3385.0,3385.4,1,2,1,2,2,2,1,10,4,1,34249200,IF,202406,200,AM,False,True,False,2024-01-04 09:30:49.200,2024-01-04 01:30:49.219581+00:00,0,True,5,5,False,False,True,PASS,False,0.0,0.0,0.0,
IF2401,20240104,093049700,1148611500.0,1134,3376.8,98500,3719.6,3043.6,1704331849719469,3376.6,3376.2,3376.0,3375.8,3375.6,3376.8,3377.0,3377.2,3377.4,3377.6,2,3,13,8,3,10,1,7,1,1,34249700,IF,202401,200,AM,False,True,False,2024-01-04 09:30:49.700,2024-01-04 01:30:49.719469+00:00,0,True,5,5,False,False,True,PASS,False,11.0,11143440.0,1.0,3376.8
IF2402,20240104,093049700,54810480.0,54,3383.6,6525,3727.0,3049.4,1704331849719477,3382.2,3382.0,3381.8,3381.6,3381.4,3386.4,3387.8,3390.0,3396.0,3398.8,1,2,1,1,1,1,4,3,1,2,34249700,IF,202402,200,AM,False,True,False,2024-01-04 09:30:49.700,2024-01-04 01:30:49.719477+00:00,0,True,5,5,False,False,True,PASS,False,1.0,1015080.0,0.0,3383.6
IF2403,20240104,093049700,388391100.0,382,3390.0,101002,3734.4,3055.6,1704331849719485,3390.6,3390.2,3389.6,3389.4,3389.2,3391.2,3392.4,3393.4,3393.6,3394.4,1,2,2,4,7,2,1,14,1,2,34249700,IF,202403,200,AM,False,True,False,2024-01-04 09:30:49.700,2024-01-04 01:30:49.719485+00:00,0,True,5,5,False,False,True,PASS,False,2.0,2034000.0,0.0,3390.0
IF2406,20240104,093049700,214060440.0,211,3382.0,62692,3728.0,3050.4,1704331849719493,3382.4,3382.2,3381.6,3381.4,3381.2,3383.8,3384.0,3385.0,3385.4,3386.0,1,2,1,2,2,1,10,4,1,8,34249700,IF,202406,200,AM,False,True,False,2024-01-04 09:30:49.700,2024-01-04 01:30:49.719493+00:00,0,True,5,5,False,False,True,PASS,False,0.0,0.0,0.0,
IF2401,20240104,093050200,1160767980.0,1146,3377.0,98497,3719.6,3043.6,1704331850217514,3376.8,3376.6,3376.4,3376.2,3376.0,3377.2,3377.4,3377.6,3377.8,3378.0,4,1,1,3,13,7,1,1,2,2,34250200,IF,202401,200,AM,False,True,False,2024-01-04 09:30:50.200,2024-01-04 01:30:50.217514+00:00,0,True,5,5,False,False,True,PASS,False,12.0,12156480.0,-3.0,3376.8
IF2402,20240104,093050200,54810480.0,54,3383.6,6525,3727.0,3049.4,1704331850217522,3382.4,3382.2,3382.0,3381.4,3380.8,3383.6,3384.8,3385.0,3385.2,3385.4,1,1,2,1,1,1,2,6,2,2,34250200,IF,202402,200,AM,False,True,False,2024-01-04 09:30:50.200,2024-01-04 01:30:50.217522+00:00,0,True,5,5,False,False,True,PASS,False,0.0,0.0,0.0,
IF2403,20240104,093050200,391442520.0,385,3390.2,100999,3734.4,3055.6,1704331850217532,3390.2,3390.0,3389.6,3389.4,3389.2,3390.6,3391.0,3391.2,3392.4,3393.4,1,2,3,4,7,1,3,1,1,14,34250200,IF,202403,200,AM,False,True,False,2024-01-04 09:30:50.200,2024-01-04 01:30:50.217532+00:00,0,True,5,5,False,False,True,PASS,False,3.0,3051420.0,-3.0,3390.4666666666667
IF2406,20240104,093050200,214060440.0,211,3382.0,62692,3728.0,3050.4,1704331850217540,3382.4,3382.2,3381.6,3381.4,3381.2,3384.0,3385.0,3385.4,3386.0,3388.0,1,2,1,2,2,10,4,1,8,2,34250200,IF,202406,200,AM,False,True,False,2024-01-04 09:30:50.200,2024-01-04 01:30:50.217540+00:00,0,True,5,5,False,False,True,PASS,False,0.0,0.0,0.0,
IF2401,20240104,093050700,1164820500.0,1150,3377.0,98493,3719.6,3043.6,1704331850718666,3377.0,3376.8,3376.6,3376.4,3376.2,3377.2,3377.4,3377.6,3377.8,3378.0,7,6,2,1,3,5,1,1,2,1,34250700,IF,202401,200,AM,False,True,False,2024-01-04 09:30:50.700,2024-01-04 01:30:50.718666+00:00,0,True,5,5,False,False,True,PASS,False,4.0,4052520.0,-4.0,3377.1
IF2402,20240104,093050700,55825560.0,55,3383.6,6524,3727.0,3049.4,1704331850718674,3382.8,3382.6,3382.2,3382.0,3381.4,3384.8,3385.2,3385.4,3386.0,3386.2,1,2,1,1,1,3,1,1,2,1,34250700,IF,202402,200,AM,False,True,False,2024-01-04 09:30:50.700,2024-01-04 01:30:50.718674+00:00,0,True,5,5,False,False,True,PASS,False,1.0,1015080.0,-1.0,3383.6
IF2403,20240104,093050700,394494000.0,388,3391.0,100998,3734.4,3055.6,1704331850718682,3389.6,3389.4,3389.2,3389.0,3388.6,3391.0,3392.4,3393.4,3393.6,3394.4,3,3,7,2,1,1,1,14,1,2,34250700,IF,202403,200,AM,False,True,False,2024-01-04 09:30:50.700,2024-01-04 01:30:50.718682+00:00,0,True,5,5,False,False,True,PASS,False,3.0,3051480.0,-1.0,3390.5333333333333
IF2406,20240104,093050700,214060440.0,211,3382.0,62692,3728.0,3050.4,1704331850718690,3383.6,3382.8,3382.6,3382.4,3382.2,3384.0,3385.0,3385.4,3386.0,3388.0,1,1,1,1,2,10,4,1,8,2,34250700,IF,202406,200,AM,False,True,False,2024-01-04 09:30:50.700,2024-01-04 01:30:50.718690+00:00,0,True,5,5,False,False,True,PASS,False,0.0,0.0,0.0,
IF2401,20240104,093051200,1167859920.0,1153,3377.2,98491,3719.6,3043.6,1704331851216719,3377.0,3376.8,3376.6,3376.4,3376.2,3377.2,3377.4,3377.6,3377.8,3378.0,7,6,2,1,3,3,1,1,2,1,34251200,IF,202401,200,AM,False,True,False,2024-01-04 09:30:51.200,2024-01-04 01:30:51.216719+00:00,0,True,5,5,False,False,True,PASS,False,3.0,3039420.0,-2.0,3377.133333333333
IF2402,20240104,093051200,55825560.0,55,3383.6,6524,3727.0,3049.4,1704331851216727,3382.8,3382.6,3382.2,3382.0,3381.4,3384.4,3384.6,3384.8,3385.2,3385.4,1,2,1,1,1,1,2,3,1,1,34251200,IF,202402,200,AM,False,True,False,2024-01-04 09:30:51.200,2024-01-04 01:30:51.216727+00:00,0,True,5,5,False,False,True,PASS,False,0.0,0.0,0.0,
IF2403,20240104,093051200,395511180.0,389,3390.6,100998,3734.4,3055.6,1704331851216735,3389.6,3389.4,3389.2,3389.0,3388.6,3391.0,3392.2,3392.4,3393.4,3393.6,3,2,7,2,1,2,1,1,14,1,34251200,IF,202403,200,AM,False,True,False,2024-01-04 09:30:51.200,2024-01-04 01:30:51.216735+00:00,0,True,5,5,False,False,True,PASS,False,1.0,1017180.0,0.0,3390.6
IF2406,20240104,093051200,215075520.0,212,3383.6,62691,3728.0,3050.4,1704331851216743,3383.6,3382.8,3382.6,3382.4,3382.2,3384.0,3385.0,3385.4,3386.0,3388.0,1,1,1,1,2,10,4,1,8,2,34251200,IF,202406,200,AM,False,True,False,2024-01-04 09:30:51.200,2024-01-04 01:30:51.216743+00:00,0,True,5,5,False,False,True,PASS,False,1.0,1015080.0,-1.0,3383.6
IF2401,20240104,093051700,1185082920.0,1170,3377.2,98487,3719.6,3043.6,1704331851717319,3376.8,3376.6,3376.4,3376.2,3376.0,3377.4,3377.6,3377.8,3378.0,3378.2,6,2,1,3,12,1,1,2,1,1,34251700,IF,202401,200,AM,False,True,False,2024-01-04 09:30:51.700,2024-01-04 01:30:51.717319+00:00,0,True,5,5,False,False,True,PASS,False,17.0,17223000.0,-4.0,3377.0588235294117
IF2403,20240104,093051700,396528360.0,390,3390.6,100997,3734.4,3055.6,1704331851717327,3389.8,3389.6,3389.4,3389.2,3389.0,3390.6,3391.0,3392.2,3392.4,3393.4,3,2,2,7,2,1,2,1,1,14,34251700,IF,202403,200,AM,False,True,False,2024-01-04 09:30:51.700,2024-01-04 01:30:51.717327+00:00,0,True,5,5,False,False,True,PASS,False,1.0,1017180.0,-1.0,3390.6
IF2406,20240104,093051700,216090600.0,213,3383.6,62691,3728.0,3050.4,1704331851717335,3382.8,3382.6,3382.4,3382.2,3381.6,3384.0,3385.0,3386.0,3388.0,3388.8,1,1,1,2,1,10,4,8,2,2,34251700,IF,202406,200,AM,False,True,False,2024-01-04 09:30:51.700,2024-01-04 01:30:51.717335+00:00,0,True,5,5,False,False,True,PASS,False,1.0,1015080.0,0.0,3383.6
IF2401,20240104,093052200,1191161460.0,1176,3376.8,98483,3719.6,3043.6,1704331852217144,3376.8,3376.6,3376.4,3376.2,3376.0,3377.0,3377.2,3377.4,3377.6,3377.8,4,2,1,4,12,5,1,1,1,3,34252200,IF,202401,200,AM,False,True,False,2024-01-04 09:30:52.200,2024-01-04 01:30:52.217144+00:00,0,True,5,5,False,False,True,PASS,False,6.0,6078540.0,-4.0,3376.9666666666667
IF2402,20240104,093052200,56840400.0,56,3382.8,6524,3727.0,3049.4,1704331852217152,3382.6,3382.2,3382.0,3381.4,3380.6,3384.2,3384.4,3384.6,3384.8,3385.2,2,1,1,1,1,1,1,1,3,1,34252200,IF,202402,200,AM,False,True,False,2024-01-04 09:30:52.200,2024-01-04 01:30:52.217152+00:00,0,True,5,5,False,False,True,PASS,False,1.0,1014840.0,0.0,3382.8
IF2403,20240104,093052200,398562720.0,392,3390.6,100995,3734.4,3055.6,1704331852217160,3389.8,3389.6,3389.4,3389.2,3389.0,3392.2,3392.4,3393.4,3393.6,3394.4,3,2,2,7,2,1,1,14,1,2,34252200,IF,202403,200,AM,False,True,False,2024-01-04 09:30:52.200,2024-01-04 01:30:52.217160+00:00,0,True,5,5,False,False,True,PASS,False,2.0,2034360.0,-2.0,3390.6
IF2406,20240104,093052200,216090600.0,213,3383.6,62691,3728.0,3050.4,1704331852217168,3383.0,3382.8,3382.6,3382.2,3381.6,3384.0,3385.0,3386.0,3388.0,3388.8,1,1,1,2,1,10,4,8,2,2,34252200,IF,202406,200,AM,False,True,False,2024-01-04 09:30:52.200,2024-01-04 01:30:52.217168+00:00,0,True,5,5,False,False,True,PASS,False,0.0,0.0,0.0,
IF2401,20240104,093052700,1200278820.0,1185,3376.8,98476,3719.6,3043.6,1704331852719620,3376.6,3376.4,3376.2,3376.0,3375.8,3377.0,3377.2,3377.4,3377.6,3377.8,2,1,4,12,8,9,1,1,1,3,34252700,IF,202401,200,AM,False,True,False,2024-01-04 09:30:52.700,2024-01-04 01:30:52.719620+00:00,0,True,5,5,False,False,True,PASS,False,9.0,9117360.0,-7.0,3376.8
IF2402,20240104,093052700,56840400.0,56,3382.8,6524,3727.0,3049.4,1704331852719628,3382.2,3382.0,3381.4,3380.6,3380.4,3384.0,3384.2,3384.4,3384.8,3385.2,1,1,1,1,2,1,1,1,3,1,34252700,IF,202402,200,AM,False,True,False,2024-01-04 09:30:52.700,2024-01-04 01:30:52.719628+00:00,0,True,5,5,False,False,True,PASS,False,0.0,0.0,0.0,
IF2403,20240104,093052700,400597200.0,394,3390.8,100993,3734.4,3055.6,1704331852719636,3390.0,3389.8,3389.4,3389.2,3389.0,3391.0,3391.4,3391.6,3391.8,3392.0,1,4,2,7,2,1,7,7,8,5,34252700,IF,202403,200,AM,False,True,False,2024-01-04 09:30:52.700,2024-01-04 01:30:52.719636+00:00,0,True,5,5,False,False,True,PASS,False,2.0,2034480.0,-2.0,3390.8
IF2406,20240104,093052700,217105500.0,214,3383.0,62690,3728.0,3050.4,1704331852719644,3382.6,3382.2,3381.6,3381.4,3381.2,3383.8,3384.0,3385.0,3386.0,3388.0,1,2,1,2,2,4,10,4,8,2,34252700,IF,202406,200,AM,False,True,False,2024-01-04 09:30:52.700,2024-01-04 01:30:52.719644+00:00,0,True,5,5,False,False,True,PASS,False,1.0,1014900.0,-1.0,3383.0
IF2401,20240104,093053200,1203317940.0,1188,3376.8,98474,3719.6,3043.6,1704331853219229,3376.4,3376.2,3376.0,3375.8,3375.6,3377.0,3377.4,3377.6,3377.8,3378.0,1,3,12,6,2,9,1,1,3,1,34253200,IF,202401,200,AM,False,True,False,2024-01-04 09:30:53.200,2024-01-04 01:30:53.219229+00:00,0,True,5,5,False,False,True,PASS,False,3.0,3039120.0,-2.0,3376.8
IF2402,20240104,093053200,56840400.0,56,3382.8,6524,3727.0,3049.4,1704331853219237,3382.2,3382.0,3381.4,3380.6,3380.4,3383.8,3384.0,3384.2,3384.8,3385.2,1,1,1,1,2,1,1,1,3,1,34253200,IF,202402,200,AM,False,True,False,2024-01-04 09:30:53.200,2024-01-04 01:30:53.219237+00:00,0,True,5,5,False,False,True,PASS,False,0.0,0.0,0.0,
IF2403,20240104,093053200,401614380.0,395,3390.6,100993,3734.4,3055.6,1704331853219245,3389.4,3389.2,3389.0,3388.6,3388.0,3390.8,3391.0,3391.2,3391.4,3391.6,2,7,2,1,2,4,1,1,7,3,34253200,IF,202403,200,AM,False,True,False,2024-01-04 09:30:53.200,2024-01-04 01:30:53.219245+00:00,0,True,5,5,False,False,True,PASS,False,1.0,1017180.0,0.0,3390.6
IF2406,20240104,093053200,217105500.0,214,3383.0,62690,3728.0,3050.4,1704331853219253,3382.2,3381.6,3381.4,3381.2,3380.6,3383.8,3384.0,3385.0,3386.0,3388.0,2,1,2,2,1,5,10,4,8,2,34253200,IF,202406,200,AM,False,True,False,2024-01-04 09:30:53.200,2024-01-04 01:30:53.219253+00:00,0,True,5,5,False,False,True,PASS,False,0.0,0.0,0.0,
IF2401,20240104,093053700,1211422680.0,1196,3376.8,98466,3719.6,3043.6,1704331853718243,3376.4,3376.2,3376.0,3375.8,3375.6,3377.0,3377.4,3377.6,3377.8,3378.0,1,3,12,6,2,5,1,1,3,1,34253700,IF,202401,200,AM,False,True,False,2024-01-04 09:30:53.700,2024-01-04 01:30:53.718243+00:00,0,True,5,5,False,False,True,PASS,False,8.0,8104740.0,-8.0,3376.975
IF2402,20240104,093053700,56840400.0,56,3382.8,6524,3727.0,3049.4,1704331853718251,3382.4,3381.4,3380.6,3380.4,3379.8,3383.8,3384.0,3384.2,3384.8,3385.2,1,1,1,2,1,1,1,1,3,2,34253700,IF,202402,200,AM,False,True,False,2024-01-04 09:30:53.700,2024-01-04 01:30:53.718251+00:00,0,True,5,5,False,False,True,PASS,False,0.0,0.0,0.0,
IF2403,20240104,093053700,401614380.0,395,3390.6,100993,3734.4,3055.6,1704331853718258,3389.4,3389.2,3389.0,3388.6,3388.0,3390.8,3391.0,3391.2,3391.4,3391.6,2,7,2,1,2,6,2,1,7,3,34253700,IF,202403,200,AM,False,True,False,2024-01-04 09:30:53.700,2024-01-04 01:30:53.718258+00:00,0,True,5,5,False,False,True,PASS,False,0.0,0.0,0.0,
IF2406,20240104,093053700,218120580.0,215,3383.6,62691,3728.0,3050.4,1704331853718266,3382.4,3382.2,3381.6,3381.4,3381.2,3383.6,3383.8,3384.0,3385.0,3386.0,2,2,1,2,2,3,5,10,4,8,34253700,IF,202406,200,AM,False,True,False,2024-01-04 09:30:53.700,2024-01-04 01:30:53.718266+00:00,0,True,5,5,False,False,True,PASS,False,1.0,1015080.0,1.0,3383.6
IF2401,20240104,093054200,1219527600.0,1204,3377.4,98459,3719.6,3043.6,1704331854220525,3377.2,3376.4,3376.2,3376.0,3375.8,3377.6,3377.8,3378.0,3378.2,3378.6,1,1,3,11,6,2,3,1,1,1,34254200,IF,202401,200,AM,False,True,False,2024-01-04 09:30:54.200,2024-01-04 01:30:54.220525+00:00,0,True,5,5,False,False,True,PASS,False,8.0,8104920.0,-7.0,3377.05
IF2403,20240104,093054200,401614380.0,395,3390.6,100993,3734.4,3055.6,1704331854220533,3389.6,3389.4,3389.2,3389.0,3388.6,3390.6,3390.8,3391.0,3391.2,3391.4,3,2,7,2,1,1,4,2,1,7,34254200,IF,202403,200,AM,False,True,False,2024-01-04 09:30:54.200,2024-01-04 01:30:54.220533+00:00,0,True,5,5,False,False,True,PASS,False,0.0,0.0,0.0,
IF2406,20240104,093054200,219135660.0,216,3383.6,62690,3728.0,3050.4,1704331854220541,3382.4,3382.2,3381.6,3381.4,3381.2,3383.6,3383.8,3384.0,3385.0,3386.0,2,2,1,2,2,1,3,10,4,8,34254200,IF,202406,200,AM,False,True,False,2024-01-04 09:30:54.200,2024-01-04 01:30:54.220541+00:00,0,True,5,5,False,False,True,PASS,False,1.0,1015080.0,-1.0,3383.6
IF2401,20240104,093054700,1221554040.0,1206,3377.6,98457,3719.6,3043.6,1704331854718688,3377.4,3377.0,3376.8,3376.4,3376.2,3377.6,3377.8,3378.0,3378.2,3378.6,2,1,1,1,3,2,3,1,1,1,34254700,IF,202401,200,AM,False,True,False,2024-01-04 09:30:54.700,2024-01-04 01:30:54.718688+00:00,0,True,5,5,False,False,True,PASS,False,2.0,2026440.0,-2.0,3377.4
IF2402,20240104,093054700,56840400.0,56,3382.8,6524,3727.0,3049.4,1704331854718696,3382.6,3382.4,3381.4,3380.6,3380.4,3384.0,3384.2,3384.8,3385.2,3385.4,2,1,1,1,2,1,1,3,2,1,34254700,IF,202402,200,AM,False,True,False,2024-01-04 09:30:54.700,2024-01-04 01:30:54.718696+00:00,0,True,5,5,False,False,True,PASS,False,0.0,0.0,0.0,
IF2403,20240104,093054700,404666100.0,398,3391.0,100992,3734.4,3055.6,1704331854718704,3391.0,3389.6,3389.4,3389.2,3389.0,3391.4,3391.6,3391.8,3392.0,3393.4,9,7,2,7,2,2,2,6,1,14,34254700,IF,202403,200,AM,False,True,False,2024-01-04 09:30:54.700,2024-01-04 01:30:54.718704+00:00,0,True,5,5,False,False,True,PASS,False,3.0,3051720.0,-1.0,3390.8
IF2406,20240104,093054700,220150740.0,217,3383.6,62689,3728.0,3050.4,1704331854718711,3382.6,3382.4,3382.2,3381.6,3381.4,3384.0,3385.0,3386.0,3387.2,3388.0,1,2,2,1,2,10,4,8,2,2,34254700,IF,202406,200,AM,False,True,False,2024-01-04 09:30:54.700,2024-01-04 01:30:54.718711+00:00,0,True,5,5,False,False,True,PASS,False,1.0,1015080.0,-1.0,3383.6
IF2401,20240104,093055200,1225607040.0,1210,3377.6,98455,3719.6,3043.6,1704331855218393,3377.0,3376.8,3376.6,3376.4,3376.2,3377.8,3378.0,3378.2,3378.6,3379.0,2,1,2,1,3,3,1,1,1,3,34255200,IF,202401,200,AM,False,True,False,2024-01-04 09:30:55.200,2024-01-04 01:30:55.218393+00:00,0,True,5,5,False,False,True,PASS,False,4.0,4053000.0,-2.0,3377.5
IF2402,20240104,093055200,57855240.0,57,3382.8,6524,3727.0,3049.4,1704331855218401,3382.6,3381.4,3380.6,3380.4,3379.6,3384.8,3385.2,3385.4,3386.2,3386.4,2,1,1,2,1,3,2,1,1,1,34255200,IF,202402,200,AM,False,True,False,2024-01-04 09:30:55.200,2024-01-04 01:30:55.218401+00:00,0,True,5,5,False,False,True,PASS,False,1.0,1014840.0,0.0,3382.8
IF2403,20240104,093055200,407718000.0,401,3391.0,100992,3734.4,3055.6,1704331855218409,3391.0,3389.8,3389.6,3389.4,3389.2,3391.4,3391.8,3392.0,3392.6,3393.4,6,3,2,2,7,1,3,1,1,14,34255200,IF,202403,200,AM,False,True,False,2024-01-04 09:30:55.200,2024-01-04 01:30:55.218409+00:00,0,True,5,5,False,False,True,PASS,False,3.0,3051900.0,0.0,3391.0
IF2406,20240104,093055200,226241640.0,223,3384.0,62687,3728.0,3050.4,1704331855218417,3383.0,3382.8,3382.4,3382.2,3381.6,3384.0,3385.0,3386.0,3387.2,3388.0,1,8,1,2,1,5,4,8,2,2,34255200,IF,202406,200,AM,False,True,False,2024-01-04 09:30:55.200,2024-01-04 01:30:55.218417+00:00,0,True,5,5,False,False,True,PASS,False,6.0,6090900.0,-2.0,3383.8333333333335
IF2401,20240104,093055700,1225607040.0,1210,3377.6,98455,3719.6,3043.6,1704331855720415,3377.6,3377.0,3376.8,3376.6,3376.4,3377.8,3378.0,3378.2,3378.6,3379.0,2,7,2,2,1,4,3,1,1,3,34255700,IF,202401,200,AM,False,True,False,2024-01-04 09:30:55.700,2024-01-04 01:30:55.720415+00:00,0,True,5,5,False,False,True,PASS,False,0.0,0.0,0.0,
IF2402,20240104,093055700,57855240.0,57,3382.8,6524,3727.0,3049.4,1704331855720424,3383.0,3382.8,3382.6,3381.4,3380.6,3384.6,3384.8,3385.2,3385.4,3386.2,2,1,2,1,1,2,2,1,1,1,34255700,IF,202402,200,AM,False,True,False,2024-01-04 09:30:55.700,2024-01-04 01:30:55.720424+00:00,0,True,5,5,False,False,True,PASS,False,0.0,0.0,0.0,
IF2403,20240104,093055700,408735300.0,402,3391.0,100992,3734.4,3055.6,1704331855720432,3391.0,3389.8,3389.6,3389.4,3389.2,3391.8,3392.6,3393.4,3393.6,3394.4,5,3,2,2,7,3,1,14,1,2,34255700,IF,202403,200,AM,False,True,False,2024-01-04 09:30:55.700,2024-01-04 01:30:55.720432+00:00,0,True,5,5,False,False,True,PASS,False,1.0,1017300.0,0.0,3391.0
IF2406,20240104,093055700,231317640.0,228,3384.0,62683,3728.0,3050.4,1704331855720439,3383.2,3383.0,3382.8,3382.4,3382.2,3385.0,3386.0,3388.0,3388.8,3389.4,1,1,7,1,2,4,8,2,2,6,34255700,IF,202406,200,AM,False,True,False,2024-01-04 09:30:55.700,2024-01-04 01:30:55.720439+00:00,0,True,5,5,False,False,True,PASS,False,5.0,5076000.0,-4.0,3384.0
IF2401,20240104,093056200,1229659980.0,1214,3377.6,98453,3719.6,3043.6,1704331856218994,3377.0,3376.8,3376.6,3376.4,3376.2,3377.8,3378.0,3378.2,3378.6,3379.0,5,2,2,1,3,3,3,1,1,4,34256200,IF,202401,200,AM,False,True,False,2024-01-04 09:30:56.200,2024-01-04 01:30:56.218994+00:00,0,True,5,5,False,False,True,PASS,False,4.0,4052940.0,-2.0,3377.45
IF2402,20240104,093056200,57855240.0,57,3382.8,6524,3727.0,3049.4,1704331856219002,3383.0,3382.8,3382.6,3381.4,3380.6,3384.6,3384.8,3385.2,3385.4,3386.2,1,2,2,1,1,2,2,1,1,1,34256200,IF,202402,200,AM,False,True,False,2024-01-04 09:30:56.200,2024-01-04 01:30:56.219002+00:00,0,True,5,5,False,False,True,PASS,False,0.0,0.0,0.0,
IF2403,20240104,093056200,410769900.0,404,3391.0,100992,3734.4,3055.6,1704331856219010,3391.0,3390.6,3389.8,3389.6,3389.4,3391.6,3391.8,3392.6,3393.4,3393.6,3,2,3,2,2,1,3,1,14,1,34256200,IF,202403,200,AM,False,True,False,2024-01-04 09:30:56.200,2024-01-04 01:30:56.219010+00:00,0,True,5,5,False,False,True,PASS,False,2.0,2034600.0,0.0,3391.0
IF2406,20240104,093056200,231317640.0,228,3384.0,62683,3728.0,3050.4,1704331856219018,3383.4,3383.2,3383.0,3382.8,3382.4,3384.8,3385.0,3386.0,3388.0,3388.8,2,1,1,7,1,6,4,8,2,2,34256200,IF,202406,200,AM,False,True,False,2024-01-04 09:30:56.200,2024-01-04 01:30:56.219018+00:00,0,True,5,5,False,False,True,PASS,False,0.0,0.0,0.0,
IF2401,20240104,093056700,1231686540.0,1216,3377.6,98451,3719.6,3043.6,1704331856717915,3377.0,3376.8,3376.6,3376.4,3376.2,3377.6,3377.8,3378.0,3378.2,3378.6,5,2,2,1,3,3,3,3,1,1,34256700,IF,202401,200,AM,False,True,False,2024-01-04 09:30:56.700,2024-01-04 01:30:56.717915+00:00,0,True,5,5,False,False,True,PASS,False,2.0,2026560.0,-2.0,3377.6
IF2402,20240104,093056700,57855240.0,57,3382.8,6524,3727.0,3049.4,1704331856717924,3383.0,3382.8,3382.6,3382.2,3381.4,3384.4,3384.6,3384.8,3385.2,3385.4,1,2,2,1,1,1,1,2,1,1,34256700,IF,202402,200,AM,False,True,False,2024-01-04 09:30:56.700,2024-01-04 01:30:56.717924+00:00,0,True,5,5,False,False,True,PASS,False,0.0,0.0,0.0,
IF2403,20240104,093056700,411787200.0,405,3391.0,100992,3734.4,3055.6,1704331856717932,3391.0,3390.6,3389.6,3389.4,3389.2,3391.4,3391.6,3391.8,3392.6,3393.4,2,2,2,2,7,1,1,4,1,14,34256700,IF,202403,200,AM,False,True,False,2024-01-04 09:30:56.700,2024-01-04 01:30:56.717932+00:00,0,True,5,5,False,False,True,PASS,False,1.0,1017300.0,0.0,3391.0
IF2406,20240104,093056700,231317640.0,228,3384.0,62683,3728.0,3050.4,1704331856717940,3383.4,3383.2,3383.0,3382.8,3382.4,3384.0,3384.6,3384.8,3385.0,3386.0,1,1,1,7,1,5,1,6,4,8,34256700,IF,202406,200,AM,False,True,False,2024-01-04 09:30:56.700,2024-01-04 01:30:56.717940+00:00,0,True,5,5,False,False,True,PASS,False,0.0,0.0,0.0,
IF2401,20240104,093057200,1233713100.0,1218,3377.6,98450,3719.6,3043.6,1704331857220609,3377.2,3377.0,3376.8,3376.6,3376.4,3377.6,3377.8,3378.0,3378.2,3378.6,3,5,2,2,1,1,3,3,1,1,34257200,IF,202401,200,AM,False,True,False,2024-01-04 09:30:57.200,2024-01-04 01:30:57.220609+00:00,0,True,5,5,False,False,True,PASS,False,2.0,2026560.0,-1.0,3377.6
IF2402,20240104,093057200,57855240.0,57,3382.8,6524,3727.0,3049.4,1704331857220617,3383.0,3382.8,3382.6,3382.2,3381.4,3384.4,3384.6,3384.8,3385.2,3385.4,1,2,2,1,1,2,1,2,1,1,34257200,IF,202402,200,AM,False,True,False,2024-01-04 09:30:57.200,2024-01-04 01:30:57.220617+00:00,0,True,5,5,False,False,True,PASS,False,0.0,0.0,0.0,
IF2403,20240104,093057200,413821920.0,407,3391.4,100991,3734.4,3055.6,1704331857220625,3391.0,3390.6,3389.6,3389.4,3389.2,3391.4,3391.6,3391.8,3392.6,3393.4,1,2,2,2,7,1,1,4,1,14,34257200,IF,202403,200,AM,False,True,False,2024-01-04 09:30:57.200,2024-01-04 01:30:57.220625+00:00,0,True,5,5,False,False,True,PASS,False,2.0,2034720.0,-1.0,3391.2
IF2401,20240104,093057700,1236752820.0,1221,3377.6,98447,3719.6,3043.6,1704331857724038,3377.2,3377.0,3376.8,3376.6,3376.4,3377.6,3377.8,3378.0,3378.2,3378.6,4,5,2,2,1,1,3,3,1,1,34257700,IF,202401,200,AM,False,True,False,2024-01-04 09:30:57.700,2024-01-04 01:30:57.724038+00:00,0,True,5,5,False,False,True,PASS,False,3.0,3039720.0,-3.0,3377.4666666666667
IF2403,20240104,093057700,413821920.0,407,3391.4,100991,3734.4,3055.6,1704331857724047,3391.0,3390.6,3389.6,3389.4,3389.2,3391.4,3391.6,3391.8,3392.6,3393.4,1,2,2,2,7,1,1,1,1,14,34257700,IF,202403,200,AM,False,True,False,2024-01-04 09:30:57.700,2024-01-04 01:30:57.724047+00:00,0,True,5,5,False,False,True,PASS,False,0.0,0.0,0.0,
IF2406,20240104,093057700,235378440.0,232,3384.0,62683,3728.0,3050.4,1704331857724055,3383.4,3383.2,3383.0,3382.8,3382.4,3384.0,3384.6,3384.8,3385.0,3386.0,1,1,1,7,1,1,1,6,4,8,34257700,IF,202406,200,AM,False,True,False,2024-01-04 09:30:57.700,2024-01-04 01:30:57.724055+00:00,0,True,5,5,False,False,True,PASS,False,4.0,4060800.0,0.0,3384.0
IF2401,20240104,093058200,1242832140.0,1227,3377.4,98444,3719.6,3043.6,1704331858223322,3377.2,3377.0,3376.8,3376.6,3376.4,3377.8,3378.0,3378.2,3378.6,3379.0,1,5,2,4,1,2,3,1,1,4,34258200,IF,202401,200,AM,False,True,False,2024-01-04 09:30:58.200,2024-01-04 01:30:58.223322+00:00,0,True,5,5,False,False,True,PASS,False,6.0,6079320.0,-3.0,3377.4
IF2402,20240104,093058200,57855240.0,57,3382.8,6524,3727.0,3049.4,1704331858223330,3383.0,3382.8,3382.6,3382.2,3381.4,3384.4,3384.6,3384.8,3385.2,3385.4,1,1,2,1,1,1,1,2,1,1,34258200,IF,202402,200,AM,False,True,False,2024-01-04 09:30:58.200,2024-01-04 01:30:58.223330+00:00,0,True,5,5,False,False,True,PASS,False,0.0,0.0,0.0,
IF2403,20240104,093058200,415856640.0,409,3391.0,100991,3734.4,3055.6,1704331858223338,3390.6,3389.6,3389.4,3389.2,3389.0,3391.0,3391.6,3391.8,3392.6,3393.4,2,2,2,7,2,1,1,1,1,14,34258200,IF,202403,200,AM,False,True,False,2024-01-04 09:30:58.200,2024-01-04 01:30:58.223338+00:00,0,True,5,5,False,False,True,PASS,False,2.0,2034720.0,0.0,3391.2
IF2406,20240104,093058200,236393640.0,233,3384.0,62683,3728.0,3050.4,1704331858223346,3383.4,3383.2,3383.0,3382.8,3382.4,3384.6,3384.8,3385.0,3386.0,3388.0,1,1,1,7,1,1,6,4,8,2,34258200,IF,202406,200,AM,False,True,False,2024-01-04 09:30:58.200,2024-01-04 01:30:58.223346+00:00,0,True,5,5,False,False,True,PASS,False,1.0,1015200.0,0.0,3384.0
IF2401,20240104,093058700,1243845360.0,1228,3377.4,98444,3719.6,3043.6,1704331858719813,3377.6,3377.4,3377.2,3377.0,3376.8,3377.8,3378.0,3378.2,3378.6,3379.0,1,1,3,4,1,3,4,1,1,4,34258700,IF,202401,200,AM,False,True,False,2024-01-04 09:30:58.700,2024-01-04 01:30:58.719813+00:00,0,True,5,5,False,False,True,PASS,False,1.0,1013220.0,0.0,3377.4
IF2402,20240104,093058700,57855240.0,57,3382.8,6524,3727.0,3049.4,1704331858719822,3383.0,3382.6,3382.2,3381.4,3380.6,3384.4,3384.6,3384.8,3385.2,3385.4,1,2,1,1,1,1,1,2,1,1,34258700,IF,202402,200,AM,False,True,False,2024-01-04 09:30:58.700,2024-01-04 01:30:58.719822+00:00,0,True,5,5,False,False,True,PASS,False,0.0,0.0,0.0,
IF2403,20240104,093058700,416873940.0,410,3391.0,100990,3734.4,3055.6,1704331858719829,3391.2,3390.6,3389.6,3389.4,3389.2,3391.6,3391.8,3392.6,3393.4,3393.6,1,2,2,2,7,1,1,1,14,1,34258700,IF,202403,200,AM,False,True,False,2024-01-04 09:30:58.700,2024-01-04 01:30:58.719829+00:00,0,True,5,5,False,False,True,PASS,False,1.0,1017300.0,-1.0,3391.0
IF2406,20240104,093058700,236393640.0,233,3384.0,62683,3728.0,3050.4,1704331858719837,3384.0,3383.4,3383.2,3383.0,3382.8,3384.6,3384.8,3385.0,3386.0,3388.0,1,1,1,1,9,1,6,4,8,2,34258700,IF,202406,200,AM,False,True,False,2024-01-04 09:30:58.700,2024-01-04 01:30:58.719837+00:00,0,True,5,5,False,False,True,PASS,False,0.0,0.0,0.0,
IF2401,20240104,093059200,1247898600.0,1232,3377.6,98441,3719.6,3043.6,1704331859220941,3377.6,3377.2,3377.0,3376.8,3376.6,3377.8,3378.0,3378.2,3378.6,3379.0,5,3,4,1,4,1,4,1,1,4,34259200,IF,202401,200,AM,False,True,False,2024-01-04 09:30:59.200,2024-01-04 01:30:59.220941+00:00,0,True,5,5,False,False,True,PASS,False,4.0,4053240.0,-3.0,3377.7
IF2403,20240104,093059200,417891420.0,411,3391.6,100990,3734.4,3055.6,1704331859220949,3391.2,3390.6,3389.6,3389.4,3389.2,3392.6,3393.4,3393.6,3394.4,3394.8,1,2,2,2,7,1,14,1,3,1,34259200,IF,202403,200,AM,False,True,False,2024-01-04 09:30:59.200,2024-01-04 01:30:59.220949+00:00,0,True,5,5,False,False,True,PASS,False,1.0,1017480.0,0.0,3391.6
IF2406,20240104,093059200,236393640.0,233,3384.0,62683,3728.0,3050.4,1704331859220957,3384.0,3383.4,3383.2,3383.0,3382.8,3384.8,3385.0,3386.0,3388.0,3388.8,1,1,1,1,9,4,4,8,2,4,34259200,IF,202406,200,AM,False,True,False,2024-01-04 09:30:59.200,2024-01-04 01:30:59.220957+00:00,0,True,5,5,False,False,True,PASS,False,0.0,0.0,0.0,
IF2401,20240104,093059700,1258032360.0,1242,3377.8,98432,3719.6,3043.6,1704331859722029,3378.2,3377.8,3377.6,3377.2,3377.0,3378.6,3379.0,3379.2,3379.6,3379.8,10,22,5,3,4,1,4,1,2,1,34259700,IF,202401,200,AM,False,True,False,2024-01-04 09:30:59.700,2024-01-04 01:30:59.722029+00:00,0,True,5,5,False,False,True,PASS,False,10.0,10133760.0,-9.0,3377.92
IF2402,20240104,093059700,58870620.0,58,3384.6,6524,3727.0,3049.4,1704331859722037,3383.0,3382.6,3382.2,3381.4,3380.6,3384.8,3385.2,3385.4,3386.2,3386.4,1,3,1,1,1,2,1,1,1,1,34259700,IF,202402,200,AM,False,True,False,2024-01-04 09:30:59.700,2024-01-04 01:30:59.722037+00:00,0,True,5,5,False,False,True,PASS,False,1.0,1015380.0,0.0,3384.6
IF2403,20240104,093059700,419926140.0,413,3391.2,100989,3734.4,3055.6,1704331859722045,3390.6,3389.6,3389.4,3389.2,3389.0,3391.6,3391.8,3392.2,3392.4,3392.6,2,2,2,7,2,4,1,8,7,2,34259700,IF,202403,200,AM,False,True,False,2024-01-04 09:30:59.700,2024-01-04 01:30:59.722045+00:00,0,True,5,5,False,False,True,PASS,False,2.0,2034720.0,-1.0,3391.2
IF2406,20240104,093059700,238424520.0,235,3384.8,62681,3728.0,3050.4,1704331859722053,3384.0,3383.4,3383.2,3383.0,3382.8,3385.0,3386.0,3388.0,3388.8,3389.4,1,1,1,1,9,4,8,2,4,6,34259700,IF,202406,200,AM,False,True,False,2024-01-04 09:30:59.700,2024-01-04 01:30:59.722053+00:00,0,True,5,5,False,False,True,PASS,False,2.0,2030880.0,-2.0,3384.8
IF2401,20240104,093100200,1263100560.0,1247,3378.8,98428,3719.6,3043.6,1704331860223335,3378.6,3378.4,3378.2,3378.0,3377.8,3379.0,3379.2,3379.6,3379.8,3380.0,2,1,11,3,24,3,1,2,1,2,34260200,IF,202401,200,AM,False,True,False,2024-01-04 09:31:00.200,2024-01-04 01:31:00.223335+00:00,0,True,5,5,False,False,True,PASS,False,5.0,5068200.0,-4.0,3378.8
IF2402,20240104,093100200,60901500.0,60,3384.8,6522,3727.0,3049.4,1704331860223343,3383.6,3383.4,3383.2,3383.0,3382.6,3386.2,3386.4,3387.8,3390.0,3396.0,2,2,5,2,1,1,1,4,3,1,34260200,IF,202402,200,AM,False,True,False,2024-01-04 09:31:00.200,2024-01-04 01:31:00.223343+00:00,0,True,5,5,False,False,True,PASS,False,2.0,2030880.0,-2.0,3384.8
IF2403,20240104,093100200,427048620.0,420,3391.6,100984,3734.4,3055.6,1704331860223351,3391.6,3391.4,3391.2,3391.0,3390.8,3392.4,3393.0,3393.6,3394.4,3394.8,3,2,1,3,7,1,1,1,3,1,34260200,IF,202403,200,AM,False,True,False,2024-01-04 09:31:00.200,2024-01-04 01:31:00.223351+00:00,0,True,5,5,False,False,True,PASS,False,7.0,7122480.0,-5.0,3391.657142857143
IF2406,20240104,093100200,242486520.0,239,3385.0,62677,3728.0,3050.4,1704331860223359,3384.8,3384.4,3384.2,3384.0,3383.4,3386.0,3388.0,3388.8,3389.4,3390.0,1,1,6,1,1,8,2,4,6,1,34260200,IF,202406,200,AM,False,True,False,2024-01-04 09:31:00.200,2024-01-04 01:31:00.223359+00:00,0,True,5,5,False,False,True,PASS,False,4.0,4062000.0,-4.0,3385.0
IF2401,20240104,093100700,1300602240.0,1284,3378.6,98405,3719.6,3043.6,1704331860725290,3377.8,3377.6,3377.4,3377.2,3377.0,3379.2,3379.6,3379.8,3380.0,3380.2,26,5,2,3,5,1,7,1,2,2,34260700,IF,202401,200,AM,False,True,False,2024-01-04 09:31:00.700,2024-01-04 01:31:00.725290+00:00,0,True,5,5,False,False,True,PASS,False,37.0,37501680.0,-23.0,3378.5297297297298
IF2402,20240104,093100700,60901500.0,60,3384.8,6522,3727.0,3049.4,1704331860725298,3384.0,3383.8,3383.6,3383.4,3383.2,3386.0,3386.4,3387.8,3390.0,3396.0,1,1,2,1,4,3,1,4,2,1,34260700,IF,202402,200,AM,False,True,False,2024-01-04 09:31:00.700,2024-01-04 01:31:00.725298+00:00,0,True,5,5,False,False,True,PASS,False,0.0,0.0,0.0,
IF2403,20240104,093100700,432136500.0,425,3391.8,100980,3734.4,3055.6,1704331860725306,3392.4,3391.6,3391.4,3391.2,3391.0,3393.0,3393.6,3394.4,3394.8,3395.2,1,3,2,1,2,1,1,3,1,2,34260700,IF,202403,200,AM,False,True,False,2024-01-04 09:31:00.700,2024-01-04 01:31:00.725306+00:00,0,True,5,5,False,False,True,PASS,False,5.0,5087880.0,-4.0,3391.92
IF2406,20240104,093100700,244518000.0,241,3385.8,62675,3728.0,3050.4,1704331860725314,3385.0,3384.8,3384.4,3384.2,3384.0,3386.0,3388.0,3388.8,3389.4,3390.0,5,1,1,6,1,8,2,4,6,1,34260700,IF,202406,200,AM,False,True,False,2024-01-04 09:31:00.700,2024-01-04 01:31:00.725314+00:00,0,True,5,5,False,False,True,PASS,False,2.0,2031480.0,-2.0,3385.8
IF2401,20240104,093101200,1305669720.0,1289,3378.2,98400,3719.6,3043.6,1704331861226942,3378.0,3377.8,3377.6,3377.4,3377.2,3378.8,3379.0,3379.2,3379.6,3379.8,11,28,5,2,2,2,3,3,7,1,34261200,IF,202401,200,AM,False,True,False,2024-01-04 09:31:01.200,2024-01-04 01:31:01.226942+00:00,0,True,5,5,False,False,True,PASS,False,5.0,5067480.0,-5.0,3378.32
IF2402,20240104,093101200,61916700.0,61,3384.0,6521,3727.0,3049.4,1704331861226950,3383.8,3383.6,3383.4,3383.2,3383.0,3385.8,3386.0,3386.4,3390.0,3396.0,1,1,1,4,2,1,3,1,2,1,34261200,IF,202402,200,AM,False,True,False,2024-01-04 09:31:01.200,2024-01-04 01:31:01.226950+00:00,0,True,5,5,False,False,True,PASS,False,1.0,1015200.0,-1.0,3384.0
IF2403,20240104,093101200,435189660.0,428,3392.4,100979,3734.4,3055.6,1704331861226958,3391.8,3391.6,3391.2,3391.0,3390.8,3392.8,3393.0,3394.4,3394.8,3395.2,3,2,1,2,5,2,1,3,1,2,34261200,IF,202403,200,AM,False,True,False,2024-01-04 09:31:01.200,2024-01-04 01:31:01.226958+00:00,0,True,5,5,False,False,True,PASS,False,3.0,3053160.0,-1.0,3392.4
IF2406,20240104,093101200,246549300.0,243,3385.0,62674,3728.0,3050.4,1704331861226966,3385.0,3384.8,3384.4,3384.2,3384.0,3386.0,3388.0,3388.8,3389.4,3390.0,1,1,1,6,1,7,2,4,6,1,34261200,IF,202406,200,AM,False,True,False,2024-01-04 09:31:01.200,2024-01-04 01:31:01.226966+00:00,0,True,5,5,False,False,True,PASS,False,2.0,2031300.0,-1.0,3385.5
IF2401,20240104,093101700,1320871140.0,1304,3378.8,98391,3719.6,3043.6,1704331861723009,3378.2,3377.8,3377.6,3377.4,3377.2,3378.8,3379.0,3379.2,3379.6,3379.8,3,26,5,2,2,1,3,3,7,1,34261700,IF,202401,200,AM,False,True,False,2024-01-04 09:31:01.700,2024-01-04 01:31:01.723009+00:00,0,True,5,5,False,False,True,PASS,False,15.0,15201420.0,-9.0,3378.0933333333332
IF2402,20240104,093101700,61916700.0,61,3384.0,6521,3727.0,3049.4,1704331861723017,3384.0,3383.6,3383.4,3383.2,3383.0,3385.6,3385.8,3386.0,3386.4,3390.0,2,1,1,4,1,1,1,3,1,2,34261700,IF,202402,200,AM,False,True,False,2024-01-04 09:31:01.700,2024-01-04 01:31:01.723017+00:00,0,True,5,5,False,False,True,PASS,False,0.0,0.0,0.0,
IF2403,20240104,093101700,436207020.0,429,3391.2,100978,3734.4,3055.6,1704331861723025,3391.0,3390.8,3390.6,3389.6,3389.4,3392.4,3392.6,3392.8,3393.0,3393.6,1,2,3,1,1,1,3,6,1,1,34261700,IF,202403,200,AM,False,True,False,2024-01-04 09:31:01.700,2024-01-04 01:31:01.723025+00:00,0,True,5,5,False,False,True,PASS,False,1.0,1017360.0,-1.0,3391.2
IF2406,20240104,093101700,246549300.0,243,3385.0,62674,3728.0,3050.4,1704331861723033,3384.8,3384.4,3384.2,3384.0,3383.4,3385.8,3386.0,3388.0,3388.8,3389.4,1,1,6,1,1,1,7,2,4,6,34261700,IF,202406,200,AM,False,True,False,2024-01-04 09:31:01.700,2024-01-04 01:31:01.723033+00:00,0,True,5,5,False,False,True,PASS,False,0.0,0.0,0.0,
IF2401,20240104,093102200,1329991860.0,1313,3378.0,98385,3719.6,3043.6,1704331862223914,3377.8,3377.6,3377.4,3377.2,3377.0,3378.2,3378.4,3378.6,3378.8,3379.0,25,5,2,2,5,1,1,1,1,3,34262200,IF,202401,200,AM,False,True,False,2024-01-04 09:31:02.200,2024-01-04 01:31:02.223914+00:00,0,True,5,5,False,False,True,PASS,False,9.0,9120720.0,-6.0,3378.0444444444443
IF2402,20240104,093102200,61916700.0,61,3384.0,6521,3727.0,3049.4,1704331862223923,3383.4,3383.2,3383.0,3382.6,3382.2,3385.4,3385.8,3386.0,3386.4,3390.0,1,4,1,1,1,1,1,3,1,2,34262200,IF,202402,200,AM,False,True,False,2024-01-04 09:31:02.200,2024-01-04 01:31:02.223923+00:00,0,True,5,5,False,False,True,PASS,False,0.0,0.0,0.0,
IF2403,20240104,093102200,437224560.0,430,3391.8,100977,3734.4,3055.6,1704331862223931,3391.2,3391.0,3390.8,3390.6,3389.6,3392.2,3392.4,3392.6,3392.8,3393.0,2,1,1,3,1,1,2,5,6,1,34262200,IF,202403,200,AM,False,True,False,2024-01-04 09:31:02.200,2024-01-04 01:31:02.223931+00:00,0,True,5,5,False,False,True,PASS,False,1.0,1017540.0,-1.0,3391.8
IF2406,20240104,093102200,246549300.0,243,3385.0,62674,3728.0,3050.4,1704331862223939,3384.8,3384.2,3384.0,3383.4,3382.8,3385.6,3385.8,3386.0,3388.0,3388.8,1,5,1,1,6,1,2,7,2,4,34262200,IF,202406,200,AM,False,True,False,2024-01-04 09:31:02.200,2024-01-04 01:31:02.223939+00:00,0,True,5,5,False,False,True,PASS,False,0.0,0.0,0.0,
IF2401,20240104,093102700,1335059400.0,1318,3378.8,98382,3719.6,3043.6,1704331862724420,3378.0,3377.8,3377.6,3377.4,3377.2,3379.2,3379.6,3379.8,3380.0,3380.2,4,25,5,2,2,3,2,1,2,2,34262700,IF,202401,200,AM,False,True,False,2024-01-04 09:31:02.700,2024-01-04 01:31:02.724420+00:00,0,True,5,5,False,False,True,PASS,False,5.0,5067540.0,-3.0,3378.36
IF2402,20240104,093102700,61916700.0,61,3384.0,6521,3727.0,3049.4,1704331862724428,3383.6,3383.4,3383.2,3383.0,3382.6,3385.2,3385.8,3386.0,3386.4,3390.0,1,1,4,1,1,2,1,3,1,2,34262700,IF,202402,200,AM,False,True,False,2024-01-04 09:31:02.700,2024-01-04 01:31:02.724428+00:00,0,True,5,5,False,False,True,PASS,False,0.0,0.0,0.0,
IF2403,20240104,093102700,439259820.0,432,3392.2,100977,3734.4,3055.6,1704331862724436,3392.0,3391.2,3390.6,3389.6,3389.4,3392.2,3392.4,3392.6,3392.8,3393.0,5,2,2,1,1,3,4,5,6,1,34262700,IF,202403,200,AM,False,True,False,2024-01-04 09:31:02.700,2024-01-04 01:31:02.724436+00:00,0,True,5,5,False,False,True,PASS,False,2.0,2035260.0,0.0,3392.1
IF2406,20240104,093102700,246549300.0,243,3385.0,62674,3728.0,3050.4,1704331862724444,3384.8,3384.2,3384.0,3383.4,3382.8,3385.4,3385.6,3385.8,3386.0,3388.0,1,5,1,1,6,1,2,2,7,2,34262700,IF,202406,200,AM,False,True,False,2024-01-04 09:31:02.700,2024-01-04 01:31:02.724444+00:00,0,True,5,5,False,False,True,PASS,False,0.0,0.0,0.0,
IF2401,20240104,093103200,1338100500.0,1321,3379.0,98382,3719.6,3043.6,1704331863225618,3378.6,3378.4,3378.2,3378.0,3377.8,3379.0,3379.2,3379.6,3379.8,3380.0,1,3,2,8,27,9,4,2,1,2,34263200,IF,202401,200,AM,False,True,False,2024-01-04 09:31:03.200,2024-01-04 01:31:03.225618+00:00,0,True,5,5,False,False,True,PASS,False,3.0,3041100.0,0.0,3379.0
IF2402,20240104,093103200,61916700.0,61,3384.0,6521,3727.0,3049.4,1704331863225626,3383.8,3383.6,3383.4,3383.2,3383.0,3386.0,3386.4,3390.0,3394.0,3396.0,2,2,1,4,1,2,1,2,4,1,34263200,IF,202402,200,AM,False,True,False,2024-01-04 09:31:03.200,2024-01-04 01:31:03.225626+00:00,0,True,5,5,False,False,True,PASS,False,0.0,0.0,0.0,
IF2403,20240104,093103200,447400800.0,440,3392.2,100974,3734.4,3055.6,1704331863225634,3392.0,3391.2,3390.6,3389.6,3389.4,3392.4,3392.6,3393.0,3393.6,3394.4,1,3,2,1,1,3,1,1,1,3,34263200,IF,202403,200,AM,False,True,False,2024-01-04 09:31:03.200,2024-01-04 01:31:03.225634+00:00,0,True,5,5,False,False,True,PASS,False,8.0,8140980.0,-3.0,3392.075
IF2406,20240104,093103200,246549300.0,243,3385.0,62674,3728.0,3050.4,1704331863225642,3385.6,3385.2,3385.0,3384.8,3384.2,3385.8,3386.0,3386.2,3388.0,3388.8,1,1,2,1,5,1,7,2,2,2,34263200,IF,202406,200,AM,False,True,False,2024-01-04 09:31:03.200,2024-01-04 01:31:03.225642+00:00,0,True,5,5,False,False,True,PASS,False,0.0,0.0,0.0,
IF2401,20240104,093103700,1343168760.0,1326,3378.6,98381,3719.6,3043.6,1704331863727397,3378.4,3378.2,3378.0,3377.8,3377.6,3378.6,3379.0,3379.2,3379.6,3379.8,1,2,7,27,5,1,6,3,2,1,34263700,IF,202401,200,AM,False,True,False,2024-01-04 09:31:03.700,2024-01-04 01:31:03.727397+00:00,0,True,5,5,False,False,True,PASS,False,5.0,5068260.0,-1.0,3378.84
IF2402,20240104,093103700,61916700.0,61,3384.0,6521,3727.0,3049.4,1704331863727405,3384.2,3384.0,3383.8,3383.6,3383.4,3385.8,3386.0,3386.2,3386.4,3390.0,1,2,2,2,1,1,2,4,1,2,34263700,IF,202402,200,AM,False,True,False,2024-01-04 09:31:03.700,2024-01-04 01:31:03.727405+00:00,0,True,5,5,False,False,True,PASS,False,0.0,0.0,0.0,
IF2403,20240104,093103700,450453960.0,443,3392.4,100972,3734.4,3055.6,1704331863727413,3391.2,3390.6,3389.6,3389.4,3389.2,3392.6,3393.0,3393.6,3394.4,3394.8,3,2,1,1,1,1,1,1,3,1,34263700,IF,202403,200,AM,False,True,False,2024-01-04 09:31:03.700,2024-01-04 01:31:03.727413+00:00,0,True,5,5,False,False,True,PASS,False,3.0,3053160.0,-2.0,3392.4
IF2406,20240104,093103700,248580720.0,245,3385.8,62672,3728.0,3050.4,1704331863727421,3385.0,3384.8,3384.2,3384.0,3383.4,3386.0,3386.2,3388.0,3388.8,3389.4,2,1,4,1,1,7,2,2,2,6,34263700,IF,202406,200,AM,False,True,False,2024-01-04 09:31:03.700,2024-01-04 01:31:03.727421+00:00,0,True,5,5,False,False,True,PASS,False,2.0,2031420.0,-2.0,3385.7
IF2401,20240104,093104200,1351277880.0,1334,3378.8,98378,3719.6,3043.6,1704331864227395,3378.8,3378.6,3378.4,3378.2,3378.0,3379.0,3379.2,3379.4,3379.6,3379.8,3,5,4,2,7,2,3,1,2,1,34264200,IF,202401,200,AM,False,True,False,2024-01-04 09:31:04.200,2024-01-04 01:31:04.227395+00:00,0,True,5,5,False,False,True,PASS,False,8.0,8109120.0,-3.0,3378.8
IF2402,20240104,093104200,61916700.0,61,3384.0,6521,3727.0,3049.4,1704331864227403,3384.4,3384.2,3384.0,3383.8,3383.6,3385.8,3386.0,3386.2,3386.4,3390.0,3,1,1,2,1,1,2,4,1,2,34264200,IF,202402,200,AM,False,True,False,2024-01-04 09:31:04.200,2024-01-04 01:31:04.227403+00:00,0,True,5,5,False,False,True,PASS,False,0.0,0.0,0.0,
IF2403,20240104,093104200,452489400.0,445,3392.4,100970,3734.4,3055.6,1704331864227410,3392.2,3391.8,3391.6,3391.4,3391.2,3392.6,3393.0,3393.6,3394.4,3394.8,1,1,1,2,3,1,2,1,3,1,34264200,IF,202403,200,AM,False,True,False,2024-01-04 09:31:04.200,2024-01-04 01:31:04.227410+00:00,0,True,5,5,False,False,True,PASS,False,2.0,2035440.0,-2.0,3392.4
IF2406,20240104,093104200,248580720.0,245,3385.8,62672,3728.0,3050.4,1704331864227418,3385.4,3385.2,3385.0,3384.8,3384.2,3386.0,3388.0,3388.8,3389.4,3390.0,2,1,2,1,4,7,2,2,6,1,34264200,IF,202406,200,AM,False,True,False,2024-01-04 09:31:04.200,2024-01-04 01:31:04.227418+00:00,0,True,5,5,False,False,True,PASS,False,0.0,0.0,0.0,
IF2401,20240104,093104700,1364456280.0,1347,3378.8,98370,3719.6,3043.6,1704331864724237,3378.6,3378.4,3378.2,3378.0,3377.8,3378.8,3379.8,3380.0,3380.2,3380.6,1,2,2,7,26,2,1,2,2,1,34264700,IF,202401,200,AM,False,True,False,2024-01-04 09:31:04.700,2024-01-04 01:31:04.724237+00:00,0,True,5,5,False,False,True,PASS,False,13.0,13178400.0,-8.0,3379.076923076923
IF2403,20240104,093104700,454524960.0,447,3392.6,100968,3734.4,3055.6,1704331864724245,3392.6,3392.4,3392.2,3391.8,3391.6,3393.0,3393.6,3394.4,3394.8,3395.2,3,1,1,1,1,2,1,3,1,2,34264700,IF,202403,200,AM,False,True,False,2024-01-04 09:31:04.700,2024-01-04 01:31:04.724245+00:00,0,True,5,5,False,False,True,PASS,False,2.0,2035560.0,-2.0,3392.6
IF2406,20240104,093104700,249596520.0,246,3386.0,62671,3728.0,3050.4,1704331864724253,3385.8,3385.4,3385.2,3384.8,3384.2,3386.0,3388.0,3388.8,3389.4,3390.0,1,2,1,1,4,6,2,2,6,1,34264700,IF,202406,200,AM,False,True,False,2024-01-04 09:31:04.700,2024-01-04 01:31:04.724253+00:00,0,True,5,5,False,False,True,PASS,False,1.0,1015800.0,-1.0,3386.0
IF2401,20240104,093105200,1366483560.0,1349,3378.8,98371,3719.6,3043.6,1704331865225472,3379.2,3379.0,3378.8,3378.6,3378.4,3379.8,3380.0,3380.2,3380.6,3380.8,1,1,5,4,4,1,2,2,1,2,34265200,IF,202401,200,AM,False,True,False,2024-01-04 09:31:05.200,2024-01-04 01:31:05.225472+00:00,0,True,5,5,False,False,True,PASS,False,2.0,2027280.0,1.0,3378.8
IF2403,20240104,093105200,456560520.0,449,3392.6,100966,3734.4,3055.6,1704331865225480,3392.4,3392.2,3391.8,3391.6,3391.4,3393.0,3393.6,3394.4,3394.8,3395.2,1,1,1,1,4,1,1,3,1,2,34265200,IF,202403,200,AM,False,True,False,2024-01-04 09:31:05.200,2024-01-04 01:31:05.225480+00:00,0,True,5,5,False,False,True,PASS,False,2.0,2035560.0,-2.0,3392.6
IF2406,20240104,093105200,252643800.0,249,3386.0,62668,3728.0,3050.4,1704331865225488,3385.4,3385.2,3384.8,3384.2,3383.4,3386.0,3388.0,3388.8,3389.4,3390.0,2,1,1,4,1,5,2,4,6,1,34265200,IF,202406,200,AM,False,True,False,2024-01-04 09:31:05.200,2024-01-04 01:31:05.225488+00:00,0,True,5,5,False,False,True,PASS,False,3.0,3047280.0,-3.0,3385.866666666667
IF2401,20240104,093105700,1367497200.0,1350,3378.8,98370,3719.6,3043.6,1704331865725382,3379.0,3378.8,3378.6,3378.4,3378.2,3379.2,3379.6,3379.8,3380.0,3380.2,3,6,3,4,2,1,6,1,2,2,34265700,IF,202401,200,AM,False,True,False,2024-01-04 09:31:05.700,2024-01-04 01:31:05.725382+00:00,0,True,5,5,False,False,True,PASS,False,1.0,1013640.0,-1.0,3378.8
IF2402,20240104,093105700,68011800.0,67,3386.4,6515,3727.0,3049.4,1704331865725390,3384.6,3384.4,3384.2,3384.0,3383.8,3390.0,3394.0,3396.0,3398.8,3432.8,1,3,1,1,2,2,4,1,2,1,34265700,IF,202402,200,AM,False,True,False,2024-01-04 09:31:05.700,2024-01-04 01:31:05.725390+00:00,0,True,5,5,False,False,True,PASS,False,6.0,6095100.0,-6.0,3386.1666666666665
IF2403,20240104,093105700,459613980.0,452,3392.6,100965,3734.4,3055.6,1704331865725398,3392.4,3392.2,3391.8,3391.6,3391.4,3394.4,3394.8,3395.2,3395.6,3396.0,3,5,1,1,4,2,1,2,1,2,34265700,IF,202403,200,AM,False,True,False,2024-01-04 09:31:05.700,2024-01-04 01:31:05.725398+00:00,0,True,5,5,False,False,True,PASS,False,3.0,3053460.0,-1.0,3392.733333333333
IF2406,20240104,093105700,257722800.0,254,3386.0,62663,3728.0,3050.4,1704331865725406,3385.6,3385.4,3385.2,3384.8,3384.2,3388.0,3388.8,3389.4,3390.0,3391.0,2,2,1,1,4,2,4,6,1,1,34265700,IF,202406,200,AM,False,True,False,2024-01-04 09:31:05.700,2024-01-04 01:31:05.725406+00:00,0,True,5,5,False,False,True,PASS,False,5.0,5079000.0,-5.0,3386.0
IF2401,20240104,093106200,1378648620.0,1361,3379.0,98365,3719.6,3043.6,1704331866224633,3379.0,3378.8,3378.6,3378.4,3378.2,3379.2,3379.8,3380.0,3380.2,3380.6,1,3,3,4,1,2,1,2,2,1,34266200,IF,202401,200,AM,False,True,False,2024-01-04 09:31:06.200,2024-01-04 01:31:06.224633+00:00,0,True,5,5,False,False,True,PASS,False,11.0,11151420.0,-5.0,3379.2181818181816
IF2402,20240104,093106200,68011800.0,67,3386.4,6515,3727.0,3049.4,1704331866224642,3385.4,3384.6,3384.4,3384.2,3384.0,3387.2,3387.4,3387.6,3388.0,3388.2,1,1,3,1,1,1,1,6,1,2,34266200,IF,202402,200,AM,False,True,False,2024-01-04 09:31:06.200,2024-01-04 01:31:06.224642+00:00,0,True,5,5,False,False,True,PASS,False,0.0,0.0,0.0,
IF2403,20240104,093106200,464703240.0,457,3392.6,100961,3734.4,3055.6,1704331866227505,3392.4,3392.2,3391.8,3391.6,3391.4,3392.6,3393.6,3393.8,3394.0,3394.2,3,5,1,1,3,2,6,4,7,9,34266200,IF,202403,200,AM,False,True,False,2024-01-04 09:31:06.200,2024-01-04 01:31:06.227505+00:00,0,True,5,5,False,False,True,PASS,False,5.0,5089260.0,-4.0,3392.84
IF2406,20240104,093106200,259755300.0,256,3387.6,62665,3728.0,3050.4,1704331866227513,3386.0,3385.8,3385.6,3385.4,3385.2,3387.6,3387.8,3388.0,3388.8,3389.4,1,1,2,2,1,2,1,2,4,7,34266200,IF,202406,200,AM,False,True,False,2024-01-04 09:31:06.200,2024-01-04 01:31:06.227513+00:00,0,True,5,5,False,False,True,PASS,False,2.0,2032500.0,2.0,3387.5
IF2401,20240104,093106700,1388786040.0,1371,3379.0,98357,3719.6,3043.6,1704331866725566,3378.8,3378.6,3378.4,3378.0,3377.8,3379.0,3379.2,3379.8,3380.0,3380.2,3,3,4,3,26,14,2,1,2,2,34266700,IF,202401,200,AM,False,True,False,2024-01-04 09:31:06.700,2024-01-04 01:31:06.725566+00:00,0,True,5,5,False,False,True,PASS,False,10.0,10137420.0,-8.0,3379.14
IF2402,20240104,093106700,68011800.0,67,3386.4,6515,3727.0,3049.4,1704331866725574,3385.8,3385.6,3384.6,3384.4,3384.2,3386.6,3386.8,3387.0,3387.4,3387.6,1,2,1,3,1,1,2,4,1,6,34266700,IF,202402,200,AM,False,True,False,2024-01-04 09:31:06.700,2024-01-04 01:31:06.725574+00:00,0,True,5,5,False,False,True,PASS,False,0.0,0.0,0.0,
IF2403,20240104,093106700,467756580.0,460,3392.6,100958,3734.4,3055.6,1704331866725582,3392.6,3392.4,3392.2,3392.0,3391.8,3393.2,3393.6,3393.8,3394.0,3394.2,5,1,5,5,1,1,6,1,3,8,34266700,IF,202403,200,AM,False,True,False,2024-01-04 09:31:06.700,2024-01-04 01:31:06.725582+00:00,0,True,5,5,False,False,True,PASS,False,3.0,3053340.0,-3.0,3392.6
IF2406,20240104,093106700,261787860.0,258,3387.6,62667,3728.0,3050.4,1704331866725593,3385.8,3385.6,3385.4,3385.2,3384.8,3387.4,3387.6,3387.8,3388.0,3388.8,1,2,2,1,1,1,2,1,2,4,34266700,IF,202406,200,AM,False,True,False,2024-01-04 09:31:06.700,2024-01-04 01:31:06.725593+00:00,0,True,5,5,False,False,True,PASS,False,2.0,2032560.0,2.0,3387.6
IF2401,20240104,093107200,1413114300.0,1395,3379.0,98342,3719.6,3043.6,1704331867227398,3378.4,3378.0,3377.8,3377.6,3377.4,3378.8,3379.0,3379.2,3379.8,3380.0,4,3,26,5,2,6,20,2,1,2,34267200,IF,202401,200,AM,False,True,False,2024-01-04 09:31:07.200,2024-01-04 01:31:07.227398+00:00,0,True,5,5,False,False,True,PASS,False,24.0,24328260.0,-15.0,3378.925
IF2402,20240104,093107200,69027540.0,68,3385.8,6515,3727.0,3049.4,1704331867227406,3384.6,3384.4,3384.2,3384.0,3383.8,3386.2,3386.4,3386.8,3387.0,3387.4,1,3,1,1,1,1,1,2,4,1,34267200,IF,202402,200,AM,False,True,False,2024-01-04 09:31:07.200,2024-01-04 01:31:07.227406+00:00,0,True,5,5,False,False,True,PASS,False,1.0,1015740.0,0.0,3385.8
IF2403,20240104,093107200,471827640.0,464,3392.4,100955,3734.4,3055.6,1704331867227414,3392.2,3392.0,3391.8,3391.6,3391.4,3392.6,3393.2,3393.6,3394.0,3394.2,5,5,1,1,1,1,1,6,2,8,34267200,IF,202403,200,AM,False,True,False,2024-01-04 09:31:07.200,2024-01-04 01:31:07.227414+00:00,0,True,5,5,False,False,True,PASS,False,4.0,4071060.0,-3.0,3392.55
IF2406,20240104,093107200,263820300.0,260,3387.4,62668,3728.0,3050.4,1704331867227422,3385.8,3385.6,3385.4,3385.2,3384.8,3387.4,3387.6,3387.8,3388.0,3388.8,1,2,2,1,1,4,1,1,2,2,34267200,IF,202406,200,AM,False,True,False,2024-01-04 09:31:07.200,2024-01-04 01:31:07.227422+00:00,0,True,5,5,False,False,True,PASS,False,2.0,2032440.0,1.0,3387.4
IF2401,20240104,093107700,1425276480.0,1407,3378.6,98337,3719.6,3043.6,1704331867727121,3378.0,3377.8,3377.6,3377.4,3377.2,3378.8,3379.0,3379.2,3379.8,3380.0,2,26,5,2,2,6,20,2,1,2,34267700,IF,202401,200,AM,False,True,False,2024-01-04 09:31:07.700,2024-01-04 01:31:07.727121+00:00,0,True,5,5,False,False,True,PASS,False,12.0,12162180.0,-5.0,3378.383333333333
IF2402,20240104,093107700,69027540.0,68,3385.8,6515,3727.0,3049.4,1704331867727129,3384.6,3384.4,3384.2,3384.0,3383.8,3386.0,3386.2,3386.8,3387.0,3387.4,1,3,1,1,1,1,1,2,3,1,34267700,IF,202402,200,AM,False,True,False,2024-01-04 09:31:07.700,2024-01-04 01:31:07.727129+00:00,0,True,5,5,False,False,True,PASS,False,0.0,0.0,0.0,
IF2403,20240104,093107700,477933780.0,470,3392.4,100953,3734.4,3055.6,1704331867727137,3392.2,3392.0,3391.6,3391.4,3391.2,3392.6,3392.8,3393.0,3393.2,3393.4,1,5,1,1,1,5,1,3,3,1,34267700,IF,202403,200,AM,False,True,False,2024-01-04 09:31:07.700,2024-01-04 01:31:07.727137+00:00,0,True,5,5,False,False,True,PASS,False,6.0,6106140.0,-2.0,3392.3
IF2406,20240104,093107700,265852740.0,262,3387.4,62669,3728.0,3050.4,1704331867727144,3385.6,3385.4,3385.2,3384.8,3384.2,3387.0,3387.2,3387.4,3387.6,3388.0,2,2,1,1,4,1,1,4,1,2,34267700,IF,202406,200,AM,False,True,False,2024-01-04 09:31:07.700,2024-01-04 01:31:07.727144+00:00,0,True,5,5,False,False,True,PASS,False,2.0,2032440.0,1.0,3387.4
IF2401,20240104,093108200,1437438900.0,1419,3378.6,98327,3719.6,3043.6,1704331868224756,3378.8,3378.0,3377.8,3377.6,3377.4,3379.0,3379.2,3379.8,3380.0,3380.2,3,3,26,5,2,20,2,1,2,2,34268200,IF,202401,200,AM,False,True,False,2024-01-04 09:31:08.200,2024-01-04 01:31:08.224756+00:00,0,True,5,5,False,False,True,PASS,False,12.0,12162420.0,-10.0,3378.45
IF2402,20240104,093108200,69027540.0,68,3385.8,6515,3727.0,3049.4,1704331868224764,3384.4,3384.2,3383.8,3383.6,3383.2,3385.8,3386.0,3386.2,3386.8,3387.0,3,1,1,1,4,3,1,1,2,2,34268200,IF,202402,200,AM,False,True,False,2024-01-04 09:31:08.200,2024-01-04 01:31:08.224764+00:00,0,True,5,5,False,False,True,PASS,False,0.0,0.0,0.0,
IF2403,20240104,093108200,478951440.0,471,3392.2,100952,3734.4,3055.6,1704331868224772,3392.0,3391.4,3391.2,3390.6,3389.4,3392.2,3392.6,3392.8,3393.0,3393.2,5,1,1,2,1,2,1,1,3,3,34268200,IF,202403,200,AM,False,True,False,2024-01-04 09:31:08.200,2024-01-04 01:31:08.224772+00:00,0,True,5,5,False,False,True,PASS,False,1.0,1017660.0,-1.0,3392.2
IF2406,20240104,093108200,266868420.0,263,3385.6,62668,3728.0,3050.4,1704331868224780,3385.4,3385.2,3384.8,3384.2,3383.4,3386.4,3386.8,3387.0,3387.4,3387.6,2,1,1,4,1,1,5,1,5,1,34268200,IF,202406,200,AM,False,True,False,2024-01-04 09:31:08.200,2024-01-04 01:31:08.224780+00:00,0,True,5,5,False,False,True,PASS,False,1.0,1015680.0,-1.0,3385.6
IF2401,20240104,093108700,1440479760.0,1422,3378.8,98325,3719.6,3043.6,1704331868727462,3378.0,3377.8,3377.4,3377.2,3377.0,3378.6,3378.8,3379.0,3379.2,3379.8,1,26,2,2,3,1,3,23,1,1,34268700,IF,202401,200,AM,False,True,False,2024-01-04 09:31:08.700,2024-01-04 01:31:08.727462+00:00,0,True,5,5,False,False,True,PASS,False,3.0,3040860.0,-2.0,3378.733333333333
IF2402,20240104,093108700,69027540.0,68,3385.8,6515,3727.0,3049.4,1704331868727470,3384.4,3384.2,3383.8,3383.6,3383.2,3385.8,3386.2,3386.8,3387.0,3387.4,4,1,1,1,4,3,1,2,2,1,34268700,IF,202402,200,AM,False,True,False,2024-01-04 09:31:08.700,2024-01-04 01:31:08.727470+00:00,0,True,5,5,False,False,True,PASS,False,0.0,0.0,0.0,
IF2403,20240104,093108700,482004540.0,474,3392.6,100949,3734.4,3055.6,1704331868727477,3392.6,3392.0,3391.4,3391.2,3390.6,3393.0,3393.2,3393.4,3394.0,3394.2,2,5,1,1,2,3,4,1,2,7,34268700,IF,202403,200,AM,False,True,False,2024-01-04 09:31:08.700,2024-01-04 01:31:08.727477+00:00,0,True,5,5,False,False,True,PASS,False,3.0,3053100.0,-3.0,3392.3333333333335
IF2406,20240104,093108700,268900260.0,265,3386.4,62668,3728.0,3050.4,1704331868727485,3385.6,3385.4,3385.2,3384.8,3384.2,3386.8,3387.2,3387.4,3387.6,3388.0,1,2,1,1,4,5,1,3,1,2,34268700,IF,202406,200,AM,False,True,False,2024-01-04 09:31:08.700,2024-01-04 01:31:08.727485+00:00,0,True,5,5,False,False,True,PASS,False,2.0,2031840.0,0.0,3386.4
IF2401,20240104,093109200,1445547420.0,1427,3378.8,98324,3719.6,3043.6,1704331869229216,3378.2,3378.0,3377.8,3377.4,3377.2,3379.0,3379.2,3379.8,3380.0,3380.2,3,2,26,2,2,23,1,1,3,2,34269200,IF,202401,200,AM,False,True,False,2024-01-04 09:31:09.200,2024-01-04 01:31:09.229216+00:00,0,True,5,5,False,False,True,PASS,False,5.0,5067660.0,-1.0,3378.44
IF2402,20240104,093109200,69027540.0,68,3385.8,6515,3727.0,3049.4,1704331869229224,3384.8,3384.4,3384.2,3383.8,3383.6,3385.8,3386.2,3386.8,3387.0,3387.4,1,4,1,1,1,3,1,2,2,1,34269200,IF,202402,200,AM,False,True,False,2024-01-04 09:31:09.200,2024-01-04 01:31:09.229224+00:00,0,True,5,5,False,False,True,PASS,False,0.0,0.0,0.0,
IF2403,20240104,093109200,485057820.0,477,3392.4,100948,3734.4,3055.6,1704331869229232,3392.0,3391.4,3391.2,3390.6,3389.4,3392.2,3392.4,3392.6,3392.8,3393.0,5,1,1,2,1,2,1,2,2,3,34269200,IF,202403,200,AM,False,True,False,2024-01-04 09:31:09.200,2024-01-04 01:31:09.229232+00:00,0,True,5,5,False,False,True,PASS,False,3.0,3053280.0,-1.0,3392.5333333333333
IF2406,20240104,093109200,268900260.0,265,3386.4,62668,3728.0,3050.4,1704331869229240,3386.0,3385.4,3385.2,3384.8,3384.2,3386.2,3386.6,3386.8,3387.0,3387.6,1,2,1,1,4,1,1,4,1,2,34269200,IF,202406,200,AM,False,True,False,2024-01-04 09:31:09.200,2024-01-04 01:31:09.229240+00:00,0,True,5,5,False,False,True,PASS,False,0.0,0.0,0.0,
IF2401,20240104,093109700,1452642420.0,1434,3378.8,98319,3719.6,3043.6,1704331869726760,3378.2,3378.0,3377.8,3377.4,3377.2,3379.0,3379.2,3379.8,3380.0,3380.2,1,4,26,2,2,24,1,1,3,2,34269700,IF,202401,200,AM,False,True,False,2024-01-04 09:31:09.700,2024-01-04 01:31:09.726760+00:00,0,True,5,5,False,False,True,PASS,False,7.0,7095000.0,-5.0,3378.5714285714284
IF2402,20240104,093109700,69027540.0,68,3385.8,6515,3727.0,3049.4,1704331869726769,3385.0,3384.8,3384.4,3384.2,3383.8,3385.8,3386.2,3386.8,3387.0,3387.4,2,1,4,1,1,3,1,2,2,1,34269700,IF,202402,200,AM,False,True,False,2024-01-04 09:31:09.700,2024-01-04 01:31:09.726769+00:00,0,True,5,5,False,False,True,PASS,False,0.0,0.0,0.0,
IF2403,20240104,093109700,487093140.0,479,3392.2,100947,3734.4,3055.6,1704331869726776,3392.0,3391.4,3391.2,3391.0,3390.6,3392.6,3392.8,3393.0,3393.2,3393.4,5,1,1,1,2,1,2,4,2,1,34269700,IF,202403,200,AM,False,True,False,2024-01-04 09:31:09.700,2024-01-04 01:31:09.726776+00:00,0,True,5,5,False,False,True,PASS,False,2.0,2035320.0,-1.0,3392.2
IF2406,20240104,093109700,269916120.0,266,3386.2,62668,3728.0,3050.4,1704331869726784,3386.2,3385.4,3385.2,3384.8,3384.2,3386.6,3386.8,3387.0,3387.4,3387.6,1,2,1,1,4,2,3,1,2,2,34269700,IF,202406,200,AM,False,True,False,2024-01-04 09:31:09.700,2024-01-04 01:31:09.726784+00:00,0,True,5,5,False,False,True,PASS,False,1.0,1015860.0,0.0,3386.2
IF2401,20240104,093110200,1455683220.0,1437,3379.0,98319,3719.6,3043.6,1704331870227088,3378.6,3378.4,3378.0,3377.8,3377.4,3379.0,3379.2,3379.8,3380.0,3380.2,2,1,4,26,2,25,1,1,3,2,34270200,IF,202401,200,AM,False,True,False,2024-01-04 09:31:10.200,2024-01-04 01:31:10.227088+00:00,0,True,5,5,False,False,True,PASS,False,3.0,3040800.0,0.0,3378.6666666666665
IF2402,20240104,093110200,70043040.0,69,3385.0,6514,3727.0,3049.4,1704331870227096,3385.0,3384.8,3384.4,3384.2,3383.8,3385.8,3386.2,3386.8,3387.0,3387.4,1,1,4,1,1,2,1,2,2,1,34270200,IF,202402,200,AM,False,True,False,2024-01-04 09:31:10.200,2024-01-04 01:31:10.227096+00:00,0,True,5,5,False,False,True,PASS,False,1.0,1015500.0,-1.0,3385.0
IF2403,20240104,093110200,487093140.0,479,3392.2,100947,3734.4,3055.6,1704331870227104,3392.0,3391.4,3391.2,3391.0,3390.6,3392.8,3393.0,3393.2,3393.4,3394.0,5,1,1,1,2,2,2,2,1,2,34270200,IF,202403,200,AM,False,True,False,2024-01-04 09:31:10.200,2024-01-04 01:31:10.227104+00:00,0,True,5,5,False,False,True,PASS,False,0.0,0.0,0.0,
IF2406,20240104,093110200,272963940.0,269,3386.6,62668,3728.0,3050.4,1704331870227112,3385.4,3385.2,3384.8,3384.2,3382.8,3386.8,3387.0,3387.4,3387.6,3388.0,2,1,1,4,5,2,1,2,2,2,34270200,IF,202406,200,AM,False,True,False,2024-01-04 09:31:10.200,2024-01-04 01:31:10.227112+00:00,0,True,5,5,False,False,True,PASS,False,3.0,3047820.0,0.0,3386.4666666666667
IF2401,20240104,093110700,1459737720.0,1441,3379.0,98318,3719.6,3043.6,1704331870727071,3378.6,3378.0,3377.8,3377.4,3377.2,3379.0,3379.2,3379.8,3380.0,3380.2,5,2,26,2,2,25,1,1,4,2,34270700,IF,202401,200,AM,False,True,False,2024-01-04 09:31:10.700,2024-01-04 01:31:10.727071+00:00,0,True,5,5,False,False,True,PASS,False,4.0,4054500.0,-1.0,3378.75
IF2406,20240104,093110700,273979980.0,270,3386.8,62668,3728.0,3050.4,1704331870727079,3385.6,3385.4,3385.2,3384.8,3384.2,3386.8,3387.4,3387.6,3388.0,3388.8,1,2,1,1,4,1,2,2,2,2,34270700,IF,202406,200,AM,False,True,False,2024-01-04 09:31:10.700,2024-01-04 01:31:10.727079+00:00,0,True,5,5,False,False,True,PASS,False,1.0,1016040.0,0.0,3386.8
IF2401,20240104,093111200,1494202200.0,1475,3379.0,98308,3719.6,3043.6,1704331871229390,3379.0,3377.8,3377.4,3377.2,3377.0,3379.2,3379.6,3379.8,3380.0,3380.2,3,26,2,2,3,1,1,2,4,2,34271200,IF,202401,200,AM,False,True,False,2024-01-04 09:31:11.200,2024-01-04 01:31:11.229390+00:00,0,True,5,5,False,False,True,PASS,False,34.0,34464480.0,-10.0,3378.8705882352942
IF2403,20240104,093111200,488110740.0,480,3392.0,100947,3734.4,3055.6,1704331871229398,3392.2,3392.0,3391.4,3391.2,3391.0,3392.8,3393.0,3393.2,3393.4,3394.0,5,4,1,1,1,2,2,2,1,2,34271200,IF,202403,200,AM,False,True,False,2024-01-04 09:31:11.200,2024-01-04 01:31:11.229398+00:00,0,True,5,5,False,False,True,PASS,False,1.0,1017600.0,0.0,3392.0
IF2406,20240104,093111200,274996020.0,271,3386.8,62668,3728.0,3050.4,1704331871229406,3386.8,3385.6,3385.4,3385.2,3384.8,3387.4,3387.6,3388.0,3388.8,3389.4,2,1,2,1,1,2,1,2,2,6,34271200,IF,202406,200,AM,False,True,False,2024-01-04 09:31:11.200,2024-01-04 01:31:11.229406+00:00,0,True,5,5,False,False,True,PASS,False,1.0,1016040.0,0.0,3386.8
IF2401,20240104,093111700,1500284460.0,1481,3379.2,98307,3719.6,3043.6,1704331871727225,3379.0,3378.8,3378.0,3377.8,3377.4,3379.4,3379.6,3379.8,3380.0,3380.2,13,3,1,26,2,1,1,2,4,2,34271700,IF,202401,200,AM,False,True,False,2024-01-04 09:31:11.700,2024-01-04 01:31:11.727225+00:00,0,True,5,5,False,False,True,PASS,False,6.0,6082260.0,-1.0,3379.0333333333333
IF2402,20240104,093111700,71058780.0,70,3385.8,6513,3727.0,3049.4,1704331871727233,3385.0,3384.8,3384.4,3384.2,3383.8,3386.2,3386.8,3387.0,3387.4,3387.6,1,1,4,1,1,1,2,2,1,1,34271700,IF,202402,200,AM,False,True,False,2024-01-04 09:31:11.700,2024-01-04 01:31:11.727233+00:00,0,True,5,5,False,False,True,PASS,False,1.0,1015740.0,-1.0,3385.8
IF2403,20240104,093111700,488110740.0,480,3392.0,100947,3734.4,3055.6,1704331871727241,3392.2,3392.0,3391.4,3391.2,3391.0,3392.6,3393.0,3393.2,3393.4,3394.0,6,6,2,1,1,1,1,2,1,2,34271700,IF,202403,200,AM,False,True,False,2024-01-04 09:31:11.700,2024-01-04 01:31:11.727241+00:00,0,True,5,5,False,False,True,PASS,False,0.0,0.0,0.0,
IF2406,20240104,093111700,277028100.0,273,3386.8,62668,3728.0,3050.4,1704331871727249,3386.0,3385.6,3385.4,3385.2,3384.8,3387.4,3388.0,3388.8,3389.4,3390.0,1,1,2,1,1,1,2,2,6,1,34271700,IF,202406,200,AM,False,True,False,2024-01-04 09:31:11.700,2024-01-04 01:31:11.727249+00:00,0,True,5,5,False,False,True,PASS,False,2.0,2032080.0,0.0,3386.8
IF2401,20240104,093112200,1504339920.0,1485,3379.6,98305,3719.6,3043.6,1704331872228933,3379.4,3379.2,3379.0,3378.8,3378.6,3379.8,3380.0,3380.2,3380.6,3380.8,20,2,14,3,1,2,4,2,1,2,34272200,IF,202401,200,AM,False,True,False,2024-01-04 09:31:12.200,2024-01-04 01:31:12.228933+00:00,0,True,5,5,False,False,True,PASS,False,4.0,4055460.0,-2.0,3379.55
IF2402,20240104,093112200,71058780.0,70,3385.8,6513,3727.0,3049.4,1704331872228941,3385.2,3385.0,3384.8,3384.4,3384.2,3386.8,3387.0,3387.4,3387.6,3388.4,1,1,1,4,1,2,2,1,1,1,34272200,IF,202402,200,AM,False,True,False,2024-01-04 09:31:12.200,2024-01-04 01:31:12.228941+00:00,0,True,5,5,False,False,True,PASS,False,0.0,0.0,0.0,
IF2403,20240104,093112200,490146420.0,482,3393.0,100945,3734.4,3055.6,1704331872228949,3392.6,3392.4,3392.2,3392.0,3391.4,3393.2,3394.0,3394.2,3394.4,3394.8,1,1,5,6,2,1,3,7,3,1,34272200,IF,202403,200,AM,False,True,False,2024-01-04 09:31:12.200,2024-01-04 01:31:12.228949+00:00,0,True,5,5,False,False,True,PASS,False,2.0,2035680.0,-2.0,3392.8
IF2406,20240104,093112200,277028100.0,273,3386.8,62668,3728.0,3050.4,1704331872228957,3386.2,3386.0,3385.4,3385.2,3384.8,3387.0,3387.2,3388.0,3388.4,3388.8,7,1,2,1,1,1,1,2,1,2,34272200,IF,202406,200,AM,False,True,False,2024-01-04 09:31:12.200,2024-01-04 01:31:12.228957+00:00,0,True,5,5,False,False,True,PASS,False,0.0,0.0,0.0,
IF2401,20240104,093112700,1514479860.0,1495,3379.8,98300,3719.6,3043.6,1704331872727781,3379.8,3379.6,3379.4,3379.2,3379.0,3380.6,3380.8,3381.0,3381.2,3381.4,1,1,30,1,6,1,2,7,2,1,34272700,IF,202401,200,AM,False,True,False,2024-01-04 09:31:12.700,2024-01-04 01:31:12.727781+00:00,0,True,5,5,False,False,True,PASS,False,10.0,10139940.0,-5.0,3379.98
IF2402,20240104,093112700,72074820.0,71,3386.8,6512,3727.0,3049.4,1704331872727789,3385.8,3385.4,3385.2,3385.0,3384.8,3387.0,3387.4,3387.6,3388.4,3389.0,1,3,1,1,1,2,1,1,1,1,34272700,IF,202402,200,AM,False,True,False,2024-01-04 09:31:12.700,2024-01-04 01:31:12.727789+00:00,0,True,5,5,False,False,True,PASS,False,1.0,1016040.0,-1.0,3386.8
IF2403,20240104,093112700,491164380.0,483,3393.2,100944,3734.4,3055.6,1704331872727797,3393.4,3392.8,3392.6,3392.4,3392.2,3394.0,3394.2,3394.4,3394.8,3395.2,3,3,3,1,5,1,3,3,1,2,34272700,IF,202403,200,AM,False,True,False,2024-01-04 09:31:12.700,2024-01-04 01:31:12.727797+00:00,0,True,5,5,False,False,True,PASS,False,1.0,1017960.0,-1.0,3393.2
IF2406,20240104,093112700,279060360.0,275,3387.2,62667,3728.0,3050.4,1704331872727805,3387.0,3386.8,3386.2,3386.0,3385.4,3388.0,3388.4,3388.8,3389.4,3390.0,3,2,7,1,2,2,1,2,6,1,34272700,IF,202406,200,AM,False,True,False,2024-01-04 09:31:12.700,2024-01-04 01:31:12.727805+00:00,0,True,5,5,False,False,True,PASS,False,2.0,2032260.0,-1.0,3387.1
IF2401,20240104,093113200,1522592280.0,1503,3380.8,98297,3719.6,3043.6,1704331873230304,3379.8,3379.6,3379.4,3379.2,3379.0,3380.8,3381.0,3381.2,3381.4,3381.6,11,3,22,2,9,1,7,2,1,12,34273200,IF,202401,200,AM,False,True,False,2024-01-04 09:31:13.200,2024-01-04 01:31:13.230304+00:00,0,True,5,5,False,False,True,PASS,False,8.0,8112420.0,-3.0,3380.175
IF2402,20240104,093113200,74107020.0,73,3387.0,6510,3727.0,3049.4,1704331873230312,3386.0,3385.8,3385.4,3385.2,3385.0,3388.4,3389.0,3389.8,3390.0,3394.0,4,1,2,1,1,1,1,5,3,4,34273200,IF,202402,200,AM,False,True,False,2024-01-04 09:31:13.200,2024-01-04 01:31:13.230312+00:00,0,True,5,5,False,False,True,PASS,False,2.0,2032200.0,-2.0,3387.0
IF2403,20240104,093113200,493200900.0,485,3394.4,100943,3734.4,3055.6,1704331873230320,3393.4,3393.2,3393.0,3392.8,3392.6,3394.8,3395.2,3395.6,3396.0,3398.0,3,2,1,3,1,1,1,1,2,3,34273200,IF,202403,200,AM,False,True,False,2024-01-04 09:31:13.200,2024-01-04 01:31:13.230320+00:00,0,True,5,5,False,False,True,PASS,False,2.0,2036520.0,-1.0,3394.2
IF2406,20240104,093113200,281093160.0,277,3388.0,62667,3728.0,3050.4,1704331873230327,3387.4,3387.2,3387.0,3386.8,3386.2,3388.8,3389.2,3389.4,3390.0,3391.0,2,2,4,2,6,2,1,6,1,1,34273200,IF,202406,200,AM,False,True,False,2024-01-04 09:31:13.200,2024-01-04 01:31:13.230327+00:00,0,True,5,5,False,False,True,PASS,False,2.0,2032800.0,0.0,3388.0
IF2401,20240104,093113700,1528676580.0,1509,3380.0,98295,3719.6,3043.6,1704331873729040,3380.0,3379.8,3379.6,3379.4,3379.2,3380.8,3381.0,3381.2,3381.4,3381.6,4,12,2,22,2,1,7,2,1,13,34273700,IF,202401,200,AM,False,True,False,2024-01-04 09:31:13.700,2024-01-04 01:31:13.729040+00:00,0,True,5,5,False,False,True,PASS,False,6.0,6084300.0,-2.0,3380.1666666666665
IF2402,20240104,093113700,74107020.0,73,3387.0,6510,3727.0,3049.4,1704331873729048,3386.2,3386.0,3385.8,3385.4,3385.2,3388.0,3388.2,3388.4,3389.8,3390.0,1,4,1,2,1,2,5,1,5,3,34273700,IF,202402,200,AM,False,True,False,2024-01-04 09:31:13.700,2024-01-04 01:31:13.729048+00:00,0,True,5,5,False,False,True,PASS,False,0.0,0.0,0.0,
IF2403,20240104,093113700,493200900.0,485,3394.4,100943,3734.4,3055.6,1704331873729057,3393.6,3393.4,3393.0,3392.8,3392.6,3394.6,3395.2,3395.6,3395.8,3396.0,2,5,1,2,1,1,1,1,1,2,34273700,IF,202403,200,AM,False,True,False,2024-01-04 09:31:13.700,2024-01-04 01:31:13.729057+00:00,0,True,5,5,False,False,True,PASS,False,0.0,0.0,0.0,
IF2406,20240104,093113700,282109560.0,278,3388.0,62666,3728.0,3050.4,1704331873729065,3388.0,3387.6,3387.4,3387.2,3387.0,3388.8,3389.2,3389.4,3390.0,3391.0,3,1,2,1,2,3,1,6,1,1,34273700,IF,202406,200,AM,False,True,False,2024-01-04 09:31:13.700,2024-01-04 01:31:13.729065+00:00,0,True,5,5,False,False,True,PASS,False,1.0,1016400.0,-1.0,3388.0
IF2401,20240104,093114200,1534761660.0,1515,3381.0,98289,3719.6,3043.6,1704331874227075,3380.8,3380.2,3380.0,3379.8,3379.6,3381.0,3381.2,3381.4,3381.6,3382.0,19,1,8,11,3,5,2,1,13,3,34274200,IF,202401,200,AM,False,True,False,2024-01-04 09:31:14.200,2024-01-04 01:31:14.227075+00:00,0,True,5,5,False,False,True,PASS,False,6.0,6085080.0,-6.0,3380.6
IF2402,20240104,093114200,74107020.0,73,3387.0,6510,3727.0,3049.4,1704331874227084,3386.2,3386.0,3385.8,3385.4,3385.2,3388.0,3388.2,3388.4,3389.8,3390.0,1,4,1,2,3,2,5,2,5,3,34274200,IF,202402,200,AM,False,True,False,2024-01-04 09:31:14.200,2024-01-04 01:31:14.227084+00:00,0,True,5,5,False,False,True,PASS,False,0.0,0.0,0.0,
IF2403,20240104,093114200,495237720.0,487,3394.8,100941,3734.4,3055.6,1704331874227091,3394.0,3393.8,3393.6,3393.4,3393.0,3394.6,3395.2,3395.6,3395.8,3396.0,1,1,3,5,1,3,1,1,1,2,34274200,IF,202403,200,AM,False,True,False,2024-01-04 09:31:14.200,2024-01-04 01:31:14.227091+00:00,0,True,5,5,False,False,True,PASS,False,2.0,2036820.0,-2.0,3394.7
IF2406,20240104,093114200,282109560.0,278,3388.0,62666,3728.0,3050.4,1704331874227099,3388.0,3387.6,3387.4,3387.2,3387.0,3388.6,3388.8,3389.2,3389.4,3390.0,1,1,2,1,2,2,3,1,6,1,34274200,IF,202406,200,AM,False,True,False,2024-01-04 09:31:14.200,2024-01-04 01:31:14.227099+00:00,0,True,5,5,False,False,True,PASS,False,0.0,0.0,0.0,
IF2401,20240104,093114700,1558089960.0,1538,3381.4,98271,3719.6,3043.6,1704331874727613,3381.4,3380.8,3380.2,3380.0,3379.8,3381.6,3382.0,3382.2,3382.6,3382.8,1,13,1,5,5,13,3,2,1,1,34274700,IF,202401,200,AM,False,True,False,2024-01-04 09:31:14.700,2024-01-04 01:31:14.727613+00:00,0,True,5,5,False,False,True,PASS,False,23.0,23328300.0,-18.0,3380.913043478261
IF2402,20240104,093114700,74107020.0,73,3387.0,6510,3727.0,3049.4,1704331874727621,3386.6,3386.4,3386.2,3386.0,3385.8,3388.2,3388.4,3389.8,3390.0,3394.0,1,1,1,4,1,5,2,5,2,4,34274700,IF,202402,200,AM,False,True,False,2024-01-04 09:31:14.700,2024-01-04 01:31:14.727621+00:00,0,True,5,5,False,False,True,PASS,False,0.0,0.0,0.0,
IF2403,20240104,093114700,498292860.0,490,3394.6,100938,3734.4,3055.6,1704331874727628,3395.0,3394.8,3394.6,3394.0,3393.8,3395.2,3395.6,3395.8,3396.0,3398.0,1,2,3,1,1,1,1,1,2,3,34274700,IF,202403,200,AM,False,True,False,2024-01-04 09:31:14.700,2024-01-04 01:31:14.727628+00:00,0,True,5,5,False,False,True,PASS,False,3.0,3055140.0,-3.0,3394.6
IF2406,20240104,093114700,282109560.0,278,3388.0,62666,3728.0,3050.4,1704331874727636,3388.0,3387.6,3387.4,3387.2,3387.0,3388.8,3389.2,3389.4,3390.0,3391.0,1,1,2,1,2,2,1,6,1,1,34274700,IF,202406,200,AM,False,True,False,2024-01-04 09:31:14.700,2024-01-04 01:31:14.727636+00:00,0,True,5,5,False,False,True,PASS,False,0.0,0.0,0.0,
IF2401,20240104,093115200,1574320620.0,1554,3381.4,98262,3719.6,3043.6,1704331875228245,3381.4,3380.8,3380.4,3380.0,3379.8,3381.6,3382.0,3382.2,3382.6,3382.8,2,4,2,5,6,12,3,7,1,1,34275200,IF,202401,200,AM,False,True,False,2024-01-04 09:31:15.200,2024-01-04 01:31:15.228245+00:00,0,True,5,5,False,False,True,PASS,False,16.0,16230660.0,-9.0,3381.3875
IF2402,20240104,093115200,74107020.0,73,3387.0,6510,3727.0,3049.4,1704331875228253,3387.0,3386.8,3386.4,3386.2,3386.0,3388.2,3389.8,3390.0,3394.0,3396.0,2,3,1,1,3,4,5,2,4,1,34275200,IF,202402,200,AM,False,True,False,2024-01-04 09:31:15.200,2024-01-04 01:31:15.228253+00:00,0,True,5,5,False,False,True,PASS,False,0.0,0.0,0.0,
IF2403,20240104,093115200,504403740.0,496,3394.8,100933,3734.4,3055.6,1704331875228261,3394.6,3394.0,3393.6,3393.4,3393.0,3395.0,3395.6,3395.8,3396.0,3398.0,2,3,3,2,1,1,1,1,2,3,34275200,IF,202403,200,AM,False,True,False,2024-01-04 09:31:15.200,2024-01-04 01:31:15.228261+00:00,0,True,5,5,False,False,True,PASS,False,6.0,6110880.0,-5.0,3394.9333333333334
IF2406,20240104,093115200,282109560.0,278,3388.0,62666,3728.0,3050.4,1704331875228269,3388.4,3388.2,3388.0,3387.4,3387.2,3388.8,3389.4,3390.0,3390.6,3391.0,1,5,1,2,1,2,6,1,1,2,34275200,IF,202406,200,AM,False,True,False,2024-01-04 09:31:15.200,2024-01-04 01:31:15.228269+00:00,0,True,5,5,False,False,True,PASS,False,0.0,0.0,0.0,
IF2401,20240104,093115700,1587506520.0,1567,3380.4,98252,3719.6,3043.6,1704331875728159,3380.0,3379.8,3379.6,3379.4,3379.0,3381.4,3381.6,3382.0,3382.2,3382.6,5,5,3,22,9,1,11,3,2,1,34275700,IF,202401,200,AM,False,True,False,2024-01-04 09:31:15.700,2024-01-04 01:31:15.728159+00:00,0,True,5,5,False,False,True,PASS,False,13.0,13185900.0,-10.0,3381.0
IF2402,20240104,093115700,74107020.0,73,3387.0,6510,3727.0,3049.4,1704331875728168,3387.6,3387.2,3387.0,3386.8,3386.4,3388.2,3389.8,3390.0,3394.0,3396.0,1,2,2,1,1,2,5,2,4,1,34275700,IF,202402,200,AM,False,True,False,2024-01-04 09:31:15.700,2024-01-04 01:31:15.728168+00:00,0,True,5,5,False,False,True,PASS,False,0.0,0.0,0.0,
IF2403,20240104,093115700,504403740.0,496,3394.8,100933,3734.4,3055.6,1704331875728176,3394.6,3394.0,3393.6,3393.4,3393.0,3395.0,3395.6,3395.8,3396.0,3398.0,1,3,3,2,1,1,1,1,2,3,34275700,IF,202403,200,AM,False,True,False,2024-01-04 09:31:15.700,2024-01-04 01:31:15.728176+00:00,0,True,5,5,False,False,True,PASS,False,0.0,0.0,0.0,
IF2406,20240104,093115700,283126200.0,279,3388.8,62665,3728.0,3050.4,1704331875728184,3388.4,3388.2,3388.0,3387.4,3387.2,3388.8,3389.4,3390.0,3390.6,3391.0,1,5,1,2,1,1,6,1,1,2,34275700,IF,202406,200,AM,False,True,False,2024-01-04 09:31:15.700,2024-01-04 01:31:15.728184+00:00,0,True,5,5,False,False,True,PASS,False,1.0,1016640.0,-1.0,3388.8
IF2401,20240104,093116200,1599676200.0,1579,3380.2,98242,3719.6,3043.6,1704331876227018,3380.2,3380.0,3379.8,3379.6,3379.4,3381.0,3381.2,3381.4,3381.6,3382.0,3,7,5,3,22,1,19,3,11,3,34276200,IF,202401,200,AM,False,True,False,2024-01-04 09:31:16.200,2024-01-04 01:31:16.227018+00:00,0,True,5,5,False,False,True,PASS,False,12.0,12169680.0,-10.0,3380.4666666666667
IF2402,20240104,093116200,75123300.0,74,3387.6,6509,3727.0,3049.4,1704331876227026,3386.2,3386.0,3385.8,3385.4,3385.2,3388.0,3388.2,3389.8,3390.0,3394.0,1,3,1,1,2,3,2,5,2,4,34276200,IF,202402,200,AM,False,True,False,2024-01-04 09:31:16.200,2024-01-04 01:31:16.227026+00:00,0,True,5,5,False,False,True,PASS,False,1.0,1016280.0,-1.0,3387.6
IF2403,20240104,093116200,510514020.0,502,3394.6,100929,3734.4,3055.6,1704331876227034,3394.6,3393.6,3393.4,3393.0,3392.6,3394.8,3395.0,3395.6,3395.8,3396.0,3,4,2,1,1,3,1,1,1,2,34276200,IF,202403,200,AM,False,True,False,2024-01-04 09:31:16.200,2024-01-04 01:31:16.227034+00:00,0,True,5,5,False,False,True,PASS,False,6.0,6110280.0,-4.0,3394.6
IF2406,20240104,093116200,288208740.0,284,3388.6,62663,3728.0,3050.4,1704331876227041,3387.4,3387.2,3387.0,3386.8,3386.2,3388.6,3388.8,3389.2,3389.4,3390.0,2,2,2,2,4,1,1,1,7,1,34276200,IF,202406,200,AM,False,True,False,2024-01-04 09:31:16.200,2024-01-04 01:31:16.227041+00:00,0,True,5,5,False,False,True,PASS,False,5.0,5082540.0,-2.0,3388.36
IF2401,20240104,093116700,1613874900.0,1593,3380.8,98236,3719.6,3043.6,1704331876729982,3380.0,3379.8,3379.6,3379.4,3379.0,3380.8,3381.0,3381.2,3381.4,3381.6,6,4,3,22,9,4,1,5,3,11,34276700,IF,202401,200,AM,False,True,False,2024-01-04 09:31:16.700,2024-01-04 01:31:16.729982+00:00,0,True,5,5,False,False,True,PASS,False,14.0,14198700.0,-6.0,3380.6428571428573
IF2402,20240104,093116700,75123300.0,74,3387.6,6509,3727.0,3049.4,1704331876729990,3386.6,3386.4,3386.2,3386.0,3385.8,3387.8,3388.0,3388.2,3389.8,3390.0,1,1,1,3,1,3,3,2,5,2,34276700,IF,202402,200,AM,False,True,False,2024-01-04 09:31:16.700,2024-01-04 01:31:16.729990+00:00,0,True,5,5,False,False,True,PASS,False,0.0,0.0,0.0,
IF2403,20240104,093116700,517642680.0,509,3394.6,100923,3734.4,3055.6,1704331876729998,3393.4,3393.0,3392.8,3392.6,3392.2,3394.2,3394.4,3394.6,3394.8,3395.0,2,1,1,1,5,6,2,12,3,4,34276700,IF,202403,200,AM,False,True,False,2024-01-04 09:31:16.700,2024-01-04 01:31:16.729998+00:00,0,True,5,5,False,False,True,PASS,False,7.0,7128660.0,-6.0,3394.6
IF2406,20240104,093116700,290241900.0,286,3388.6,62663,3728.0,3050.4,1704331876730007,3387.4,3387.2,3387.0,3386.8,3386.2,3388.4,3388.6,3388.8,3389.2,3389.4,2,2,2,2,4,5,1,1,1,7,34276700,IF,202406,200,AM,False,True,False,2024-01-04 09:31:16.700,2024-01-04 01:31:16.730007+00:00,0,True,5,5,False,False,True,PASS,False,2.0,2033160.0,0.0,3388.6
IF2401,20240104,093117200,1624017300.0,1603,3380.8,98228,3719.6,3043.6,1704331877227199,3380.8,3380.0,3379.8,3379.6,3379.4,3381.0,3381.2,3381.4,3381.6,3382.0,11,5,2,3,2,1,5,3,11,3,34277200,IF,202401,200,AM,False,True,False,2024-01-04 09:31:17.200,2024-01-04 01:31:17.227199+00:00,0,True,5,5,False,False,True,PASS,False,10.0,10142400.0,-8.0,3380.8
IF2402,20240104,093117200,75123300.0,74,3387.6,6509,3727.0,3049.4,1704331877227207,3386.2,3386.0,3385.8,3385.4,3385.2,3387.8,3388.0,3388.2,3389.8,3390.0,1,3,1,1,2,2,3,2,5,2,34277200,IF,202402,200,AM,False,True,False,2024-01-04 09:31:17.200,2024-01-04 01:31:17.227207+00:00,0,True,5,5,False,False,True,PASS,False,0.0,0.0,0.0,
IF2403,20240104,093117200,518661060.0,510,3394.6,100923,3734.4,3055.6,1704331877227215,3393.0,3392.8,3392.6,3392.2,3392.0,3394.6,3394.8,3395.0,3395.6,3395.8,1,1,2,5,5,10,4,4,1,1,34277200,IF,202403,200,AM,False,True,False,2024-01-04 09:31:17.200,2024-01-04 01:31:17.227215+00:00,0,True,5,5,False,False,True,PASS,False,1.0,1018380.0,0.0,3394.6
IF2406,20240104,093117200,290241900.0,286,3388.6,62663,3728.0,3050.4,1704331877227223,3387.4,3387.2,3387.0,3386.8,3386.4,3388.4,3388.6,3388.8,3389.2,3389.4,1,1,2,2,1,2,1,1,1,1,34277200,IF,202406,200,AM,False,True,False,2024-01-04 09:31:17.200,2024-01-04 01:31:17.227223+00:00,0,True,5,5,False,False,True,PASS,False,0.0,0.0,0.0,
IF2401,20240104,093117700,1645316340.0,1624,3380.8,98210,3719.6,3043.6,1704331877729243,3380.0,3379.8,3379.6,3379.4,3379.0,3380.8,3381.0,3381.2,3381.4,3381.6,5,2,3,2,9,3,3,5,4,11,34277700,IF,202401,200,AM,False,True,False,2024-01-04 09:31:17.700,2024-01-04 01:31:17.729243+00:00,0,True,5,5,False,False,True,PASS,False,21.0,21299040.0,-18.0,3380.8
IF2402,20240104,093117700,75123300.0,74,3387.6,6509,3727.0,3049.4,1704331877729251,3386.2,3386.0,3385.8,3385.4,3385.2,3387.8,3388.0,3388.2,3389.8,3390.0,1,3,1,1,2,1,3,2,5,2,34277700,IF,202402,200,AM,False,True,False,2024-01-04 09:31:17.700,2024-01-04 01:31:17.729251+00:00,0,True,5,5,False,False,True,PASS,False,0.0,0.0,0.0,
IF2403,20240104,093117700,518661060.0,510,3394.6,100923,3734.4,3055.6,1704331877729259,3393.6,3393.2,3393.0,3392.8,3392.6,3394.6,3394.8,3395.0,3395.6,3395.8,3,6,1,1,2,6,3,4,1,1,34277700,IF,202403,200,AM,False,True,False,2024-01-04 09:31:17.700,2024-01-04 01:31:17.729259+00:00,0,True,5,5,False,False,True,PASS,False,0.0,0.0,0.0,
IF2406,20240104,093117700,291258480.0,287,3388.6,62662,3728.0,3050.4,1704331877729267,3387.6,3387.2,3387.0,3386.8,3386.4,3388.4,3388.6,3388.8,3389.2,3389.4,1,1,2,2,1,1,1,1,1,1,34277700,IF,202406,200,AM,False,True,False,2024-01-04 09:31:17.700,2024-01-04 01:31:17.729267+00:00,0,True,5,5,False,False,True,PASS,False,1.0,1016580.0,-1.0,3388.6
IF2401,20240104,093118200,1646330580.0,1625,3380.8,98209,3719.6,3043.6,1704331878231812,3380.2,3380.0,3379.8,3379.6,3379.4,3380.6,3381.0,3381.2,3381.4,3381.6,1,5,2,3,2,1,3,5,4,11,34278200,IF,202401,200,AM,False,True,False,2024-01-04 09:31:18.200,2024-01-04 01:31:18.231812+00:00,0,True,5,5,False,False,True,PASS,False,1.0,1014240.0,-1.0,3380.8
IF2402,20240104,093118200,75123300.0,74,3387.6,6509,3727.0,3049.4,1704331878231820,3386.2,3386.0,3385.8,3385.4,3385.2,3387.8,3388.0,3388.2,3389.8,3390.0,1,1,1,1,2,1,3,2,5,2,34278200,IF,202402,200,AM,False,True,False,2024-01-04 09:31:18.200,2024-01-04 01:31:18.231820+00:00,0,True,5,5,False,False,True,PASS,False,0.0,0.0,0.0,
IF2403,20240104,093118200,519679440.0,511,3394.6,100922,3734.4,3055.6,1704331878231828,3393.2,3393.0,3392.8,3392.6,3392.2,3394.4,3394.6,3394.8,3395.0,3395.6,4,1,1,2,5,1,6,4,4,1,34278200,IF,202403,200,AM,False,True,False,2024-01-04 09:31:18.200,2024-01-04 01:31:18.231828+00:00,0,True,5,5,False,False,True,PASS,False,1.0,1018380.0,-1.0,3394.6
IF2406,20240104,093118200,293291280.0,289,3388.4,62661,3728.0,3050.4,1704331878231836,3387.2,3387.0,3386.8,3386.4,3386.2,3388.2,3388.6,3388.8,3389.2,3389.4,1,2,2,1,4,1,1,1,1,1,34278200,IF,202406,200,AM,False,True,False,2024-01-04 09:31:18.200,2024-01-04 01:31:18.231836+00:00,0,True,5,5,False,False,True,PASS,False,2.0,2032800.0,-1.0,3388.0
IF2401,20240104,093118700,1649373420.0,1628,3381.0,98206,3719.6,3043.6,1704331878728724,3380.8,3380.4,3380.0,3379.8,3379.6,3381.0,3381.2,3381.4,3381.6,3381.8,1,2,5,2,1,1,3,4,19,1,34278700,IF,202401,200,AM,False,True,False,2024-01-04 09:31:18.700,2024-01-04 01:31:18.728724+00:00,0,True,5,5,False,False,True,PASS,False,3.0,3042840.0,-3.0,3380.9333333333334
IF2402,20240104,093118700,75123300.0,74,3387.6,6509,3727.0,3049.4,1704331878728732,3386.2,3386.0,3385.8,3385.4,3385.2,3387.8,3388.0,3388.2,3389.8,3390.0,1,1,1,1,2,1,3,2,6,2,34278700,IF,202402,200,AM,False,True,False,2024-01-04 09:31:18.700,2024-01-04 01:31:18.728732+00:00,0,True,5,5,False,False,True,PASS,False,0.0,0.0,0.0,
IF2403,20240104,093118700,520697520.0,512,3393.6,100921,3734.4,3055.6,1704331878728740,3393.4,3393.2,3393.0,3392.8,3392.6,3394.4,3394.6,3394.8,3395.0,3395.6,1,5,1,1,2,2,7,4,4,1,34278700,IF,202403,200,AM,False,True,False,2024-01-04 09:31:18.700,2024-01-04 01:31:18.728740+00:00,0,True,5,5,False,False,True,PASS,False,1.0,1018080.0,-1.0,3393.6
IF2406,20240104,093118700,295324320.0,291,3388.4,62660,3728.0,3050.4,1704331878728748,3388.4,3388.2,3387.4,3387.2,3387.0,3388.6,3388.8,3389.2,3389.4,3390.0,3,2,4,1,2,1,1,1,1,1,34278700,IF,202406,200,AM,False,True,False,2024-01-04 09:31:18.700,2024-01-04 01:31:18.728748+00:00,0,True,5,5,False,False,True,PASS,False,2.0,2033040.0,-1.0,3388.4
IF2401,20240104,093119200,1654444620.0,1633,3380.8,98206,3719.6,3043.6,1704331879227212,3380.4,3380.0,3379.8,3379.6,3379.4,3380.8,3381.0,3381.2,3381.4,3381.6,2,5,2,1,2,3,7,2,4,19,34279200,IF,202401,200,AM,False,True,False,2024-01-04 09:31:19.200,2024-01-04 01:31:19.227212+00:00,0,True,5,5,False,False,True,PASS,False,5.0,5071200.0,0.0,3380.8
IF2402,20240104,093119200,75123300.0,74,3387.6,6509,3727.0,3049.4,1704331879227220,3386.4,3386.2,3386.0,3385.8,3385.4,3387.8,3388.0,3388.2,3389.8,3390.0,3,1,1,1,1,1,3,2,6,2,34279200,IF,202402,200,AM,False,True,False,2024-01-04 09:31:19.200,2024-01-04 01:31:19.227220+00:00,0,True,5,5,False,False,True,PASS,False,0.0,0.0,0.0,
IF2403,20240104,093119200,521715900.0,513,3394.6,100920,3734.4,3055.6,1704331879227228,3393.6,3393.4,3393.2,3393.0,3392.8,3394.6,3394.8,3395.0,3395.6,3395.8,2,3,5,1,1,5,4,4,1,1,34279200,IF,202403,200,AM,False,True,False,2024-01-04 09:31:19.200,2024-01-04 01:31:19.227228+00:00,0,True,5,5,False,False,True,PASS,False,1.0,1018380.0,-1.0,3394.6
IF2406,20240104,093119200,295324320.0,291,3388.4,62660,3728.0,3050.4,1704331879227236,3388.4,3388.2,3387.4,3387.2,3387.0,3388.6,3388.8,3389.2,3389.4,3390.0,3,2,6,1,2,1,1,1,1,1,34279200,IF,202406,200,AM,False,True,False,2024-01-04 09:31:19.200,2024-01-04 01:31:19.227236+00:00,0,True,5,5,False,False,True,PASS,False,0.0,0.0,0.0,
IF2401,20240104,093119700,1672700940.0,1651,3380.8,98188,3719.6,3043.6,1704331879726030,3380.8,3380.6,3380.4,3380.2,3380.0,3381.0,3381.2,3381.4,3381.6,3381.8,4,1,2,1,5,7,2,4,19,1,34279700,IF,202401,200,AM,False,True,False,2024-01-04 09:31:19.700,2024-01-04 01:31:19.726030+00:00,0,True,5,5,False,False,True,PASS,False,18.0,18256320.0,-18.0,3380.8
IF2402,20240104,093119700,77155140.0,76,3386.4,6507,3727.0,3049.4,1704331879726038,3386.2,3386.0,3385.8,3385.2,3385.0,3387.8,3388.0,3388.2,3389.8,3390.0,1,1,1,2,1,1,3,2,6,2,34279700,IF,202402,200,AM,False,True,False,2024-01-04 09:31:19.700,2024-01-04 01:31:19.726038+00:00,0,True,5,5,False,False,True,PASS,False,2.0,2031840.0,-2.0,3386.4
IF2403,20240104,093119700,524770980.0,516,3394.4,100920,3734.4,3055.6,1704331879726046,3393.6,3393.4,3393.2,3393.0,3392.8,3394.4,3394.6,3394.8,3395.0,3395.6,3,3,5,1,1,1,4,4,4,1,34279700,IF,202403,200,AM,False,True,False,2024-01-04 09:31:19.700,2024-01-04 01:31:19.726046+00:00,0,True,5,5,False,False,True,PASS,False,3.0,3055080.0,0.0,3394.5333333333333
IF2406,20240104,093119700,300406800.0,296,3388.2,62657,3728.0,3050.4,1704331879726053,3387.4,3387.2,3387.0,3386.8,3386.4,3388.4,3388.6,3388.8,3389.2,3389.4,2,1,2,2,1,3,1,1,1,1,34279700,IF,202406,200,AM,False,True,False,2024-01-04 09:31:19.700,2024-01-04 01:31:19.726053+00:00,0,True,5,5,False,False,True,PASS,False,5.0,5082480.0,-3.0,3388.32
IF2401,20240104,093120200,1687914240.0,1666,3380.4,98182,3719.6,3043.6,1704331880226936,3380.2,3380.0,3379.8,3379.6,3379.4,3381.0,3381.2,3381.4,3381.6,3381.8,1,5,2,1,2,8,2,2,19,1,34280200,IF,202401,200,AM,False,True,False,2024-01-04 09:31:20.200,2024-01-04 01:31:20.226936+00:00,0,True,5,5,False,False,True,PASS,False,15.0,15213300.0,-6.0,3380.733333333333
IF2402,20240104,093120200,77155140.0,76,3386.4,6507,3727.0,3049.4,1704331880226944,3386.4,3386.2,3386.0,3385.8,3385.2,3387.8,3388.0,3388.2,3389.8,3390.0,1,1,1,1,2,1,3,2,6,2,34280200,IF,202402,200,AM,False,True,False,2024-01-04 09:31:20.200,2024-01-04 01:31:20.226944+00:00,0,True,5,5,False,False,True,PASS,False,0.0,0.0,0.0,
IF2403,20240104,093120200,526807620.0,518,3394.4,100918,3734.4,3055.6,1704331880226952,3393.6,3393.4,3393.2,3393.0,3392.8,3394.6,3394.8,3395.0,3395.6,3395.8,2,2,5,1,1,4,4,3,1,1,34280200,IF,202403,200,AM,False,True,False,2024-01-04 09:31:20.200,2024-01-04 01:31:20.226952+00:00,0,True,5,5,False,False,True,PASS,False,2.0,2036640.0,-2.0,3394.4
IF2406,20240104,093120200,301423320.0,297,3388.4,62656,3728.0,3050.4,1704331880226960,3387.6,3387.4,3387.2,3387.0,3386.8,3388.4,3388.6,3388.8,3389.2,3389.4,2,2,1,2,2,1,1,1,1,1,34280200,IF,202406,200,AM,False,True,False,2024-01-04 09:31:20.200,2024-01-04 01:31:20.226960+00:00,0,True,5,5,False,False,True,PASS,False,1.0,1016520.0,-1.0,3388.4
IF2401,20240104,093120700,1710228720.0,1688,3381.4,98174,3719.6,3043.6,1704331880727816,3381.0,3380.8,3380.2,3380.0,3379.8,3381.4,3381.6,3381.8,3382.0,3382.2,8,1,1,5,2,1,19,1,3,2,34280700,IF,202401,200,AM,False,True,False,2024-01-04 09:31:20.700,2024-01-04 01:31:20.727816+00:00,0,True,5,5,False,False,True,PASS,False,22.0,22314480.0,-8.0,3380.981818181818
IF2402,20240104,093120700,79186920.0,78,3386.2,6506,3727.0,3049.4,1704331880727824,3386.0,3385.8,3385.2,3385.0,3384.4,3387.6,3387.8,3388.0,3388.2,3389.8,1,1,2,1,3,1,1,3,2,6,34280700,IF,202402,200,AM,False,True,False,2024-01-04 09:31:20.700,2024-01-04 01:31:20.727824+00:00,0,True,5,5,False,False,True,PASS,False,2.0,2031780.0,-1.0,3386.3
IF2403,20240104,093120700,527825700.0,519,3393.6,100917,3734.4,3055.6,1704331880727832,3393.2,3393.0,3392.8,3392.6,3392.2,3394.2,3394.4,3394.6,3394.8,3395.0,5,1,1,2,5,1,4,5,4,3,34280700,IF,202403,200,AM,False,True,False,2024-01-04 09:31:20.700,2024-01-04 01:31:20.727832+00:00,0,True,5,5,False,False,True,PASS,False,1.0,1018080.0,-1.0,3393.6
IF2406,20240104,093120700,301423320.0,297,3388.4,62656,3728.0,3050.4,1704331880727840,3387.6,3387.4,3387.2,3387.0,3386.4,3388.4,3388.6,3388.8,3389.2,3389.4,2,2,1,2,1,1,1,1,1,1,34280700,IF,202406,200,AM,False,True,False,2024-01-04 09:31:20.700,2024-01-04 01:31:20.727840+00:00,0,True,5,5,False,False,True,PASS,False,0.0,0.0,0.0,
IF2401,20240104,093121200,1724428260.0,1702,3381.0,98162,3719.6,3043.6,1704331881226992,3380.0,3379.8,3379.6,3379.4,3379.2,3380.6,3380.8,3381.0,3381.2,3381.4,4,2,1,2,2,1,1,3,3,5,34281200,IF,202401,200,AM,False,True,False,2024-01-04 09:31:21.200,2024-01-04 01:31:21.226992+00:00,0,True,5,5,False,False,True,PASS,False,14.0,14199540.0,-12.0,3380.842857142857
IF2402,20240104,093121200,79186920.0,78,3386.2,6506,3727.0,3049.4,1704331881227000,3386.2,3386.0,3385.8,3385.2,3384.4,3388.0,3388.2,3389.8,3390.0,3394.0,3,1,1,2,3,3,2,6,2,4,34281200,IF,202402,200,AM,False,True,False,2024-01-04 09:31:21.200,2024-01-04 01:31:21.227000+00:00,0,True,5,5,False,False,True,PASS,False,0.0,0.0,0.0,
IF2403,20240104,093121200,529862040.0,521,3393.6,100917,3734.4,3055.6,1704331881227008,3393.4,3393.2,3393.0,3392.8,3392.6,3394.4,3394.6,3394.8,3395.0,3395.6,1,6,1,1,2,4,4,3,2,1,34281200,IF,202403,200,AM,False,True,False,2024-01-04 09:31:21.200,2024-01-04 01:31:21.227008+00:00,0,True,5,5,False,False,True,PASS,False,2.0,2036340.0,0.0,3393.9
IF2406,20240104,093121200,302439840.0,298,3388.4,62655,3728.0,3050.4,1704331881227016,3387.8,3387.6,3387.4,3387.2,3387.0,3388.6,3388.8,3389.2,3389.4,3390.0,5,1,2,1,2,1,1,1,1,1,34281200,IF,202406,200,AM,False,True,False,2024-01-04 09:31:21.200,2024-01-04 01:31:21.227016+00:00,0,True,5,5,False,False,True,PASS,False,1.0,1016520.0,-1.0,3388.4
IF2401,20240104,093121700,1725442560.0,1703,3381.0,98163,3719.6,3043.6,1704331881732641,3380.2,3380.0,3379.8,3379.6,3379.4,3380.4,3380.6,3380.8,3381.0,3381.2,4,4,2,1,2,6,2,1,7,1,34281700,IF,202401,200,AM,False,True,False,2024-01-04 09:31:21.700,2024-01-04 01:31:21.732641+00:00,0,True,5,5,False,False,True,PASS,False,1.0,1014300.0,1.0,3381.0
IF2402,20240104,093121700,80202780.0,79,3386.2,6506,3727.0,3049.4,1704331881732649,3385.8,3385.2,3384.4,3383.2,3383.0,3387.2,3387.4,3387.8,3388.0,3388.2,1,2,3,4,1,1,1,4,3,2,34281700,IF,202402,200,AM,False,True,False,2024-01-04 09:31:21.700,2024-01-04 01:31:21.732649+00:00,0,True,5,5,False,False,True,PASS,False,1.0,1015860.0,0.0,3386.2
IF2403,20240104,093121700,529862040.0,521,3393.6,100917,3734.4,3055.6,1704331881732657,3393.4,3393.2,3392.8,3392.6,3392.2,3394.2,3394.4,3394.6,3394.8,3395.0,1,3,1,2,5,2,7,4,3,2,34281700,IF,202403,200,AM,False,True,False,2024-01-04 09:31:21.700,2024-01-04 01:31:21.732657+00:00,0,True,5,5,False,False,True,PASS,False,0.0,0.0,0.0,
IF2406,20240104,093121700,302439840.0,298,3388.4,62655,3728.0,3050.4,1704331881732665,3387.0,3386.4,3386.2,3382.8,3381.6,3388.2,3388.4,3388.8,3389.2,3389.4,2,1,4,4,1,3,2,1,1,1,34281700,IF,202406,200,AM,False,True,False,2024-01-04 09:31:21.700,2024-01-04 01:31:21.732665+00:00,0,True,5,5,False,False,True,PASS,False,0.0,0.0,0.0,
IF2401,20240104,093122200,1731526980.0,1709,3380.2,98162,3719.6,3043.6,1704331882227783,3380.0,3379.8,3379.6,3379.4,3379.2,3380.4,3380.6,3380.8,3381.0,3381.2,4,2,1,2,2,5,2,1,9,1,34282200,IF,202401,200,AM,False,True,False,2024-01-04 09:31:22.200,2024-01-04 01:31:22.227783+00:00,0,True,5,5,False,False,True,PASS,False,6.0,6084420.0,-1.0,3380.233333333333
IF2402,20240104,093122200,80202780.0,79,3386.2,6506,3727.0,3049.4,1704331882227791,3386.0,3385.8,3385.2,3384.4,3383.2,3387.0,3387.8,3388.0,3388.2,3389.8,1,1,2,3,4,4,3,4,2,6,34282200,IF,202402,200,AM,False,True,False,2024-01-04 09:31:22.200,2024-01-04 01:31:22.227791+00:00,0,True,5,5,False,False,True,PASS,False,0.0,0.0,0.0,
IF2403,20240104,093122200,529862040.0,521,3393.6,100917,3734.4,3055.6,1704331882227799,3393.2,3392.6,3392.4,3392.2,3392.0,3393.4,3394.4,3394.6,3394.8,3395.0,3,2,1,5,5,2,8,4,3,2,34282200,IF,202403,200,AM,False,True,False,2024-01-04 09:31:22.200,2024-01-04 01:31:22.227799+00:00,0,True,5,5,False,False,True,PASS,False,0.0,0.0,0.0,
IF2406,20240104,093122200,304472280.0,300,3387.4,62656,3728.0,3050.4,1704331882227807,3387.2,3387.0,3386.4,3386.2,3382.8,3388.0,3388.2,3388.4,3388.8,3389.2,3,2,1,4,4,2,2,2,1,1,34282200,IF,202406,200,AM,False,True,False,2024-01-04 09:31:22.200,2024-01-04 01:31:22.227807+00:00,0,True,5,5,False,False,True,PASS,False,2.0,2032440.0,1.0,3387.4
IF2401,20240104,093122700,1743694560.0,1721,3380.2,98153,3719.6,3043.6,1704331882729972,3379.0,3378.8,3378.2,3377.8,3377.4,3380.2,3380.4,3380.6,3380.8,3381.0,9,1,2,2,2,3,5,3,1,9,34282700,IF,202401,200,AM,False,True,False,2024-01-04 09:31:22.700,2024-01-04 01:31:22.729972+00:00,0,True,5,5,False,False,True,PASS,False,12.0,12167580.0,-9.0,3379.883333333333
IF2402,20240104,093122700,84265440.0,83,3385.2,6504,3727.0,3049.4,1704331882729980,3384.4,3383.2,3383.0,3382.6,3382.2,3387.0,3387.8,3388.0,3388.2,3389.8,3,4,1,1,1,4,3,4,2,6,34282700,IF,202402,200,AM,False,True,False,2024-01-04 09:31:22.700,2024-01-04 01:31:22.729980+00:00,0,True,5,5,False,False,True,PASS,False,4.0,4062660.0,-2.0,3385.55
IF2403,20240104,093122700,532915860.0,524,3392.6,100915,3734.4,3055.6,1704331882729988,3392.6,3392.2,3392.0,3391.4,3391.0,3393.2,3394.4,3394.6,3394.8,3395.0,1,5,5,1,1,3,9,4,3,2,34282700,IF,202403,200,AM,False,True,False,2024-01-04 09:31:22.700,2024-01-04 01:31:22.729988+00:00,0,True,5,5,False,False,True,PASS,False,3.0,3053820.0,-2.0,3393.133333333333
IF2406,20240104,093122700,307520640.0,303,3387.0,62656,3728.0,3050.4,1704331882729996,3386.2,3385.0,3382.8,3381.6,3381.2,3387.2,3387.6,3387.8,3388.0,3388.2,2,1,4,1,1,1,1,1,3,2,34282700,IF,202406,200,AM,False,True,False,2024-01-04 09:31:22.700,2024-01-04 01:31:22.729996+00:00,0,True,5,5,False,False,True,PASS,False,3.0,3048360.0,0.0,3387.0666666666666
IF2401,20240104,093123200,1749778920.0,1727,3380.2,98149,3719.6,3043.6,1704331883231151,3379.2,3379.0,3378.8,3377.8,3377.4,3380.0,3380.2,3380.4,3380.6,3380.8,1,4,1,2,2,10,5,9,3,1,34283200,IF,202401,200,AM,False,True,False,2024-01-04 09:31:23.200,2024-01-04 01:31:23.231151+00:00,0,True,5,5,False,False,True,PASS,False,6.0,6084360.0,-4.0,3380.2
IF2402,20240104,093123200,84265440.0,83,3385.2,6504,3727.0,3049.4,1704331883231159,3385.2,3385.0,3384.8,3384.6,3384.4,3386.6,3386.8,3387.0,3387.8,3388.0,1,2,2,2,1,3,2,4,1,4,34283200,IF,202402,200,AM,False,True,False,2024-01-04 09:31:23.200,2024-01-04 01:31:23.231159+00:00,0,True,5,5,False,False,True,PASS,False,0.0,0.0,0.0,
IF2403,20240104,093123200,534951420.0,526,3392.6,100914,3734.4,3055.6,1704331883231167,3392.2,3392.0,3391.4,3391.0,3390.8,3392.8,3393.2,3393.4,3393.8,3394.4,5,5,1,1,1,1,6,2,1,9,34283200,IF,202403,200,AM,False,True,False,2024-01-04 09:31:23.200,2024-01-04 01:31:23.231167+00:00,0,True,5,5,False,False,True,PASS,False,2.0,2035560.0,-1.0,3392.6
IF2406,20240104,093123200,307520640.0,303,3387.0,62656,3728.0,3050.4,1704331883231175,3385.2,3385.0,3382.8,3381.6,3381.2,3386.8,3387.0,3387.2,3387.6,3387.8,4,1,4,1,1,1,2,1,2,2,34283200,IF,202406,200,AM,False,True,False,2024-01-04 09:31:23.200,2024-01-04 01:31:23.231175+00:00,0,True,5,5,False,False,True,PASS,False,0.0,0.0,0.0,
IF2401,20240104,093123700,1755861300.0,1733,3379.2,98147,3719.6,3043.6,1704331883730944,3379.0,3378.8,3377.8,3377.4,3377.2,3379.4,3379.8,3380.0,3380.2,3380.4,1,1,2,2,2,1,1,11,5,7,34283700,IF,202401,200,AM,False,True,False,2024-01-04 09:31:23.700,2024-01-04 01:31:23.730944+00:00,0,True,5,5,False,False,True,PASS,False,6.0,6082380.0,-2.0,3379.1
IF2402,20240104,093123700,84265440.0,83,3385.2,6504,3727.0,3049.4,1704331883730952,3385.0,3384.8,3384.6,3384.4,3383.2,3386.4,3386.6,3386.8,3387.0,3387.8,1,1,1,1,3,3,3,1,4,1,34283700,IF,202402,200,AM,False,True,False,2024-01-04 09:31:23.700,2024-01-04 01:31:23.730952+00:00,0,True,5,5,False,False,True,PASS,False,0.0,0.0,0.0,
IF2403,20240104,093123700,538005180.0,529,3393.2,100912,3734.4,3055.6,1704331883730961,3392.2,3392.0,3391.4,3391.0,3390.8,3393.2,3393.4,3393.8,3394.4,3394.6,5,5,1,1,1,2,2,1,9,4,34283700,IF,202403,200,AM,False,True,False,2024-01-04 09:31:23.700,2024-01-04 01:31:23.730961+00:00,0,True,5,5,False,False,True,PASS,False,3.0,3053760.0,-2.0,3393.0666666666666
IF2406,20240104,093123700,308536740.0,304,3387.0,62656,3728.0,3050.4,1704331883730969,3385.8,3385.6,3385.4,3385.2,3385.0,3387.2,3387.6,3387.8,3388.0,3388.2,2,2,1,4,1,1,3,2,3,3,34283700,IF,202406,200,AM,False,True,False,2024-01-04 09:31:23.700,2024-01-04 01:31:23.730969+00:00,0,True,5,5,False,False,True,PASS,False,1.0,1016100.0,0.0,3387.0
IF2401,20240104,093124200,1758902460.0,1736,3379.2,98147,3719.6,3043.6,1704331884230300,3378.8,3377.8,3377.4,3377.2,3377.0,3379.2,3379.4,3380.0,3380.2,3380.4,1,2,2,2,4,2,1,12,5,7,34284200,IF,202401,200,AM,False,True,False,2024-01-04 09:31:24.200,2024-01-04 01:31:24.230300+00:00,0,True,5,5,False,False,True,PASS,False,3.0,3041160.0,0.0,3379.0666666666666
IF2402,20240104,093124200,84265440.0,83,3385.2,6504,3727.0,3049.4,1704331884230308,3385.0,3384.8,3384.6,3384.4,3383.2,3386.2,3386.4,3386.6,3386.8,3387.0,1,1,1,1,3,1,2,3,1,4,34284200,IF,202402,200,AM,False,True,False,2024-01-04 09:31:24.200,2024-01-04 01:31:24.230308+00:00,0,True,5,5,False,False,True,PASS,False,0.0,0.0,0.0,
IF2403,20240104,093124200,538005180.0,529,3393.2,100912,3734.4,3055.6,1704331884230316,3392.4,3392.2,3392.0,3391.4,3391.0,3392.8,3393.0,3393.2,3393.4,3393.8,1,6,5,1,1,1,1,2,2,1,34284200,IF,202403,200,AM,False,True,False,2024-01-04 09:31:24.200,2024-01-04 01:31:24.230316+00:00,0,True,5,5,False,False,True,PASS,False,0.0,0.0,0.0,
IF2406,20240104,093124200,308536740.0,304,3387.0,62656,3728.0,3050.4,1704331884230324,3385.6,3385.4,3385.2,3385.0,3382.8,3386.6,3387.0,3387.2,3387.6,3387.8,1,3,4,1,4,2,1,1,3,2,34284200,IF,202406,200,AM,False,True,False,2024-01-04 09:31:24.200,2024-01-04 01:31:24.230324+00:00,0,True,5,5,False,False,True,PASS,False,0.0,0.0,0.0,
IF2401,20240104,093124700,1761943620.0,1739,3379.2,98145,3719.6,3043.6,1704331884731562,3378.0,3377.8,3377.4,3377.2,3377.0,3378.2,3379.0,3379.2,3379.4,3380.0,14,2,2,2,4,3,1,2,1,9,34284700,IF,202401,200,AM,False,True,False,2024-01-04 09:31:24.700,2024-01-04 01:31:24.731562+00:00,0,True,5,5,False,False,True,PASS,False,3.0,3041160.0,-2.0,3379.0666666666666
IF2402,20240104,093124700,84265440.0,83,3385.2,6504,3727.0,3049.4,1704331884731570,3384.8,3384.6,3384.4,3383.2,3383.0,3386.0,3386.2,3386.4,3386.6,3386.8,1,1,1,3,1,1,1,2,2,1,34284700,IF,202402,200,AM,False,True,False,2024-01-04 09:31:24.700,2024-01-04 01:31:24.731570+00:00,0,True,5,5,False,False,True,PASS,False,0.0,0.0,0.0,
IF2403,20240104,093124700,539022900.0,530,3392.4,100912,3734.4,3055.6,1704331884731578,3392.2,3392.0,3391.8,3391.4,3391.0,3392.8,3393.0,3393.2,3393.4,3393.8,6,5,1,1,1,1,1,3,2,1,34284700,IF,202403,200,AM,False,True,False,2024-01-04 09:31:24.700,2024-01-04 01:31:24.731578+00:00,0,True,5,5,False,False,True,PASS,False,1.0,1017720.0,0.0,3392.4
IF2406,20240104,093124700,310568940.0,306,3387.0,62655,3728.0,3050.4,1704331884731586,3385.4,3385.2,3383.6,3382.8,3381.6,3386.6,3387.0,3387.6,3387.8,3388.0,3,4,1,4,1,1,2,2,2,1,34284700,IF,202406,200,AM,False,True,False,2024-01-04 09:31:24.700,2024-01-04 01:31:24.731586+00:00,0,True,5,5,False,False,True,PASS,False,2.0,2032200.0,-1.0,3387.0
IF2401,20240104,093125200,1769038560.0,1746,3378.6,98141,3719.6,3043.6,1704331885228707,3378.4,3378.2,3377.8,3377.4,3377.2,3378.8,3379.2,3379.4,3380.0,3380.2,6,15,2,2,2,3,2,1,6,4,34285200,IF,202401,200,AM,False,True,False,2024-01-04 09:31:25.200,2024-01-04 01:31:25.228707+00:00,0,True,5,5,False,False,True,PASS,False,7.0,7094940.0,-4.0,3378.542857142857
IF2402,20240104,093125200,85280880.0,84,3384.8,6503,3727.0,3049.4,1704331885228717,3384.6,3384.4,3383.2,3383.0,3382.2,3385.2,3385.6,3385.8,3386.0,3386.2,1,1,3,1,1,1,2,7,1,1,34285200,IF,202402,200,AM,False,True,False,2024-01-04 09:31:25.200,2024-01-04 01:31:25.228717+00:00,0,True,5,5,False,False,True,PASS,False,1.0,1015440.0,-1.0,3384.8
IF2403,20240104,093125200,548182080.0,539,3392.6,100909,3734.4,3055.6,1704331885228725,3392.0,3391.8,3391.4,3391.0,3390.8,3392.6,3392.8,3393.0,3393.2,3393.4,5,1,1,1,1,6,2,1,3,2,34285200,IF,202403,200,AM,False,True,False,2024-01-04 09:31:25.200,2024-01-04 01:31:25.228725+00:00,0,True,5,5,False,False,True,PASS,False,9.0,9159180.0,-3.0,3392.288888888889
IF2406,20240104,093125200,310568940.0,306,3387.0,62655,3728.0,3050.4,1704331885228733,3385.4,3385.2,3383.6,3382.8,3381.6,3386.6,3386.8,3387.0,3387.6,3387.8,1,2,1,4,1,1,1,2,2,2,34285200,IF,202406,200,AM,False,True,False,2024-01-04 09:31:25.200,2024-01-04 01:31:25.228733+00:00,0,True,5,5,False,False,True,PASS,False,0.0,0.0,0.0,
IF2401,20240104,093125700,1774106700.0,1751,3378.6,98137,3719.6,3043.6,1704331885729159,3378.6,3378.4,3378.2,3377.8,3377.4,3378.8,3379.2,3379.4,3379.8,3380.0,2,5,10,2,2,1,2,1,1,6,34285700,IF,202401,200,AM,False,True,False,2024-01-04 09:31:25.700,2024-01-04 01:31:25.729159+00:00,0,True,5,5,False,False,True,PASS,False,5.0,5068140.0,-4.0,3378.76
IF2402,20240104,093125700,85280880.0,84,3384.8,6503,3727.0,3049.4,1704331885729167,3384.6,3384.4,3383.2,3383.0,3382.2,3385.2,3385.8,3386.2,3386.4,3386.6,1,1,3,1,1,1,4,1,2,2,34285700,IF,202402,200,AM,False,True,False,2024-01-04 09:31:25.700,2024-01-04 01:31:25.729167+00:00,0,True,5,5,False,False,True,PASS,False,0.0,0.0,0.0,
IF2403,20240104,093125700,549199860.0,540,3392.6,100910,3734.4,3055.6,1704331885729175,3392.0,3391.8,3391.4,3391.0,3390.8,3393.0,3393.2,3393.4,3393.8,3394.2,5,1,1,1,1,1,3,2,1,4,34285700,IF,202403,200,AM,False,True,False,2024-01-04 09:31:25.700,2024-01-04 01:31:25.729175+00:00,0,True,5,5,False,False,True,PASS,False,1.0,1017780.0,1.0,3392.6
IF2406,20240104,093125700,312600900.0,308,3386.6,62655,3728.0,3050.4,1704331885729183,3385.8,3385.6,3385.4,3385.2,3384.4,3386.6,3386.8,3387.0,3387.6,3387.8,2,4,1,2,1,1,1,1,3,2,34285700,IF,202406,200,AM,False,True,False,2024-01-04 09:31:25.700,2024-01-04 01:31:25.729183+00:00,0,True,5,5,False,False,True,PASS,False,2.0,2031960.0,0.0,3386.6
IF2401,20240104,093126200,1779174780.0,1756,3378.6,98135,3719.6,3043.6,1704331886229023,3378.4,3378.2,3377.8,3377.4,3377.2,3378.8,3379.2,3379.4,3379.8,3380.0,2,4,2,2,2,1,2,1,1,6,34286200,IF,202401,200,AM,False,True,False,2024-01-04 09:31:26.200,2024-01-04 01:31:26.229023+00:00,0,True,5,5,False,False,True,PASS,False,5.0,5068080.0,-2.0,3378.72
IF2406,20240104,093126200,312600900.0,308,3386.6,62655,3728.0,3050.4,1704331886229031,3385.8,3385.6,3385.4,3385.2,3384.4,3386.6,3387.6,3387.8,3388.0,3388.2,2,4,1,2,1,1,3,2,1,4,34286200,IF,202406,200,AM,False,True,False,2024-01-04 09:31:26.200,2024-01-04 01:31:26.229031+00:00,0,True,5,5,False,False,True,PASS,False,0.0,0.0,0.0,
IF2401,20240104,093126700,1781201940.0,1758,3378.4,98133,3719.6,3043.6,1704331886728372,3378.2,3377.8,3377.6,3377.4,3377.2,3378.8,3379.2,3379.4,3379.8,3380.0,5,2,1,2,2,2,2,1,1,6,34286700,IF,202401,200,AM,False,True,False,2024-01-04 09:31:26.700,2024-01-04 01:31:26.728372+00:00,0,True,5,5,False,False,True,PASS,False,2.0,2027160.0,-2.0,3378.6
IF2402,20240104,093126700,85280880.0,84,3384.8,6503,3727.0,3049.4,1704331886728381,3384.4,3383.2,3383.0,3382.2,3380.6,3385.2,3385.8,3386.2,3386.4,3386.6,1,3,1,1,1,1,4,1,2,2,34286700,IF,202402,200,AM,False,True,False,2024-01-04 09:31:26.700,2024-01-04 01:31:26.728381+00:00,0,True,5,5,False,False,True,PASS,False,0.0,0.0,0.0,
IF2403,20240104,093126700,549199860.0,540,3392.6,100910,3734.4,3055.6,1704331886728388,3392.6,3392.0,3391.8,3391.4,3391.0,3392.8,3393.0,3393.2,3393.4,3393.8,1,5,1,1,1,2,3,3,2,1,34286700,IF,202403,200,AM,False,True,False,2024-01-04 09:31:26.700,2024-01-04 01:31:26.728388+00:00,0,True,5,5,False,False,True,PASS,False,0.0,0.0,0.0,
IF2406,20240104,093126700,316664160.0,312,3386.6,62652,3728.0,3050.4,1704331886728396,3385.6,3385.4,3385.2,3384.4,3383.6,3387.4,3387.6,3387.8,3388.0,3388.2,1,1,2,1,1,1,3,2,1,4,34286700,IF,202406,200,AM,False,True,False,2024-01-04 09:31:26.700,2024-01-04 01:31:26.728396+00:00,0,True,5,5,False,False,True,PASS,False,4.0,4063260.0,-3.0,3386.05
IF2401,20240104,093127200,1787283180.0,1764,3378.2,98131,3719.6,3043.6,1704331887229388,3378.2,3377.8,3377.6,3377.4,3377.2,3378.8,3379.2,3379.4,3379.8,3380.0,2,2,1,2,2,2,2,1,1,6,34287200,IF,202401,200,AM,False,True,False,2024-01-04 09:31:27.200,2024-01-04 01:31:27.229388+00:00,0,True,5,5,False,False,True,PASS,False,6.0,6081240.0,-2.0,3378.4666666666667
IF2402,20240104,093127200,85280880.0,84,3384.8,6503,3727.0,3049.4,1704331887229396,3384.4,3383.2,3383.0,3382.2,3380.6,3385.2,3385.8,3386.2,3386.4,3386.6,1,3,1,1,1,2,4,1,2,2,34287200,IF,202402,200,AM,False,True,False,2024-01-04 09:31:27.200,2024-01-04 01:31:27.229396+00:00,0,True,5,5,False,False,True,PASS,False,0.0,0.0,0.0,
IF2403,20240104,093127200,550217640.0,541,3392.6,100910,3734.4,3055.6,1704331887229404,3392.0,3391.8,3391.4,3391.0,3390.8,3392.4,3392.6,3392.8,3393.0,3393.2,5,1,1,1,1,4,3,4,3,3,34287200,IF,202403,200,AM,False,True,False,2024-01-04 09:31:27.200,2024-01-04 01:31:27.229404+00:00,0,True,5,5,False,False,True,PASS,False,1.0,1017780.0,0.0,3392.6
IF2406,20240104,093127200,316664160.0,312,3386.6,62652,3728.0,3050.4,1704331887229413,3385.4,3385.2,3384.4,3383.6,3382.8,3387.0,3387.2,3387.4,3387.6,3387.8,1,2,1,1,4,2,3,1,3,3,34287200,IF,202406,200,AM,False,True,False,2024-01-04 09:31:27.200,2024-01-04 01:31:27.229413+00:00,0,True,5,5,False,False,True,PASS,False,0.0,0.0,0.0,
IF2401,20240104,093127700,1791337200.0,1768,3378.2,98128,3719.6,3043.6,1704331887728918,3378.4,3378.2,3378.0,3377.8,3377.6,3378.8,3379.2,3379.4,3379.8,3380.0,1,3,2,2,1,1,2,1,1,6,34287700,IF,202401,200,AM,False,True,False,2024-01-04 09:31:27.700,2024-01-04 01:31:27.728918+00:00,0,True,5,5,False,False,True,PASS,False,4.0,4054020.0,-3.0,3378.35
IF2403,20240104,093127700,552252840.0,543,3392.0,100910,3734.4,3055.6,1704331887728926,3392.0,3391.8,3391.4,3391.0,3390.8,3392.4,3392.6,3392.8,3393.0,3393.2,3,1,1,1,1,5,2,4,3,3,34287700,IF,202403,200,AM,False,True,False,2024-01-04 09:31:27.700,2024-01-04 01:31:27.728926+00:00,0,True,5,5,False,False,True,PASS,False,2.0,2035200.0,0.0,3392.0
IF2406,20240104,093127700,316664160.0,312,3386.6,62652,3728.0,3050.4,1704331887728934,3385.4,3385.2,3384.4,3383.6,3382.8,3386.4,3386.8,3387.0,3387.2,3387.4,1,2,1,1,4,1,1,4,3,1,34287700,IF,202406,200,AM,False,True,False,2024-01-04 09:31:27.700,2024-01-04 01:31:27.728934+00:00,0,True,5,5,False,False,True,PASS,False,0.0,0.0,0.0,
IF2401,20240104,093128200,1793364480.0,1770,3378.8,98127,3719.6,3043.6,1704331888230859,3378.4,3378.2,3378.0,3377.8,3377.6,3379.2,3379.4,3379.8,3380.0,3380.2,2,4,2,2,1,2,1,1,6,3,34288200,IF,202401,200,AM,False,True,False,2024-01-04 09:31:28.200,2024-01-04 01:31:28.230859+00:00,0,True,5,5,False,False,True,PASS,False,2.0,2027280.0,-1.0,3378.8
IF2402,20240104,093128200,85280880.0,84,3384.8,6503,3727.0,3049.4,1704331888230867,3384.6,3384.4,3383.2,3383.0,3382.2,3385.2,3385.8,3386.2,3386.4,3386.6,1,1,3,1,1,2,4,1,2,2,34288200,IF,202402,200,AM,False,True,False,2024-01-04 09:31:28.200,2024-01-04 01:31:28.230867+00:00,0,True,5,5,False,False,True,PASS,False,0.0,0.0,0.0,
IF2403,20240104,093128200,555306000.0,546,3392.4,100908,3734.4,3055.6,1704331888230875,3392.2,3392.0,3391.8,3391.4,3391.0,3392.6,3392.8,3393.0,3393.2,3393.4,2,3,1,1,1,2,3,3,3,2,34288200,IF,202403,200,AM,False,True,False,2024-01-04 09:31:28.200,2024-01-04 01:31:28.230875+00:00,0,True,5,5,False,False,True,PASS,False,3.0,3053160.0,-2.0,3392.4
IF2406,20240104,093128200,317680080.0,313,3386.4,62652,3728.0,3050.4,1704331888230883,3385.6,3385.4,3385.2,3384.4,3383.6,3386.6,3386.8,3387.0,3387.2,3387.4,3,1,2,1,1,2,1,2,3,1,34288200,IF,202406,200,AM,False,True,False,2024-01-04 09:31:28.200,2024-01-04 01:31:28.230883+00:00,0,True,5,5,False,False,True,PASS,False,1.0,1015920.0,0.0,3386.4
IF2401,20240104,093128700,1794378120.0,1771,3378.8,98127,3719.6,3043.6,1704331888730642,3378.6,3378.4,3378.2,3378.0,3377.8,3379.2,3379.4,3379.8,3380.0,3380.2,4,2,4,2,2,2,1,1,6,3,34288700,IF,202401,200,AM,False,True,False,2024-01-04 09:31:28.700,2024-01-04 01:31:28.730642+00:00,0,True,5,5,False,False,True,PASS,False,1.0,1013640.0,0.0,3378.8
IF2402,20240104,093128700,86296440.0,85,3385.2,6502,3727.0,3049.4,1704331888730650,3384.6,3384.4,3383.2,3383.0,3382.2,3385.8,3386.2,3386.6,3386.8,3387.0,1,1,3,1,1,2,1,2,1,4,34288700,IF,202402,200,AM,False,True,False,2024-01-04 09:31:28.700,2024-01-04 01:31:28.730650+00:00,0,True,5,5,False,False,True,PASS,False,1.0,1015560.0,-1.0,3385.2
IF2403,20240104,093128700,556323660.0,547,3392.2,100907,3734.4,3055.6,1704331888730658,3392.2,3392.0,3391.8,3391.4,3391.0,3393.0,3393.2,3393.4,3393.8,3394.2,1,3,1,1,1,3,2,2,1,4,34288700,IF,202403,200,AM,False,True,False,2024-01-04 09:31:28.700,2024-01-04 01:31:28.730658+00:00,0,True,5,5,False,False,True,PASS,False,1.0,1017660.0,-1.0,3392.2
IF2406,20240104,093128700,317680080.0,313,3386.4,62652,3728.0,3050.4,1704331888730666,3385.8,3385.6,3385.4,3385.2,3384.4,3386.6,3387.0,3387.2,3387.4,3387.6,3,3,1,2,1,1,1,3,1,3,34288700,IF,202406,200,AM,False,True,False,2024-01-04 09:31:28.700,2024-01-04 01:31:28.730666+00:00,0,True,5,5,False,False,True,PASS,False,0.0,0.0,0.0,
IF2401,20240104,093129200,1797419280.0,1774,3379.2,98125,3719.6,3043.6,1704331889231193,3378.8,3378.6,3378.4,3378.2,3378.0,3379.4,3379.8,3380.0,3380.2,3380.8,2,4,4,4,2,1,1,6,3,1,34289200,IF,202401,200,AM,False,True,False,2024-01-04 09:31:29.200,2024-01-04 01:31:29.231193+00:00,0,True,5,5,False,False,True,PASS,False,3.0,3041160.0,-2.0,3379.0666666666666
IF2402,20240104,093129200,86296440.0,85,3385.2,6502,3727.0,3049.4,1704331889231201,3384.8,3384.6,3384.4,3383.2,3383.0,3385.6,3385.8,3386.2,3386.6,3386.8,2,1,1,3,1,1,2,1,2,1,34289200,IF,202402,200,AM,False,True,False,2024-01-04 09:31:29.200,2024-01-04 01:31:29.231201+00:00,0,True,5,5,False,False,True,PASS,False,0.0,0.0,0.0,
IF2403,20240104,093129200,556323660.0,547,3392.2,100907,3734.4,3055.6,1704331889231209,3393.0,3392.4,3392.2,3392.0,3391.8,3393.2,3393.4,3393.8,3394.2,3394.4,1,1,1,3,1,1,2,1,4,8,34289200,IF,202403,200,AM,False,True,False,2024-01-04 09:31:29.200,2024-01-04 01:31:29.231209+00:00,0,True,5,5,False,False,True,PASS,False,0.0,0.0,0.0,
IF2406,20240104,093129200,317680080.0,313,3386.4,62652,3728.0,3050.4,1704331889231217,3385.8,3385.6,3385.4,3385.2,3384.4,3387.2,3387.4,3387.6,3387.8,3388.2,3,3,1,2,1,2,1,3,3,4,34289200,IF,202406,200,AM,False,True,False,2024-01-04 09:31:29.200,2024-01-04 01:31:29.231217+00:00,0,True,5,5,False,False,True,PASS,False,0.0,0.0,0.0,
IF2401,20240104,093129700,1800460380.0,1777,3379.0,98128,3719.6,3043.6,1704331889730178,3379.0,3378.8,3378.6,3378.4,3378.2,3379.4,3379.8,3380.0,3380.2,3380.8,2,4,2,4,6,1,1,6,3,1,34289700,IF,202401,200,AM,False,True,False,2024-01-04 09:31:29.700,2024-01-04 01:31:29.730178+00:00,0,True,5,5,False,False,True,PASS,False,3.0,3041100.0,3.0,3379.0
IF2402,20240104,093129700,86296440.0,85,3385.2,6502,3727.0,3049.4,1704331889730186,3384.8,3384.6,3384.4,3383.2,3383.0,3386.2,3386.6,3386.8,3387.0,3387.8,3,1,1,3,1,1,2,1,4,1,34289700,IF,202402,200,AM,False,True,False,2024-01-04 09:31:29.700,2024-01-04 01:31:29.730186+00:00,0,True,5,5,False,False,True,PASS,False,0.0,0.0,0.0,
IF2403,20240104,093129700,557341560.0,548,3393.0,100907,3734.4,3055.6,1704331889730194,3392.4,3392.2,3392.0,3391.8,3391.4,3393.8,3394.2,3394.4,3394.6,3394.8,2,3,3,1,1,1,4,8,3,4,34289700,IF,202403,200,AM,False,True,False,2024-01-04 09:31:29.700,2024-01-04 01:31:29.730194+00:00,0,True,5,5,False,False,True,PASS,False,1.0,1017900.0,0.0,3393.0
IF2406,20240104,093129700,317680080.0,313,3386.4,62652,3728.0,3050.4,1704331889730202,3386.0,3385.8,3385.6,3385.4,3385.2,3387.2,3387.4,3387.6,3387.8,3388.2,1,3,3,1,2,1,1,2,3,2,34289700,IF,202406,200,AM,False,True,False,2024-01-04 09:31:29.700,2024-01-04 01:31:29.730202+00:00,0,True,5,5,False,False,True,PASS,False,0.0,0.0,0.0,
IF2401,20240104,093130200,1802487900.0,1779,3379.2,98128,3719.6,3043.6,1704331890232596,3379.2,3379.0,3378.8,3378.6,3378.4,3379.4,3379.8,3380.0,3380.2,3380.8,1,1,4,1,4,2,1,6,2,2,34290200,IF,202401,200,AM,False,True,False,2024-01-04 09:31:30.200,2024-01-04 01:31:30.232596+00:00,0,True,5,5,False,False,True,PASS,False,2.0,2027520.0,0.0,3379.2
IF2402,20240104,093130200,86296440.0,85,3385.2,6502,3727.0,3049.4,1704331890232604,3384.8,3384.6,3384.4,3383.2,3383.0,3386.0,3386.2,3386.6,3386.8,3387.0,3,1,1,3,1,1,1,2,1,4,34290200,IF,202402,200,AM,False,True,False,2024-01-04 09:31:30.200,2024-01-04 01:31:30.232604+00:00,0,True,5,5,False,False,True,PASS,False,0.0,0.0,0.0,
IF2403,20240104,093130200,559377360.0,550,3393.0,100907,3734.4,3055.6,1704331890232611,3392.4,3392.2,3392.0,3391.8,3391.4,3393.0,3393.4,3393.6,3393.8,3394.2,4,3,3,1,1,1,1,1,3,4,34290200,IF,202403,200,AM,False,True,False,2024-01-04 09:31:30.200,2024-01-04 01:31:30.232611+00:00,0,True,5,5,False,False,True,PASS,False,2.0,2035800.0,0.0,3393.0
IF2406,20240104,093130200,317680080.0,313,3386.4,62652,3728.0,3050.4,1704331890232619,3386.2,3386.0,3385.8,3385.6,3385.4,3387.2,3387.6,3387.8,3388.2,3388.4,1,2,2,3,1,1,2,3,2,2,34290200,IF,202406,200,AM,False,True,False,2024-01-04 09:31:30.200,2024-01-04 01:31:30.232619+00:00,0,True,5,5,False,False,True,PASS,False,0.0,0.0,0.0,
IF2401,20240104,093130700,1805529240.0,1782,3379.4,98126,3719.6,3043.6,1704331890732769,3379.0,3378.8,3378.6,3378.4,3378.2,3379.4,3379.8,3380.0,3380.2,3380.8,1,2,1,4,6,2,1,6,2,2,34290700,IF,202401,200,AM,False,True,False,2024-01-04 09:31:30.700,2024-01-04 01:31:30.732769+00:00,0,True,5,5,False,False,True,PASS,False,3.0,3041340.0,-2.0,3379.266666666667
IF2402,20240104,093130700,86296440.0,85,3385.2,6502,3727.0,3049.4,1704331890732777,3384.8,3384.6,3384.4,3383.2,3383.0,3386.0,3386.2,3386.6,3386.8,3387.0,2,1,1,3,1,1,1,2,1,4,34290700,IF,202402,200,AM,False,True,False,2024-01-04 09:31:30.700,2024-01-04 01:31:30.732777+00:00,0,True,5,5,False,False,True,PASS,False,0.0,0.0,0.0,
IF2403,20240104,093130700,559377360.0,550,3393.0,100907,3734.4,3055.6,1704331890732785,3392.4,3392.2,3392.0,3391.8,3391.4,3393.0,3393.4,3393.6,3393.8,3394.2,1,3,3,1,1,1,2,1,3,4,34290700,IF,202403,200,AM,False,True,False,2024-01-04 09:31:30.700,2024-01-04 01:31:30.732785+00:00,0,True,5,5,False,False,True,PASS,False,0.0,0.0,0.0,
IF2406,20240104,093130700,318696240.0,314,3387.2,62652,3728.0,3050.4,1704331890732793,3386.2,3386.0,3385.8,3385.6,3385.4,3387.6,3387.8,3388.2,3388.4,3388.8,1,1,2,3,1,2,3,2,2,1,34290700,IF,202406,200,AM,False,True,False,2024-01-04 09:31:30.700,2024-01-04 01:31:30.732793+00:00,0,True,5,5,False,False,True,PASS,False,1.0,1016160.0,0.0,3387.2
IF2401,20240104,093131200,1808570700.0,1785,3379.4,98125,3719.6,3043.6,1704331891232917,3378.8,3378.6,3378.4,3378.2,3378.0,3379.8,3380.0,3380.2,3380.8,3381.0,2,1,4,6,2,1,6,2,2,4,34291200,IF,202401,200,AM,False,True,False,2024-01-04 09:31:31.200,2024-01-04 01:31:31.232917+00:00,0,True,5,5,False,False,True,PASS,False,3.0,3041460.0,-1.0,3379.4
IF2403,20240104,093131200,559377360.0,550,3393.0,100907,3734.4,3055.6,1704331891232925,3392.6,3392.4,3392.2,3392.0,3391.8,3393.0,3393.4,3393.6,3393.8,3394.2,1,1,2,3,1,1,2,1,3,4,34291200,IF,202403,200,AM,False,True,False,2024-01-04 09:31:31.200,2024-01-04 01:31:31.232925+00:00,0,True,5,5,False,False,True,PASS,False,0.0,0.0,0.0,
IF2406,20240104,093131200,318696240.0,314,3387.2,62652,3728.0,3050.4,1704331891232933,3386.2,3385.8,3385.6,3385.4,3385.2,3387.6,3387.8,3388.2,3388.4,3388.8,1,2,3,1,2,2,2,2,2,1,34291200,IF,202406,200,AM,False,True,False,2024-01-04 09:31:31.200,2024-01-04 01:31:31.232933+00:00,0,True,5,5,False,False,True,PASS,False,0.0,0.0,0.0,
IF2401,20240104,093131700,1812625560.0,1789,3379.0,98121,3719.6,3043.6,1704331891734236,3379.0,3378.8,3378.4,3378.2,3378.0,3379.2,3379.6,3379.8,3380.0,3380.2,1,4,4,6,2,1,3,1,6,2,34291700,IF,202401,200,AM,False,True,False,2024-01-04 09:31:31.700,2024-01-04 01:31:31.734236+00:00,0,True,5,5,False,False,True,PASS,False,4.0,4054860.0,-4.0,3379.05
IF2402,20240104,093131700,87312240.0,86,3386.0,6501,3727.0,3049.4,1704331891734244,3384.8,3384.6,3384.4,3383.2,3383.0,3386.2,3386.6,3386.8,3387.0,3387.8,2,1,1,3,1,1,2,1,4,1,34291700,IF,202402,200,AM,False,True,False,2024-01-04 09:31:31.700,2024-01-04 01:31:31.734244+00:00,0,True,5,5,False,False,True,PASS,False,1.0,1015800.0,-1.0,3386.0
IF2403,20240104,093131700,569558580.0,560,3392.6,100899,3734.4,3055.6,1704331891734251,3392.4,3392.2,3392.0,3391.8,3391.4,3394.4,3394.6,3394.8,3395.0,3395.6,1,2,3,1,1,8,3,4,1,1,34291700,IF,202403,200,AM,False,True,False,2024-01-04 09:31:31.700,2024-01-04 01:31:31.734251+00:00,0,True,5,5,False,False,True,PASS,False,10.0,10181220.0,-8.0,3393.74
IF2406,20240104,093131700,318696240.0,314,3387.2,62652,3728.0,3050.4,1704331891734259,3386.6,3386.2,3385.8,3385.6,3385.4,3387.4,3387.6,3387.8,3388.4,3388.8,1,1,2,3,1,2,1,2,2,1,34291700,IF,202406,200,AM,False,True,False,2024-01-04 09:31:31.700,2024-01-04 01:31:31.734259+00:00,0,True,5,5,False,False,True,PASS,False,0.0,0.0,0.0,
IF2401,20240104,093132200,1814653200.0,1791,3379.6,98121,3719.6,3043.6,1704331892231020,3379.4,3379.2,3379.0,3378.8,3378.4,3379.8,3380.0,3380.2,3380.8,3381.0,4,2,5,3,4,1,4,2,2,4,34292200,IF,202401,200,AM,False,True,False,2024-01-04 09:31:32.200,2024-01-04 01:31:32.231020+00:00,0,True,5,5,False,False,True,PASS,False,2.0,2027640.0,0.0,3379.4
IF2402,20240104,093132200,88328100.0,87,3386.2,6500,3727.0,3049.4,1704331892231028,3384.8,3384.6,3384.4,3383.2,3383.0,3386.6,3386.8,3387.0,3387.8,3388.0,2,1,1,3,1,2,1,4,1,3,34292200,IF,202402,200,AM,False,True,False,2024-01-04 09:31:32.200,2024-01-04 01:31:32.231028+00:00,0,True,5,5,False,False,True,PASS,False,1.0,1015860.0,-1.0,3386.2
IF2403,20240104,093132200,572612400.0,563,3393.6,100898,3734.4,3055.6,1704331892231036,3393.0,3392.6,3392.4,3392.2,3392.0,3393.6,3393.8,3394.0,3394.2,3394.4,2,2,3,2,3,4,2,5,6,8,34292200,IF,202403,200,AM,False,True,False,2024-01-04 09:31:32.200,2024-01-04 01:31:32.231036+00:00,0,True,5,5,False,False,True,PASS,False,3.0,3053820.0,-1.0,3393.133333333333
IF2406,20240104,093132200,320728620.0,316,3387.4,62650,3728.0,3050.4,1704331892231044,3386.6,3386.2,3385.8,3385.6,3385.4,3387.2,3387.4,3387.6,3387.8,3388.4,1,1,3,3,1,1,2,1,2,2,34292200,IF,202406,200,AM,False,True,False,2024-01-04 09:31:32.200,2024-01-04 01:31:32.231044+00:00,0,True,5,5,False,False,True,PASS,False,2.0,2032380.0,-2.0,3387.3
IF2401,20240104,093132700,1820736780.0,1797,3379.4,98118,3719.6,3043.6,1704331892730932,3379.4,3379.0,3378.8,3378.4,3378.2,3379.6,3380.0,3380.8,3381.0,3381.2,3,5,3,4,6,1,1,2,4,1,34292700,IF,202401,200,AM,False,True,False,2024-01-04 09:31:32.700,2024-01-04 01:31:32.730932+00:00,0,True,5,5,False,False,True,PASS,False,6.0,6083580.0,-3.0,3379.766666666667
IF2402,20240104,093132700,88328100.0,87,3386.2,6500,3727.0,3049.4,1704331892730940,3385.2,3385.0,3384.8,3384.6,3384.4,3386.8,3387.0,3387.8,3388.0,3388.2,1,3,2,1,2,1,4,1,3,2,34292700,IF,202402,200,AM,False,True,False,2024-01-04 09:31:32.700,2024-01-04 01:31:32.730940+00:00,0,True,5,5,False,False,True,PASS,False,0.0,0.0,0.0,
IF2403,20240104,093132700,574648200.0,565,3393.0,100900,3734.4,3055.6,1704331892730948,3392.6,3392.4,3392.2,3392.0,3391.8,3393.8,3394.0,3394.2,3394.4,3394.6,5,3,2,3,1,1,1,2,8,3,34292700,IF,202403,200,AM,False,True,False,2024-01-04 09:31:32.700,2024-01-04 01:31:32.730948+00:00,0,True,5,5,False,False,True,PASS,False,2.0,2035800.0,2.0,3393.0
IF2406,20240104,093132700,324793320.0,320,3387.2,62647,3728.0,3050.4,1704331892730955,3386.8,3386.6,3385.8,3385.6,3385.4,3387.4,3387.6,3387.8,3388.4,3388.8,3,1,3,3,1,1,1,1,2,1,34292700,IF,202406,200,AM,False,True,False,2024-01-04 09:31:32.700,2024-01-04 01:31:32.730955+00:00,0,True,5,5,False,False,True,PASS,False,4.0,4064700.0,-3.0,3387.25
IF2401,20240104,093133200,1822764660.0,1799,3380.0,98118,3719.6,3043.6,1704331893235192,3380.0,3379.8,3379.6,3379.4,3379.0,3380.6,3380.8,3381.0,3381.2,3381.4,1,1,7,3,5,1,2,4,1,1,34293200,IF,202401,200,AM,False,True,False,2024-01-04 09:31:33.200,2024-01-04 01:31:33.235192+00:00,0,True,5,5,False,False,True,PASS,False,2.0,2027880.0,0.0,3379.8
IF2402,20240104,093133200,88328100.0,87,3386.2,6500,3727.0,3049.4,1704331893235200,3386.2,3385.2,3385.0,3384.8,3384.6,3387.0,3387.8,3388.0,3388.2,3388.4,1,1,3,2,1,4,1,3,2,2,34293200,IF,202402,200,AM,False,True,False,2024-01-04 09:31:33.200,2024-01-04 01:31:33.235200+00:00,0,True,5,5,False,False,True,PASS,False,0.0,0.0,0.0,
IF2403,20240104,093133200,574648200.0,565,3393.0,100900,3734.4,3055.6,1704331893235207,3392.6,3392.4,3392.2,3392.0,3391.8,3393.6,3393.8,3394.0,3394.2,3394.4,4,3,2,3,1,1,1,1,2,8,34293200,IF,202403,200,AM,False,True,False,2024-01-04 09:31:33.200,2024-01-04 01:31:33.235207+00:00,0,True,5,5,False,False,True,PASS,False,0.0,0.0,0.0,
IF2406,20240104,093133200,324793320.0,320,3387.2,62647,3728.0,3050.4,1704331893235215,3387.0,3386.8,3386.6,3385.8,3385.6,3387.6,3388.2,3388.4,3388.8,3389.2,1,2,1,3,3,1,1,2,2,1,34293200,IF,202406,200,AM,False,True,False,2024-01-04 09:31:33.200,2024-01-04 01:31:33.235215+00:00,0,True,5,5,False,False,True,PASS,False,0.0,0.0,0.0,
IF2401,20240104,093133700,1826820360.0,1803,3379.6,98117,3719.6,3043.6,1704331893734929,3379.6,3379.4,3379.2,3379.0,3378.8,3380.4,3380.6,3380.8,3381.0,3381.2,6,3,6,6,3,2,1,1,4,1,34293700,IF,202401,200,AM,False,True,False,2024-01-04 09:31:33.700,2024-01-04 01:31:33.734929+00:00,0,True,5,5,False,False,True,PASS,False,4.0,4055700.0,-1.0,3379.75
IF2402,20240104,093133700,88328100.0,87,3386.2,6500,3727.0,3049.4,1704331893734937,3386.2,3385.2,3385.0,3384.8,3384.6,3387.0,3387.8,3388.0,3388.2,3388.4,1,1,2,2,1,2,1,3,2,2,34293700,IF,202402,200,AM,False,True,False,2024-01-04 09:31:33.700,2024-01-04 01:31:33.734937+00:00,0,True,5,5,False,False,True,PASS,False,0.0,0.0,0.0,
IF2403,20240104,093133700,574648200.0,565,3393.0,100900,3734.4,3055.6,1704331893734945,3393.0,3392.8,3392.6,3392.4,3392.2,3393.6,3394.2,3394.4,3394.6,3394.8,2,4,2,3,2,1,1,5,4,4,34293700,IF,202403,200,AM,False,True,False,2024-01-04 09:31:33.700,2024-01-04 01:31:33.734945+00:00,0,True,5,5,False,False,True,PASS,False,0.0,0.0,0.0,
IF2406,20240104,093133700,324793320.0,320,3387.2,62647,3728.0,3050.4,1704331893734953,3387.4,3387.2,3387.0,3386.8,3386.6,3387.6,3388.4,3388.8,3389.2,3389.4,2,4,3,1,1,1,2,2,1,1,34293700,IF,202406,200,AM,False,True,False,2024-01-04 09:31:33.700,2024-01-04 01:31:33.734953+00:00,0,True,5,5,False,False,True,PASS,False,0.0,0.0,0.0,
IF2401,20240104,093134200,1826820360.0,1803,3379.6,98117,3719.6,3043.6,1704331894233985,3380.2,3379.8,3379.6,3379.4,3379.2,3380.4,3380.6,3380.8,3381.0,3381.2,1,2,5,2,6,3,1,1,4,1,34294200,IF,202401,200,AM,False,True,False,2024-01-04 09:31:34.200,2024-01-04 01:31:34.233985+00:00,0,True,5,5,False,False,True,PASS,False,0.0,0.0,0.0,
IF2403,20240104,093134200,575666040.0,566,3392.8,100899,3734.4,3055.6,1704331894233994,3392.8,3392.6,3392.4,3392.2,3392.0,3393.4,3393.6,3394.2,3394.4,3394.6,4,1,3,2,4,1,1,1,5,4,34294200,IF,202403,200,AM,False,True,False,2024-01-04 09:31:34.200,2024-01-04 01:31:34.233994+00:00,0,True,5,5,False,False,True,PASS,False,1.0,1017840.0,-1.0,3392.8
IF2406,20240104,093134200,324793320.0,320,3387.2,62647,3728.0,3050.4,1704331894234002,3387.2,3387.0,3386.8,3386.6,3385.8,3387.6,3388.4,3388.8,3389.2,3389.4,1,1,1,1,3,1,2,2,1,1,34294200,IF,202406,200,AM,False,True,False,2024-01-04 09:31:34.200,2024-01-04 01:31:34.234002+00:00,0,True,5,5,False,False,True,PASS,False,0.0,0.0,0.0,
IF2401,20240104,093134700,1828848420.0,1805,3380.0,98116,3719.6,3043.6,1704331894734290,3380.0,3379.8,3379.6,3379.4,3379.2,3380.2,3380.4,3380.6,3380.8,3381.0,2,13,3,2,6,5,7,1,1,4,34294700,IF,202401,200,AM,False,True,False,2024-01-04 09:31:34.700,2024-01-04 01:31:34.734290+00:00,0,True,5,5,False,False,True,PASS,False,2.0,2028060.0,-1.0,3380.1
IF2402,20240104,093134700,89343960.0,88,3386.2,6499,3727.0,3049.4,1704331894734299,3386.4,3385.2,3385.0,3384.8,3384.6,3387.0,3387.8,3388.0,3388.2,3388.4,1,1,2,2,1,2,1,3,2,2,34294700,IF,202402,200,AM,False,True,False,2024-01-04 09:31:34.700,2024-01-04 01:31:34.734299+00:00,0,True,5,5,False,False,True,PASS,False,1.0,1015860.0,-1.0,3386.2
IF2403,20240104,093134700,576684060.0,567,3393.4,100898,3734.4,3055.6,1704331894734307,3392.8,3392.6,3392.4,3392.2,3392.0,3393.6,3394.2,3394.4,3394.6,3394.8,4,1,3,2,4,1,1,5,4,4,34294700,IF,202403,200,AM,False,True,False,2024-01-04 09:31:34.700,2024-01-04 01:31:34.734307+00:00,0,True,5,5,False,False,True,PASS,False,1.0,1018020.0,-1.0,3393.4
IF2401,20240104,093135200,1832904480.0,1809,3380.0,98113,3719.6,3043.6,1704331895235520,3379.8,3379.6,3379.4,3379.2,3379.0,3380.2,3380.4,3380.6,3380.8,3381.0,11,3,2,6,6,4,7,1,1,4,34295200,IF,202401,200,AM,False,True,False,2024-01-04 09:31:35.200,2024-01-04 01:31:35.235520+00:00,0,True,5,5,False,False,True,PASS,False,4.0,4056060.0,-3.0,3380.05
IF2402,20240104,093135200,90359880.0,89,3386.4,6498,3727.0,3049.4,1704331895235528,3385.2,3385.0,3384.8,3384.6,3384.4,3387.0,3387.8,3388.0,3388.2,3388.4,1,2,2,1,2,2,1,3,2,2,34295200,IF,202402,200,AM,False,True,False,2024-01-04 09:31:35.200,2024-01-04 01:31:35.235528+00:00,0,True,5,5,False,False,True,PASS,False,1.0,1015920.0,-1.0,3386.4
IF2403,20240104,093135200,577702140.0,568,3393.6,100898,3734.4,3055.6,1704331895235537,3392.8,3392.6,3392.4,3392.2,3392.0,3394.2,3394.4,3394.6,3394.8,3395.0,3,1,3,2,4,1,5,4,4,1,34295200,IF,202403,200,AM,False,True,False,2024-01-04 09:31:35.200,2024-01-04 01:31:35.235537+00:00,0,True,5,5,False,False,True,PASS,False,1.0,1018080.0,0.0,3393.6
IF2401,20240104,093135700,1835946480.0,1812,3380.2,98111,3719.6,3043.6,1704331895737643,3379.8,3379.6,3379.4,3379.2,3379.0,3380.2,3380.4,3380.6,3380.8,3381.0,10,3,2,6,6,4,10,1,1,4,34295700,IF,202401,200,AM,False,True,False,2024-01-04 09:31:35.700,2024-01-04 01:31:35.737643+00:00,0,True,5,5,False,False,True,PASS,False,3.0,3042000.0,-2.0,3380.0
IF2402,20240104,093135700,90359880.0,89,3386.4,6498,3727.0,3049.4,1704331895737651,3385.4,3385.2,3385.0,3384.8,3384.6,3387.0,3387.8,3388.0,3388.2,3388.4,1,3,2,2,1,2,1,3,2,2,34295700,IF,202402,200,AM,False,True,False,2024-01-04 09:31:35.700,2024-01-04 01:31:35.737651+00:00,0,True,5,5,False,False,True,PASS,False,0.0,0.0,0.0,
IF2403,20240104,093135700,578720040.0,569,3393.0,100899,3734.4,3055.6,1704331895737660,3392.8,3392.6,3392.4,3392.2,3392.0,3393.8,3394.0,3394.2,3394.4,3394.6,3,1,3,2,4,2,5,3,5,4,34295700,IF,202403,200,AM,False,True,False,2024-01-04 09:31:35.700,2024-01-04 01:31:35.737660+00:00,0,True,5,5,False,False,True,PASS,False,1.0,1017900.0,1.0,3393.0
IF2406,20240104,093135700,325809480.0,321,3387.2,62646,3728.0,3050.4,1704331895737668,3386.8,3386.6,3385.8,3385.6,3385.4,3387.6,3388.4,3388.8,3389.2,3389.4,1,1,3,3,1,1,2,2,1,1,34295700,IF,202406,200,AM,False,True,False,2024-01-04 09:31:35.700,2024-01-04 01:31:35.737668+00:00,0,True,5,5,False,False,True,PASS,False,1.0,1016160.0,-1.0,3387.2
IF2401,20240104,093136200,1841016780.0,1817,3380.2,98106,3719.6,3043.6,1704331896235013,3379.8,3379.6,3379.4,3379.2,3379.0,3380.2,3380.4,3380.6,3380.8,3381.0,10,3,2,6,6,1,10,1,1,5,34296200,IF,202401,200,AM,False,True,False,2024-01-04 09:31:36.200,2024-01-04 01:31:36.235013+00:00,0,True,5,5,False,False,True,PASS,False,5.0,5070300.0,-5.0,3380.2
IF2402,20240104,093136200,90359880.0,89,3386.4,6498,3727.0,3049.4,1704331896235021,3385.2,3385.0,3384.8,3384.6,3384.4,3387.0,3387.8,3388.0,3388.2,3388.4,3,2,2,1,2,2,1,3,2,2,34296200,IF,202402,200,AM,False,True,False,2024-01-04 09:31:36.200,2024-01-04 01:31:36.235021+00:00,0,True,5,5,False,False,True,PASS,False,0.0,0.0,0.0,
IF2403,20240104,093136200,578720040.0,569,3393.0,100899,3734.4,3055.6,1704331896235029,3392.6,3392.4,3392.2,3392.0,3391.8,3393.8,3394.0,3394.2,3394.4,3394.6,1,3,2,5,1,2,7,5,5,4,34296200,IF,202403,200,AM,False,True,False,2024-01-04 09:31:36.200,2024-01-04 01:31:36.235029+00:00,0,True,5,5,False,False,True,PASS,False,0.0,0.0,0.0,
IF2406,20240104,093136200,325809480.0,321,3387.2,62646,3728.0,3050.4,1704331896235037,3386.6,3385.8,3385.6,3385.4,3385.2,3387.4,3387.6,3388.2,3388.4,3388.8,1,3,3,1,2,2,1,1,2,2,34296200,IF,202406,200,AM,False,True,False,2024-01-04 09:31:36.200,2024-01-04 01:31:36.235037+00:00,0,True,5,5,False,False,True,PASS,False,0.0,0.0,0.0,
IF2401,20240104,093136700,1841016780.0,1817,3380.2,98106,3719.6,3043.6,1704331896735371,3380.0,3379.8,3379.6,3379.4,3379.2,3380.2,3380.4,3380.6,3380.8,3381.0,1,9,4,2,6,1,10,1,1,4,34296700,IF,202401,200,AM,False,True,False,2024-01-04 09:31:36.700,2024-01-04 01:31:36.735371+00:00,0,True,5,5,False,False,True,PASS,False,0.0,0.0,0.0,
IF2402,20240104,093136700,90359880.0,89,3386.4,6498,3727.0,3049.4,1704331896735379,3385.4,3385.2,3385.0,3384.8,3384.6,3387.0,3387.8,3388.0,3388.2,3388.4,2,3,1,2,1,2,1,3,2,2,34296700,IF,202402,200,AM,False,True,False,2024-01-04 09:31:36.700,2024-01-04 01:31:36.735379+00:00,0,True,5,5,False,False,True,PASS,False,0.0,0.0,0.0,
IF2403,20240104,093136700,578720040.0,569,3393.0,100899,3734.4,3055.6,1704331896735387,3392.6,3392.4,3392.2,3392.0,3391.8,3392.8,3393.2,3393.8,3394.0,3394.2,1,3,2,5,1,5,1,2,4,5,34296700,IF,202403,200,AM,False,True,False,2024-01-04 09:31:36.700,2024-01-04 01:31:36.735387+00:00,0,True,5,5,False,False,True,PASS,False,0.0,0.0,0.0,
IF2406,20240104,093136700,325809480.0,321,3387.2,62646,3728.0,3050.4,1704331896735396,3386.8,3386.6,3385.8,3385.6,3385.4,3387.6,3388.2,3388.4,3388.8,3389.2,1,1,3,3,1,1,1,2,2,1,34296700,IF,202406,200,AM,False,True,False,2024-01-04 09:31:36.700,2024-01-04 01:31:36.735396+00:00,0,True,5,5,False,False,True,PASS,False,0.0,0.0,0.0,
IF2401,20240104,093137200,1843044840.0,1819,3380.2,98105,3719.6,3043.6,1704331897236598,3380.2,3379.8,3379.6,3379.4,3379.2,3380.4,3380.6,3380.8,3381.0,3381.2,2,9,4,2,6,10,1,1,4,1,34297200,IF,202401,200,AM,False,True,False,2024-01-04 09:31:37.200,2024-01-04 01:31:37.236598+00:00,0,True,5,5,False,False,True,PASS,False,2.0,2028060.0,-1.0,3380.1
IF2402,20240104,093137200,90359880.0,89,3386.4,6498,3727.0,3049.4,1704331897236606,3385.4,3385.2,3385.0,3384.8,3384.4,3386.8,3387.0,3387.8,3388.0,3388.2,2,3,1,2,2,1,2,1,3,2,34297200,IF,202402,200,AM,False,True,False,2024-01-04 09:31:37.200,2024-01-04 01:31:37.236606+00:00,0,True,5,5,False,False,True,PASS,False,0.0,0.0,0.0,
IF2403,20240104,093137200,583809240.0,574,3392.8,100899,3734.4,3055.6,1704331897236614,3393.0,3392.6,3392.4,3392.2,3392.0,3393.2,3393.8,3394.0,3394.2,3394.4,1,1,3,2,5,1,2,4,5,5,34297200,IF,202403,200,AM,False,True,False,2024-01-04 09:31:37.200,2024-01-04 01:31:37.236614+00:00,0,True,5,5,False,False,True,PASS,False,5.0,5089200.0,0.0,3392.8
IF2401,20240104,093137700,1846087080.0,1822,3380.4,98104,3719.6,3043.6,1704331897735197,3380.0,3379.8,3379.6,3379.4,3379.2,3380.2,3380.4,3380.6,3380.8,3381.0,1,9,4,3,6,1,9,1,1,4,34297700,IF,202401,200,AM,False,True,False,2024-01-04 09:31:37.700,2024-01-04 01:31:37.735197+00:00,0,True,5,5,False,False,True,PASS,False,3.0,3042240.0,-1.0,3380.266666666667
IF2402,20240104,093137700,90359880.0,89,3386.4,6498,3727.0,3049.4,1704331897735205,3385.4,3385.2,3385.0,3384.8,3384.4,3386.8,3387.0,3387.8,3388.0,3388.2,1,3,1,2,2,1,2,1,3,2,34297700,IF,202402,200,AM,False,True,False,2024-01-04 09:31:37.700,2024-01-04 01:31:37.735205+00:00,0,True,5,5,False,False,True,PASS,False,0.0,0.0,0.0,
IF2403,20240104,093137700,583809240.0,574,3392.8,100899,3734.4,3055.6,1704331897735213,3392.8,3392.6,3392.4,3392.2,3392.0,3393.2,3394.0,3394.2,3394.4,3394.6,1,1,3,2,5,1,4,4,5,4,34297700,IF,202403,200,AM,False,True,False,2024-01-04 09:31:37.700,2024-01-04 01:31:37.735213+00:00,0,True,5,5,False,False,True,PASS,False,0.0,0.0,0.0,
IF2402,20240104,093138200,90359880.0,89,3386.4,6498,3727.0,3049.4,1704331898236409,3385.6,3385.4,3385.2,3385.0,3384.8,3386.8,3387.0,3387.8,3388.0,3388.2,1,1,3,1,2,1,2,1,3,2,34298200,IF,202402,200,AM,False,True,False,2024-01-04 09:31:38.200,2024-01-04 01:31:38.236409+00:00,0,True,5,5,False,False,True,PASS,False,0.0,0.0,0.0,
IF2403,20240104,093138200,584827200.0,575,3393.2,100898,3734.4,3055.6,1704331898236416,3392.6,3392.4,3392.2,3392.0,3391.8,3393.4,3394.0,3394.2,3394.4,3394.6,1,3,2,5,1,1,4,4,5,4,34298200,IF,202403,200,AM,False,True,False,2024-01-04 09:31:38.200,2024-01-04 01:31:38.236416+00:00,0,True,5,5,False,False,True,PASS,False,1.0,1017960.0,-1.0,3393.2
IF2401,20240104,093138700,1847101080.0,1823,3380.0,98104,3719.6,3043.6,1704331898735258,3379.8,3379.6,3379.4,3379.2,3379.0,3380.2,3380.4,3380.6,3380.8,3381.0,9,4,3,7,6,1,9,1,2,4,34298700,IF,202401,200,AM,False,True,False,2024-01-04 09:31:38.700,2024-01-04 01:31:38.735258+00:00,0,True,5,5,False,False,True,PASS,False,1.0,1014000.0,0.0,3380.0
IF2402,20240104,093138700,90359880.0,89,3386.4,6498,3727.0,3049.4,1704331898735266,3385.6,3385.4,3385.2,3385.0,3384.8,3387.0,3387.8,3388.0,3388.2,3388.4,1,1,3,1,2,2,1,3,2,1,34298700,IF,202402,200,AM,False,True,False,2024-01-04 09:31:38.700,2024-01-04 01:31:38.735266+00:00,0,True,5,5,False,False,True,PASS,False,0.0,0.0,0.0,
IF2406,20240104,093138700,325809480.0,321,3387.2,62646,3728.0,3050.4,1704331898735274,3387.0,3386.8,3386.6,3385.8,3385.6,3387.6,3388.2,3388.4,3388.8,3389.2,1,1,1,3,3,1,1,2,4,1,34298700,IF,202406,200,AM,False,True,False,2024-01-04 09:31:38.700,2024-01-04 01:31:38.735274+00:00,0,True,5,5,False,False,True,PASS,False,0.0,0.0,0.0,
IF2401,20240104,093139200,1850143140.0,1826,3380.2,98103,3719.6,3043.6,1704331899235341,3379.8,3379.6,3379.4,3379.2,3379.0,3380.0,3380.2,3380.4,3380.6,3380.8,8,4,3,7,6,1,1,10,1,2,34299200,IF,202401,200,AM,False,True,False,2024-01-04 09:31:39.200,2024-01-04 01:31:39.235341+00:00,0,True,5,5,False,False,True,PASS,False,3.0,3042060.0,-1.0,3380.0666666666666
IF2403,20240104,093139200,584827200.0,575,3393.2,100898,3734.4,3055.6,1704331899235349,3392.6,3392.4,3392.2,3392.0,3391.8,3393.2,3393.4,3394.0,3394.2,3394.4,1,3,2,5,1,1,1,3,4,5,34299200,IF,202403,200,AM,False,True,False,2024-01-04 09:31:39.200,2024-01-04 01:31:39.235349+00:00,0,True,5,5,False,False,True,PASS,False,0.0,0.0,0.0,
IF2401,20240104,093139700,1859268660.0,1835,3379.8,98100,3719.6,3043.6,1704331899734843,3379.6,3379.4,3379.2,3379.0,3378.8,3379.8,3380.0,3380.2,3380.4,3380.6,4,3,5,6,2,1,2,1,7,1,34299700,IF,202401,200,AM,False,True,False,2024-01-04 09:31:39.700,2024-01-04 01:31:39.734843+00:00,0,True,5,5,False,False,True,PASS,False,9.0,9125520.0,-3.0,3379.822222222222
IF2401,20240104,093140200,1864338060.0,1840,3379.6,98095,3719.6,3043.6,1704331900234663,3379.4,3379.2,3379.0,3378.8,3378.4,3379.8,3380.0,3380.2,3380.4,3380.6,3,6,6,2,3,2,2,1,8,1,34300200,IF,202401,200,AM,False,True,False,2024-01-04 09:31:40.200,2024-01-04 01:31:40.234663+00:00,0,True,5,5,False,False,True,PASS,False,5.0,5069400.0,-5.0,3379.6
IF2402,20240104,093140200,90359880.0,89,3386.4,6498,3727.0,3049.4,1704331900234671,3385.6,3385.4,3385.2,3384.8,3384.4,3386.8,3387.0,3387.8,3388.0,3388.2,1,1,3,2,2,3,2,1,3,2,34300200,IF,202402,200,AM,False,True,False,2024-01-04 09:31:40.200,2024-01-04 01:31:40.234671+00:00,0,True,5,5,False,False,True,PASS,False,0.0,0.0,0.0,
IF2403,20240104,093140200,584827200.0,575,3393.2,100898,3734.4,3055.6,1704331900234679,3392.6,3392.4,3392.2,3392.0,3391.8,3393.2,3393.4,3394.0,3394.2,3394.4,1,1,2,5,1,1,1,3,4,5,34300200,IF,202403,200,AM,False,True,False,2024-01-04 09:31:40.200,2024-01-04 01:31:40.234679+00:00,0,True,5,5,False,False,True,PASS,False,0.0,0.0,0.0,
IF2406,20240104,093140200,326825580.0,322,3387.0,62646,3728.0,3050.4,1704331900234687,3386.8,3386.6,3385.8,3385.6,3385.4,3387.6,3388.2,3388.4,3388.6,3388.8,1,1,3,3,1,1,1,2,6,4,34300200,IF,202406,200,AM,False,True,False,2024-01-04 09:31:40.200,2024-01-04 01:31:40.234687+00:00,0,True,5,5,False,False,True,PASS,False,1.0,1016100.0,0.0,3387.0
IF2401,20240104,093140700,1866365760.0,1842,3379.6,98093,3719.6,3043.6,1704331900736008,3379.4,3379.2,3379.0,3378.8,3378.4,3379.8,3380.0,3380.2,3380.4,3380.6,2,6,6,2,3,3,2,1,8,1,34300700,IF,202401,200,AM,False,True,False,2024-01-04 09:31:40.700,2024-01-04 01:31:40.736008+00:00,0,True,5,5,False,False,True,PASS,False,2.0,2027700.0,-2.0,3379.5
IF2402,20240104,093140700,90359880.0,89,3386.4,6498,3727.0,3049.4,1704331900736016,3385.2,3384.8,3384.4,3383.2,3383.0,3386.8,3387.0,3387.8,3388.0,3388.2,3,2,2,3,1,3,2,1,3,2,34300700,IF,202402,200,AM,False,True,False,2024-01-04 09:31:40.700,2024-01-04 01:31:40.736016+00:00,0,True,5,5,False,False,True,PASS,False,0.0,0.0,0.0,
IF2403,20240104,093140700,585844980.0,576,3392.6,100897,3734.4,3055.6,1704331900736024,3392.4,3392.2,3392.0,3391.8,3391.4,3393.2,3393.4,3393.8,3394.0,3394.2,1,1,5,1,1,2,1,1,3,4,34300700,IF,202403,200,AM,False,True,False,2024-01-04 09:31:40.700,2024-01-04 01:31:40.736024+00:00,0,True,5,5,False,False,True,PASS,False,1.0,1017780.0,-1.0,3392.6
IF2406,20240104,093140700,326825580.0,322,3387.0,62646,3728.0,3050.4,1704331900736032,3386.6,3385.8,3385.6,3385.4,3385.2,3387.4,3387.6,3388.2,3388.4,3388.6,1,3,3,1,2,3,1,1,2,6,34300700,IF,202406,200,AM,False,True,False,2024-01-04 09:31:40.700,2024-01-04 01:31:40.736032+00:00,0,True,5,5,False,False,True,PASS,False,0.0,0.0,0.0,
IF2401,20240104,093141200,1869407160.0,1845,3379.2,98091,3719.6,3043.6,1704331901237171,3379.2,3379.0,3378.8,3378.4,3378.2,3379.6,3379.8,3380.0,3380.2,3380.4,5,6,2,3,6,1,3,2,1,8,34301200,IF,202401,200,AM,False,True,False,2024-01-04 09:31:41.200,2024-01-04 01:31:41.237171+00:00,0,True,5,5,False,False,True,PASS,False,3.0,3041400.0,-2.0,3379.3333333333335
IF2402,20240104,093141200,90359880.0,89,3386.4,6498,3727.0,3049.4,1704331901237179,3385.2,3384.8,3384.4,3383.2,3383.0,3386.8,3387.0,3387.8,3388.0,3388.2,2,2,2,3,1,3,2,1,3,2,34301200,IF,202402,200,AM,False,True,False,2024-01-04 09:31:41.200,2024-01-04 01:31:41.237179+00:00,0,True,5,5,False,False,True,PASS,False,0.0,0.0,0.0,
IF2403,20240104,093141200,585844980.0,576,3392.6,100897,3734.4,3055.6,1704331901237187,3392.4,3392.2,3392.0,3391.8,3391.4,3393.2,3393.8,3394.0,3394.2,3394.4,1,1,5,1,1,3,1,3,4,4,34301200,IF,202403,200,AM,False,True,False,2024-01-04 09:31:41.200,2024-01-04 01:31:41.237187+00:00,0,True,5,5,False,False,True,PASS,False,0.0,0.0,0.0,
IF2406,20240104,093141200,326825580.0,322,3387.0,62646,3728.0,3050.4,1704331901237195,3386.6,3385.8,3385.6,3385.4,3385.2,3387.2,3387.4,3387.6,3388.2,3388.4,1,3,3,1,2,1,3,1,1,2,34301200,IF,202406,200,AM,False,True,False,2024-01-04 09:31:41.200,2024-01-04 01:31:41.237195+00:00,0,True,5,5,False,False,True,PASS,False,0.0,0.0,0.0,
IF2401,20240104,093141700,1869407160.0,1845,3379.2,98091,3719.6,3043.6,1704331901734641,3379.4,3379.2,3379.0,3378.8,3378.4,3379.6,3379.8,3380.0,3380.2,3380.4,1,5,6,2,3,1,3,2,1,8,34301700,IF,202401,200,AM,False,True,False,2024-01-04 09:31:41.700,2024-01-04 01:31:41.734641+00:00,0,True,5,5,False,False,True,PASS,False,0.0,0.0,0.0,
IF2402,20240104,093141700,90359880.0,89,3386.4,6498,3727.0,3049.4,1704331901734649,3385.2,3384.8,3384.4,3383.2,3383.0,3386.6,3386.8,3387.0,3387.8,3388.0,2,2,2,3,1,4,3,2,1,3,34301700,IF,202402,200,AM,False,True,False,2024-01-04 09:31:41.700,2024-01-04 01:31:41.734649+00:00,0,True,5,5,False,False,True,PASS,False,0.0,0.0,0.0,
IF2403,20240104,093141700,585844980.0,576,3392.6,100897,3734.4,3055.6,1704331901734657,3392.4,3392.0,3391.8,3391.4,3391.2,3393.0,3393.2,3393.8,3394.0,3394.2,1,5,1,1,1,4,4,1,3,4,34301700,IF,202403,200,AM,False,True,False,2024-01-04 09:31:41.700,2024-01-04 01:31:41.734657+00:00,0,True,5,5,False,False,True,PASS,False,0.0,0.0,0.0,
IF2406,20240104,093141700,327841560.0,323,3386.6,62646,3728.0,3050.4,1704331901734665,3385.8,3385.6,3385.4,3385.2,3384.8,3387.0,3387.2,3387.4,3387.6,3388.2,3,3,1,2,1,1,2,3,1,1,34301700,IF,202406,200,AM,False,True,False,2024-01-04 09:31:41.700,2024-01-04 01:31:41.734665+00:00,0,True,5,5,False,False,True,PASS,False,1.0,1015980.0,0.0,3386.6
IF2401,20240104,093142200,1873462620.0,1849,3379.4,98089,3719.6,3043.6,1704331902237657,3379.2,3379.0,3378.8,3378.4,3378.2,3379.8,3380.0,3380.2,3380.4,3380.6,6,6,2,3,6,2,2,1,8,1,34302200,IF,202401,200,AM,False,True,False,2024-01-04 09:31:42.200,2024-01-04 01:31:42.237657+00:00,0,True,5,5,False,False,True,PASS,False,4.0,4055460.0,-2.0,3379.55
IF2402,20240104,093142200,90359880.0,89,3386.4,6498,3727.0,3049.4,1704331902237665,3385.2,3384.8,3384.4,3383.2,3383.0,3386.6,3386.8,3387.0,3387.8,3388.0,2,2,2,3,1,2,3,2,1,3,34302200,IF,202402,200,AM,False,True,False,2024-01-04 09:31:42.200,2024-01-04 01:31:42.237665+00:00,0,True,5,5,False,False,True,PASS,False,0.0,0.0,0.0,
IF2403,20240104,093142200,585844980.0,576,3392.6,100897,3734.4,3055.6,1704331902237673,3392.4,3392.0,3391.8,3391.4,3391.2,3392.6,3393.0,3393.2,3393.8,3394.0,1,5,1,1,1,1,3,4,1,3,34302200,IF,202403,200,AM,False,True,False,2024-01-04 09:31:42.200,2024-01-04 01:31:42.237673+00:00,0,True,5,5,False,False,True,PASS,False,0.0,0.0,0.0,
IF2406,20240104,093142200,327841560.0,323,3386.6,62646,3728.0,3050.4,1704331902237681,3386.0,3385.8,3385.6,3385.4,3385.2,3387.0,3387.2,3387.4,3387.6,3388.2,2,3,1,1,2,1,2,3,1,1,34302200,IF,202406,200,AM,False,True,False,2024-01-04 09:31:42.200,2024-01-04 01:31:42.237681+00:00,0,True,5,5,False,False,True,PASS,False,0.0,0.0,0.0,
IF2401,20240104,093142700,1873462620.0,1849,3379.4,98089,3719.6,3043.6,1704331902734484,3379.2,3379.0,3378.8,3378.4,3378.2,3379.6,3379.8,3380.0,3380.2,3380.4,8,6,2,3,6,1,5,2,1,8,34302700,IF,202401,200,AM,False,True,False,2024-01-04 09:31:42.700,2024-01-04 01:31:42.734484+00:00,0,True,5,5,False,False,True,PASS,False,0.0,0.0,0.0,
IF2402,20240104,093142700,90359880.0,89,3386.4,6498,3727.0,3049.4,1704331902734492,3385.2,3384.8,3384.4,3383.2,3383.0,3386.6,3386.8,3387.0,3387.8,3388.0,2,2,2,3,1,1,3,2,1,3,34302700,IF,202402,200,AM,False,True,False,2024-01-04 09:31:42.700,2024-01-04 01:31:42.734492+00:00,0,True,5,5,False,False,True,PASS,False,0.0,0.0,0.0,
IF2403,20240104,093142700,586862760.0,577,3392.6,100897,3734.4,3055.6,1704331902734500,3392.6,3392.4,3392.0,3391.8,3391.4,3393.0,3393.2,3393.8,3394.0,3394.2,1,1,5,1,1,2,4,1,3,4,34302700,IF,202403,200,AM,False,True,False,2024-01-04 09:31:42.700,2024-01-04 01:31:42.734500+00:00,0,True,5,5,False,False,True,PASS,False,1.0,1017780.0,0.0,3392.6
IF2401,20240104,093143200,1876504440.0,1852,3379.8,98089,3719.6,3043.6,1704331903237335,3379.4,3379.2,3379.0,3378.8,3378.4,3379.8,3380.0,3380.2,3380.4,3380.6,2,8,6,2,3,2,3,1,8,1,34303200,IF,202401,200,AM,False,True,False,2024-01-04 09:31:43.200,2024-01-04 01:31:43.237335+00:00,0,True,5,5,False,False,True,PASS,False,3.0,3041820.0,0.0,3379.8
IF2403,20240104,093143200,586862760.0,577,3392.6,100897,3734.4,3055.6,1704331903237343,3392.4,3392.0,3391.8,3391.4,3391.2,3393.0,3393.2,3393.8,3394.0,3394.2,1,5,1,1,1,2,4,1,3,4,34303200,IF,202403,200,AM,False,True,False,2024-01-04 09:31:43.200,2024-01-04 01:31:43.237343+00:00,0,True,5,5,False,False,True,PASS,False,0.0,0.0,0.0,
IF2406,20240104,093143200,327841560.0,323,3386.6,62646,3728.0,3050.4,1704331903237351,3386.0,3385.8,3385.6,3385.4,3385.2,3387.0,3387.2,3387.4,3387.6,3388.2,1,3,1,1,2,1,2,3,1,1,34303200,IF,202406,200,AM,False,True,False,2024-01-04 09:31:43.200,2024-01-04 01:31:43.237351+00:00,0,True,5,5,False,False,True,PASS,False,0.0,0.0,0.0,
IF2401,20240104,093143700,1879546260.0,1855,3379.8,98087,3719.6,3043.6,1704331903737053,3379.8,3379.4,3379.2,3379.0,3378.8,3380.0,3380.2,3380.4,3380.6,3380.8,3,2,8,6,2,3,1,7,1,2,34303700,IF,202401,200,AM,False,True,False,2024-01-04 09:31:43.700,2024-01-04 01:31:43.737053+00:00,0,True,5,5,False,False,True,PASS,False,3.0,3041820.0,-2.0,3379.8
IF2406,20240104,093143700,327841560.0,323,3386.6,62646,3728.0,3050.4,1704331903737061,3386.0,3385.8,3385.6,3385.4,3385.2,3387.0,3387.2,3387.4,3387.6,3388.2,1,3,1,1,2,1,1,3,1,1,34303700,IF,202406,200,AM,False,True,False,2024-01-04 09:31:43.700,2024-01-04 01:31:43.737061+00:00,0,True,5,5,False,False,True,PASS,False,0.0,0.0,0.0,
IF2401,20240104,093144200,1885629720.0,1861,3379.4,98081,3719.6,3043.6,1704331904234716,3379.2,3379.0,3378.8,3378.4,3378.2,3380.0,3380.2,3380.4,3380.6,3380.8,8,6,3,3,6,6,1,7,1,2,34304200,IF,202401,200,AM,False,True,False,2024-01-04 09:31:44.200,2024-01-04 01:31:44.234716+00:00,0,True,5,5,False,False,True,PASS,False,6.0,6083460.0,-6.0,3379.7
IF2402,20240104,093144200,90359880.0,89,3386.4,6498,3727.0,3049.4,1704331904234724,3385.2,3384.8,3384.4,3383.2,3383.0,3386.8,3387.0,3387.8,3388.0,3388.2,2,2,2,3,1,3,2,1,3,2,34304200,IF,202402,200,AM,False,True,False,2024-01-04 09:31:44.200,2024-01-04 01:31:44.234724+00:00,0,True,5,5,False,False,True,PASS,False,0.0,0.0,0.0,
IF2403,20240104,093144200,587880660.0,578,3393.0,100897,3734.4,3055.6,1704331904234732,3392.6,3392.4,3392.0,3391.8,3391.4,3393.0,3393.2,3393.8,3394.0,3394.2,1,1,5,1,1,1,3,1,3,4,34304200,IF,202403,200,AM,False,True,False,2024-01-04 09:31:44.200,2024-01-04 01:31:44.234732+00:00,0,True,5,5,False,False,True,PASS,False,1.0,1017900.0,0.0,3393.0
IF2401,20240104,093144700,1885629720.0,1861,3379.4,98081,3719.6,3043.6,1704331904734884,3379.2,3379.0,3378.8,3378.4,3378.2,3379.8,3380.0,3380.2,3380.4,3380.6,8,6,3,3,6,6,6,1,7,1,34304700,IF,202401,200,AM,False,True,False,2024-01-04 09:31:44.700,2024-01-04 01:31:44.734884+00:00,0,True,5,5,False,False,True,PASS,False,0.0,0.0,0.0,
IF2402,20240104,093144700,90359880.0,89,3386.4,6498,3727.0,3049.4,1704331904734893,3385.2,3384.8,3384.4,3383.2,3383.0,3386.6,3386.8,3387.0,3387.8,3388.0,2,2,2,3,1,2,3,2,1,3,34304700,IF,202402,200,AM,False,True,False,2024-01-04 09:31:44.700,2024-01-04 01:31:44.734893+00:00,0,True,5,5,False,False,True,PASS,False,0.0,0.0,0.0,
IF2403,20240104,093144700,588898560.0,579,3393.0,100897,3734.4,3055.6,1704331904734901,3392.4,3392.0,3391.8,3391.4,3391.2,3392.8,3393.0,3393.2,3393.8,3394.0,1,5,1,1,1,1,1,3,1,3,34304700,IF,202403,200,AM,False,True,False,2024-01-04 09:31:44.700,2024-01-04 01:31:44.734901+00:00,0,True,5,5,False,False,True,PASS,False,1.0,1017900.0,0.0,3393.0
IF2406,20240104,093144700,327841560.0,323,3386.6,62646,3728.0,3050.4,1704331904734909,3386.0,3385.8,3385.6,3385.4,3385.2,3387.0,3387.2,3387.4,3387.6,3388.2,1,2,1,1,2,1,1,3,1,1,34304700,IF,202406,200,AM,False,True,False,2024-01-04 09:31:44.700,2024-01-04 01:31:44.734909+00:00,0,True,5,5,False,False,True,PASS,False,0.0,0.0,0.0,
IF2401,20240104,093145200,1885629720.0,1861,3379.4,98081,3719.6,3043.6,1704331905235199,3379.2,3379.0,3378.8,3378.4,3378.2,3379.4,3379.8,3380.0,3380.2,3380.4,9,6,3,3,6,3,6,11,1,4,34305200,IF,202401,200,AM,False,True,False,2024-01-04 09:31:45.200,2024-01-04 01:31:45.235199+00:00,0,True,5,5,False,False,True,PASS,False,0.0,0.0,0.0,
IF2402,20240104,093145200,90359880.0,89,3386.4,6498,3727.0,3049.4,1704331905235207,3385.2,3384.8,3384.4,3383.2,3383.0,3386.6,3386.8,3387.0,3387.8,3388.0,2,2,2,3,1,3,3,2,1,3,34305200,IF,202402,200,AM,False,True,False,2024-01-04 09:31:45.200,2024-01-04 01:31:45.235207+00:00,0,True,5,5,False,False,True,PASS,False,0.0,0.0,0.0,
IF2403,20240104,093145200,589916460.0,580,3393.0,100896,3734.4,3055.6,1704331905235215,3392.0,3391.8,3391.4,3391.2,3391.0,3393.0,3393.2,3393.8,3394.0,3394.2,5,1,1,1,1,1,3,1,3,4,34305200,IF,202403,200,AM,False,True,False,2024-01-04 09:31:45.200,2024-01-04 01:31:45.235215+00:00,0,True,5,5,False,False,True,PASS,False,1.0,1017900.0,-1.0,3393.0
IF2406,20240104,093145200,327841560.0,323,3386.6,62646,3728.0,3050.4,1704331905235223,3386.0,3385.6,3385.4,3385.2,3384.8,3387.0,3387.2,3387.4,3387.6,3388.2,1,1,1,2,1,1,1,3,1,1,34305200,IF,202406,200,AM,False,True,False,2024-01-04 09:31:45.200,2024-01-04 01:31:45.235223+00:00,0,True,5,5,False,False,True,PASS,False,0.0,0.0,0.0,
IF2401,20240104,093145700,1890698700.0,1866,3379.4,98080,3719.6,3043.6,1704331905737499,3379.2,3379.0,3378.8,3378.4,3378.2,3379.4,3379.8,3380.0,3380.2,3380.4,7,6,3,3,6,4,5,7,1,4,34305700,IF,202401,200,AM,False,True,False,2024-01-04 09:31:45.700,2024-01-04 01:31:45.737499+00:00,0,True,5,5,False,False,True,PASS,False,5.0,5068980.0,-1.0,3379.32
IF2403,20240104,093145700,589916460.0,580,3393.0,100896,3734.4,3055.6,1704331905737507,3392.2,3392.0,3391.8,3391.4,3391.2,3392.8,3393.0,3393.2,3393.8,3394.0,2,5,1,1,1,1,1,3,1,3,34305700,IF,202403,200,AM,False,True,False,2024-01-04 09:31:45.700,2024-01-04 01:31:45.737507+00:00,0,True,5,5,False,False,True,PASS,False,0.0,0.0,0.0,
IF2406,20240104,093145700,327841560.0,323,3386.6,62646,3728.0,3050.4,1704331905737515,3386.0,3385.6,3385.4,3385.2,3384.8,3387.0,3387.2,3387.4,3387.6,3387.8,1,1,1,2,1,1,2,3,1,2,34305700,IF,202406,200,AM,False,True,False,2024-01-04 09:31:45.700,2024-01-04 01:31:45.737515+00:00,0,True,5,5,False,False,True,PASS,False,0.0,0.0,0.0,
IF2401,20240104,093146200,1904891640.0,1880,3379.8,98068,3719.6,3043.6,1704331906238886,3379.4,3379.2,3379.0,3378.8,3378.4,3379.8,3380.0,3380.2,3380.4,3380.6,1,2,5,3,3,4,8,1,5,3,34306200,IF,202401,200,AM,False,True,False,2024-01-04 09:31:46.200,2024-01-04 01:31:46.238886+00:00,0,True,5,5,False,False,True,PASS,False,14.0,14192940.0,-12.0,3379.2714285714287
IF2403,20240104,093146200,589916460.0,580,3393.0,100896,3734.4,3055.6,1704331906238894,3392.0,3391.8,3391.4,3391.2,3391.0,3392.8,3393.0,3393.2,3393.8,3394.0,5,1,1,1,1,2,1,3,1,3,34306200,IF,202403,200,AM,False,True,False,2024-01-04 09:31:46.200,2024-01-04 01:31:46.238894+00:00,0,True,5,5,False,False,True,PASS,False,0.0,0.0,0.0,
IF2401,20240104,093146700,1909960920.0,1885,3379.6,98065,3719.6,3043.6,1704331906738445,3379.2,3379.0,3378.8,3378.4,3378.2,3379.8,3380.0,3380.2,3380.4,3380.6,2,5,3,3,6,4,8,1,5,3,34306700,IF,202401,200,AM,False,True,False,2024-01-04 09:31:46.700,2024-01-04 01:31:46.738445+00:00,0,True,5,5,False,False,True,PASS,False,5.0,5069280.0,-3.0,3379.52
IF2403,20240104,093146700,589916460.0,580,3393.0,100896,3734.4,3055.6,1704331906738453,3392.2,3392.0,3391.8,3391.4,3391.2,3392.8,3393.0,3393.2,3393.8,3394.0,2,5,1,1,1,2,1,3,1,3,34306700,IF,202403,200,AM,False,True,False,2024-01-04 09:31:46.700,2024-01-04 01:31:46.738453+00:00,0,True,5,5,False,False,True,PASS,False,0.0,0.0,0.0,
IF2406,20240104,093146700,327841560.0,323,3386.6,62646,3728.0,3050.4,1704331906738461,3386.0,3385.6,3385.4,3385.2,3384.8,3386.8,3387.0,3387.2,3387.4,3387.6,1,1,1,2,1,1,1,1,3,1,34306700,IF,202406,200,AM,False,True,False,2024-01-04 09:31:46.700,2024-01-04 01:31:46.738461+00:00,0,True,5,5,False,False,True,PASS,False,0.0,0.0,0.0,
IF2401,20240104,093147200,1910974680.0,1886,3379.2,98065,3719.6,3043.6,1704331907234981,3379.4,3379.2,3379.0,3378.8,3378.4,3379.8,3380.0,3380.2,3380.4,3380.6,1,1,5,3,3,1,8,1,5,3,34307200,IF,202401,200,AM,False,True,False,2024-01-04 09:31:47.200,2024-01-04 01:31:47.234981+00:00,0,True,5,5,False,False,True,PASS,False,1.0,1013760.0,0.0,3379.2
IF2402,20240104,093147200,90359880.0,89,3386.4,6498,3727.0,3049.4,1704331907234989,3385.2,3384.8,3384.4,3383.2,3383.0,3386.6,3386.8,3387.0,3387.8,3388.0,2,2,2,3,1,1,3,2,1,3,34307200,IF,202402,200,AM,False,True,False,2024-01-04 09:31:47.200,2024-01-04 01:31:47.234989+00:00,0,True,5,5,False,False,True,PASS,False,0.0,0.0,0.0,
IF2403,20240104,093147200,590934300.0,581,3392.8,100895,3734.4,3055.6,1704331907234996,3392.2,3392.0,3391.8,3391.4,3391.2,3393.0,3393.2,3393.8,3394.0,3394.2,2,5,1,1,1,1,3,1,3,4,34307200,IF,202403,200,AM,False,True,False,2024-01-04 09:31:47.200,2024-01-04 01:31:47.234996+00:00,0,True,5,5,False,False,True,PASS,False,1.0,1017840.0,-1.0,3392.8
IF2406,20240104,093147200,327841560.0,323,3386.6,62646,3728.0,3050.4,1704331907235004,3386.6,3386.0,3385.6,3385.4,3385.2,3386.8,3387.0,3387.4,3387.8,3388.2,1,1,1,1,2,1,1,3,2,1,34307200,IF,202406,200,AM,False,True,False,2024-01-04 09:31:47.200,2024-01-04 01:31:47.235004+00:00,0,True,5,5,False,False,True,PASS,False,0.0,0.0,0.0,
IF2401,20240104,093147700,1915029900.0,1890,3379.0,98061,3719.6,3043.6,1704331907734597,3379.0,3378.8,3378.4,3378.2,3378.0,3379.8,3380.0,3380.2,3380.4,3380.6,4,3,3,6,4,1,8,1,5,3,34307700,IF,202401,200,AM,False,True,False,2024-01-04 09:31:47.700,2024-01-04 01:31:47.734597+00:00,0,True,5,5,False,False,True,PASS,False,4.0,4055220.0,-4.0,3379.35
IF2403,20240104,093147700,590934300.0,581,3392.8,100895,3734.4,3055.6,1704331907734605,3392.2,3392.0,3391.8,3391.4,3391.2,3392.4,3393.0,3393.2,3393.8,3394.0,2,5,1,1,1,1,1,3,1,3,34307700,IF,202403,200,AM,False,True,False,2024-01-04 09:31:47.700,2024-01-04 01:31:47.734605+00:00,0,True,5,5,False,False,True,PASS,False,0.0,0.0,0.0,
IF2401,20240104,093148200,1915029900.0,1890,3379.0,98061,3719.6,3043.6,1704331908237339,3379.2,3379.0,3378.8,3378.4,3378.2,3379.8,3380.0,3380.2,3380.4,3380.6,4,4,3,3,6,1,8,1,5,3,34308200,IF,202401,200,AM,False,True,False,2024-01-04 09:31:48.200,2024-01-04 01:31:48.237339+00:00,0,True,5,5,False,False,True,PASS,False,0.0,0.0,0.0,
IF2402,20240104,093148200,90359880.0,89,3386.4,6498,3727.0,3049.4,1704331908237347,3385.2,3384.8,3384.4,3383.2,3383.0,3386.4,3386.6,3386.8,3387.0,3387.8,1,2,2,3,1,2,1,3,2,1,34308200,IF,202402,200,AM,False,True,False,2024-01-04 09:31:48.200,2024-01-04 01:31:48.237347+00:00,0,True,5,5,False,False,True,PASS,False,0.0,0.0,0.0,
IF2403,20240104,093148200,591952020.0,582,3392.4,100894,3734.4,3055.6,1704331908237355,3392.6,3392.4,3392.0,3391.8,3391.4,3393.0,3393.2,3393.8,3394.0,3394.2,1,2,5,1,1,1,3,1,3,4,34308200,IF,202403,200,AM,False,True,False,2024-01-04 09:31:48.200,2024-01-04 01:31:48.237355+00:00,0,True,5,5,False,False,True,PASS,False,1.0,1017720.0,-1.0,3392.4
IF2406,20240104,093148200,328857540.0,324,3386.6,62647,3728.0,3050.4,1704331908237363,3386.0,3385.6,3385.4,3385.2,3384.8,3386.8,3387.0,3387.4,3387.8,3388.2,1,1,1,2,1,1,1,3,2,1,34308200,IF,202406,200,AM,False,True,False,2024-01-04 09:31:48.200,2024-01-04 01:31:48.237363+00:00,0,True,5,5,False,False,True,PASS,False,1.0,1015980.0,1.0,3386.6
IF2401,20240104,093148700,1915029900.0,1890,3379.0,98061,3719.6,3043.6,1704331908737837,3379.2,3379.0,3378.8,3378.4,3378.2,3379.6,3379.8,3380.0,3380.2,3380.4,2,4,3,3,6,4,2,8,1,5,34308700,IF,202401,200,AM,False,True,False,2024-01-04 09:31:48.700,2024-01-04 01:31:48.737837+00:00,0,True,5,5,False,False,True,PASS,False,0.0,0.0,0.0,
IF2403,20240104,093148700,592969800.0,583,3392.6,100893,3734.4,3055.6,1704331908737845,3392.4,3392.0,3391.8,3391.4,3391.2,3392.8,3393.0,3393.2,3393.8,3394.0,2,5,1,1,1,2,1,3,1,3,34308700,IF,202403,200,AM,False,True,False,2024-01-04 09:31:48.700,2024-01-04 01:31:48.737845+00:00,0,True,5,5,False,False,True,PASS,False,1.0,1017780.0,-1.0,3392.6
IF2406,20240104,093148700,328857540.0,324,3386.6,62647,3728.0,3050.4,1704331908737853,3386.0,3385.6,3385.4,3385.2,3384.8,3386.8,3387.0,3387.4,3387.8,3388.2,1,1,1,2,1,1,2,3,2,1,34308700,IF,202406,200,AM,False,True,False,2024-01-04 09:31:48.700,2024-01-04 01:31:48.737853+00:00,0,True,5,5,False,False,True,PASS,False,0.0,0.0,0.0,
IF2401,20240104,093149200,1915029900.0,1890,3379.0,98061,3719.6,3043.6,1704331909237875,3379.0,3378.8,3378.4,3378.2,3378.0,3379.6,3379.8,3380.0,3380.4,3380.6,4,3,3,6,4,5,2,8,5,3,34309200,IF,202401,200,AM,False,True,False,2024-01-04 09:31:49.200,2024-01-04 01:31:49.237875+00:00,0,True,5,5,False,False,True,PASS,False,0.0,0.0,0.0,
IF2403,20240104,093149200,592969800.0,583,3392.6,100893,3734.4,3055.6,1704331909237883,3392.4,3392.0,3391.8,3391.4,3391.2,3392.8,3393.0,3393.2,3393.8,3394.0,1,5,1,1,1,4,1,3,1,2,34309200,IF,202403,200,AM,False,True,False,2024-01-04 09:31:49.200,2024-01-04 01:31:49.237883+00:00,0,True,5,5,False,False,True,PASS,False,0.0,0.0,0.0,
IF2406,20240104,093149200,328857540.0,324,3386.6,62647,3728.0,3050.4,1704331909237891,3385.6,3385.4,3385.2,3384.8,3384.4,3386.0,3386.6,3387.0,3387.4,3387.8,1,1,2,1,1,1,1,2,3,2,34309200,IF,202406,200,AM,False,True,False,2024-01-04 09:31:49.200,2024-01-04 01:31:49.237891+00:00,0,True,5,5,False,False,True,PASS,False,0.0,0.0,0.0,
IF2401,20240104,093149700,1916043600.0,1891,3379.0,98060,3719.6,3043.6,1704331909736059,3379.0,3378.8,3378.4,3378.2,3378.0,3379.2,3379.6,3379.8,3380.0,3380.4,3,3,3,6,4,1,10,2,8,5,34309700,IF,202401,200,AM,False,True,False,2024-01-04 09:31:49.700,2024-01-04 01:31:49.736059+00:00,0,True,5,5,False,False,True,PASS,False,1.0,1013700.0,-1.0,3379.0
IF2403,20240104,093149700,593987520.0,584,3392.4,100893,3734.4,3055.6,1704331909736114,3392.0,3391.8,3391.4,3391.2,3391.0,3392.8,3393.0,3393.2,3393.8,3394.0,5,1,1,1,1,5,2,3,1,2,34309700,IF,202403,200,AM,False,True,False,2024-01-04 09:31:49.700,2024-01-04 01:31:49.736114+00:00,0,True,5,5,False,False,True,PASS,False,1.0,1017720.0,0.0,3392.4
IF2406,20240104,093149700,329873340.0,325,3386.0,62646,3728.0,3050.4,1704331909736171,3385.6,3385.4,3385.2,3384.8,3384.4,3386.6,3387.0,3387.2,3387.4,3387.8,1,1,2,1,1,1,2,1,3,2,34309700,IF,202406,200,AM,False,True,False,2024-01-04 09:31:49.700,2024-01-04 01:31:49.736171+00:00,0,True,5,5,False,False,True,PASS,False,1.0,1015800.0,-1.0,3386.0
IF2401,20240104,093150200,1927194180.0,1902,3378.8,98053,3719.6,3043.6,1704331910238962,3378.4,3378.2,3378.0,3377.8,3377.6,3379.0,3379.2,3379.6,3379.8,3380.0,3,6,4,2,1,1,4,10,2,8,34310200,IF,202401,200,AM,False,True,False,2024-01-04 09:31:50.200,2024-01-04 01:31:50.238962+00:00,0,True,5,5,False,False,True,PASS,False,11.0,11150580.0,-7.0,3378.9636363636364
IF2402,20240104,093150200,91375440.0,90,3385.2,6498,3727.0,3049.4,1704331910238970,3384.4,3383.2,3383.0,3382.2,3380.6,3386.4,3386.6,3386.8,3387.0,3387.8,1,3,1,1,1,2,1,3,2,1,34310200,IF,202402,200,AM,False,True,False,2024-01-04 09:31:50.200,2024-01-04 01:31:50.238970+00:00,0,True,5,5,False,False,True,PASS,False,1.0,1015560.0,0.0,3385.2
IF2403,20240104,093150200,600093360.0,590,3392.8,100892,3734.4,3055.6,1704331910238978,3391.8,3391.4,3391.2,3391.0,3390.8,3392.8,3393.0,3393.2,3393.8,3394.0,1,1,1,1,1,4,2,3,1,2,34310200,IF,202403,200,AM,False,True,False,2024-01-04 09:31:50.200,2024-01-04 01:31:50.238978+00:00,0,True,5,5,False,False,True,PASS,False,6.0,6105840.0,-1.0,3392.133333333333
IF2406,20240104,093150200,329873340.0,325,3386.0,62646,3728.0,3050.4,1704331910238986,3385.4,3385.2,3384.8,3384.4,3383.6,3386.6,3387.0,3387.2,3387.4,3388.2,1,2,1,1,1,1,2,3,3,1,34310200,IF,202406,200,AM,False,True,False,2024-01-04 09:31:50.200,2024-01-04 01:31:50.238986+00:00,0,True,5,5,False,False,True,PASS,False,0.0,0.0,0.0,
IF2401,20240104,093150700,1930235100.0,1905,3379.2,98050,3719.6,3043.6,1704331910737964,3378.2,3378.0,3377.8,3377.6,3377.4,3378.6,3379.0,3379.2,3379.6,3379.8,4,4,2,1,3,1,1,3,10,2,34310700,IF,202401,200,AM,False,True,False,2024-01-04 09:31:50.700,2024-01-04 01:31:50.737964+00:00,0,True,5,5,False,False,True,PASS,False,3.0,3040920.0,-3.0,3378.8
IF2402,20240104,093150700,91375440.0,90,3385.2,6498,3727.0,3049.4,1704331910737973,3384.4,3383.2,3383.0,3382.2,3380.6,3386.0,3386.2,3386.4,3386.6,3386.8,1,3,3,1,1,1,3,2,1,1,34310700,IF,202402,200,AM,False,True,False,2024-01-04 09:31:50.700,2024-01-04 01:31:50.737973+00:00,0,True,5,5,False,False,True,PASS,False,0.0,0.0,0.0,
IF2403,20240104,093150700,600093360.0,590,3392.8,100892,3734.4,3055.6,1704331910737982,3391.8,3391.4,3391.0,3390.8,3389.2,3392.6,3392.8,3393.0,3393.2,3393.8,1,1,1,1,1,6,4,2,3,1,34310700,IF,202403,200,AM,False,True,False,2024-01-04 09:31:50.700,2024-01-04 01:31:50.737982+00:00,0,True,5,5,False,False,True,PASS,False,0.0,0.0,0.0,
IF2406,20240104,093150700,329873340.0,325,3386.0,62646,3728.0,3050.4,1704331910737990,3385.2,3384.8,3384.4,3383.6,3382.8,3386.2,3386.4,3386.6,3387.0,3387.2,2,1,1,1,4,1,5,1,2,4,34310700,IF,202406,200,AM,False,True,False,2024-01-04 09:31:50.700,2024-01-04 01:31:50.737990+00:00,0,True,5,5,False,False,True,PASS,False,0.0,0.0,0.0,
IF2401,20240104,093151200,1931248680.0,1906,3378.6,98049,3719.6,3043.6,1704331911239525,3378.4,3378.2,3378.0,3377.8,3377.6,3378.8,3379.0,3379.2,3379.6,3379.8,1,4,4,2,1,1,1,3,12,2,34311200,IF,202401,200,AM,False,True,False,2024-01-04 09:31:51.200,2024-01-04 01:31:51.239525+00:00,0,True,5,5,False,False,True,PASS,False,1.0,1013580.0,-1.0,3378.6
IF2402,20240104,093151200,91375440.0,90,3385.2,6498,3727.0,3049.4,1704331911239533,3384.4,3383.2,3383.0,3382.2,3380.6,3385.2,3385.8,3386.0,3386.2,3386.4,1,3,3,1,1,1,4,1,3,2,34311200,IF,202402,200,AM,False,True,False,2024-01-04 09:31:51.200,2024-01-04 01:31:51.239533+00:00,0,True,5,5,False,False,True,PASS,False,0.0,0.0,0.0,
IF2403,20240104,093151200,601110900.0,591,3391.8,100892,3734.4,3055.6,1704331911239541,3391.4,3391.0,3390.8,3389.2,3389.0,3392.6,3392.8,3393.0,3393.2,3393.8,1,1,1,1,3,9,4,2,3,1,34311200,IF,202403,200,AM,False,True,False,2024-01-04 09:31:51.200,2024-01-04 01:31:51.239541+00:00,0,True,5,5,False,False,True,PASS,False,1.0,1017540.0,0.0,3391.8
IF2406,20240104,093151200,329873340.0,325,3386.0,62646,3728.0,3050.4,1704331911239549,3385.0,3384.4,3383.6,3382.8,3381.2,3386.0,3386.2,3386.4,3386.6,3387.0,2,1,1,4,1,4,1,6,1,2,34311200,IF,202406,200,AM,False,True,False,2024-01-04 09:31:51.200,2024-01-04 01:31:51.239549+00:00,0,True,5,5,False,False,True,PASS,False,0.0,0.0,0.0,
IF2401,20240104,093151700,1936316040.0,1911,3378.2,98044,3719.6,3043.6,1704331911738711,3378.0,3377.8,3377.6,3377.4,3377.2,3378.4,3378.6,3378.8,3379.0,3379.2,3,2,1,1,1,5,2,4,1,3,34311700,IF,202401,200,AM,False,True,False,2024-01-04 09:31:51.700,2024-01-04 01:31:51.738711+00:00,0,True,5,5,False,False,True,PASS,False,5.0,5067360.0,-5.0,3378.24
IF2402,20240104,093151700,92390760.0,91,3384.4,6497,3727.0,3049.4,1704331911738719,3383.2,3383.0,3382.2,3380.6,3380.4,3385.0,3385.2,3385.8,3386.0,3386.2,3,3,1,1,1,2,1,4,1,2,34311700,IF,202402,200,AM,False,True,False,2024-01-04 09:31:51.700,2024-01-04 01:31:51.738719+00:00,0,True,5,5,False,False,True,PASS,False,1.0,1015320.0,-1.0,3384.4
IF2403,20240104,093151700,602128320.0,592,3391.4,100892,3734.4,3055.6,1704331911738727,3391.0,3389.8,3389.2,3389.0,3388.8,3392.4,3392.6,3392.8,3393.0,3393.2,1,1,1,3,1,2,5,4,2,3,34311700,IF,202403,200,AM,False,True,False,2024-01-04 09:31:51.700,2024-01-04 01:31:51.738727+00:00,0,True,5,5,False,False,True,PASS,False,1.0,1017420.0,0.0,3391.4
IF2406,20240104,093151700,329873340.0,325,3386.0,62646,3728.0,3050.4,1704331911738735,3383.6,3382.8,3381.2,3380.6,3380.4,3385.6,3386.0,3386.2,3386.4,3386.6,1,4,1,1,1,2,5,1,6,1,34311700,IF,202406,200,AM,False,True,False,2024-01-04 09:31:51.700,2024-01-04 01:31:51.738735+00:00,0,True,5,5,False,False,True,PASS,False,0.0,0.0,0.0,
IF2401,20240104,093152200,1943409840.0,1918,3378.2,98039,3719.6,3043.6,1704331912239268,3377.6,3377.4,3377.2,3377.0,3376.8,3378.0,3378.2,3378.4,3378.8,3379.0,1,1,1,4,1,1,2,3,4,1,34312200,IF,202401,200,AM,False,True,False,2024-01-04 09:31:52.200,2024-01-04 01:31:52.239268+00:00,0,True,5,5,False,False,True,PASS,False,7.0,7093800.0,-5.0,3378.0
IF2402,20240104,093152200,92390760.0,91,3384.4,6497,3727.0,3049.4,1704331912239276,3383.6,3383.4,3383.2,3383.0,3382.2,3384.8,3385.2,3385.8,3386.0,3386.2,3,2,5,3,1,1,1,3,1,2,34312200,IF,202402,200,AM,False,True,False,2024-01-04 09:31:52.200,2024-01-04 01:31:52.239276+00:00,0,True,5,5,False,False,True,PASS,False,0.0,0.0,0.0,
IF2403,20240104,093152200,603145740.0,593,3391.4,100891,3734.4,3055.6,1704331912239284,3391.0,3389.8,3389.2,3389.0,3388.8,3391.2,3392.0,3392.2,3392.4,3392.6,1,1,1,3,1,1,2,4,7,4,34312200,IF,202403,200,AM,False,True,False,2024-01-04 09:31:52.200,2024-01-04 01:31:52.239284+00:00,0,True,5,5,False,False,True,PASS,False,1.0,1017420.0,-1.0,3391.4
IF2406,20240104,093152200,329873340.0,325,3386.0,62646,3728.0,3050.4,1704331912239292,3384.0,3383.8,3383.6,3382.8,3381.2,3385.4,3385.6,3385.8,3386.0,3386.2,2,6,1,4,1,1,2,1,5,1,34312200,IF,202406,200,AM,False,True,False,2024-01-04 09:31:52.200,2024-01-04 01:31:52.239292+00:00,0,True,5,5,False,False,True,PASS,False,0.0,0.0,0.0,
IF2401,20240104,093152700,1946450220.0,1921,3378.2,98036,3719.6,3043.6,1704331912739125,3378.0,3377.6,3377.4,3377.2,3377.0,3378.4,3378.8,3379.0,3379.2,3379.6,1,1,1,1,4,2,1,1,3,12,34312700,IF,202401,200,AM,False,True,False,2024-01-04 09:31:52.700,2024-01-04 01:31:52.739125+00:00,0,True,5,5,False,False,True,PASS,False,3.0,3040380.0,-3.0,3378.2
IF2402,20240104,093152700,92390760.0,91,3384.4,6497,3727.0,3049.4,1704331912739134,3383.6,3383.4,3383.2,3383.0,3382.2,3384.8,3385.2,3385.8,3386.0,3386.2,2,1,5,3,1,1,1,3,1,2,34312700,IF,202402,200,AM,False,True,False,2024-01-04 09:31:52.700,2024-01-04 01:31:52.739134+00:00,0,True,5,5,False,False,True,PASS,False,0.0,0.0,0.0,
IF2403,20240104,093152700,604163100.0,594,3391.2,100890,3734.4,3055.6,1704331912739142,3391.0,3389.8,3389.2,3389.0,3388.8,3391.8,3392.0,3392.2,3392.4,3392.6,1,1,1,3,1,1,2,5,6,4,34312700,IF,202403,200,AM,False,True,False,2024-01-04 09:31:52.700,2024-01-04 01:31:52.739142+00:00,0,True,5,5,False,False,True,PASS,False,1.0,1017360.0,-1.0,3391.2
IF2406,20240104,093152700,329873340.0,325,3386.0,62646,3728.0,3050.4,1704331912739149,3384.0,3383.8,3383.6,3382.8,3381.2,3385.4,3386.0,3386.2,3386.4,3387.0,2,6,1,4,1,2,5,1,6,2,34312700,IF,202406,200,AM,False,True,False,2024-01-04 09:31:52.700,2024-01-04 01:31:52.739149+00:00,0,True,5,5,False,False,True,PASS,False,0.0,0.0,0.0,
IF2401,20240104,093153200,1948477260.0,1923,3378.4,98034,3719.6,3043.6,1704331913237737,3378.0,3377.6,3377.4,3377.2,3377.0,3378.6,3378.8,3379.0,3379.2,3379.6,1,1,1,1,4,1,1,1,3,12,34313200,IF,202401,200,AM,False,True,False,2024-01-04 09:31:53.200,2024-01-04 01:31:53.237737+00:00,0,True,5,5,False,False,True,PASS,False,2.0,2027040.0,-2.0,3378.4
IF2403,20240104,093153200,607215120.0,597,3391.0,100887,3734.4,3055.6,1704331913237745,3391.2,3389.8,3389.2,3389.0,3388.8,3391.4,3391.8,3392.2,3392.4,3392.6,2,1,1,3,1,1,1,4,4,4,34313200,IF,202403,200,AM,False,True,False,2024-01-04 09:31:53.200,2024-01-04 01:31:53.237745+00:00,0,True,5,5,False,False,True,PASS,False,3.0,3052020.0,-3.0,3391.133333333333
IF2406,20240104,093153200,330888540.0,326,3384.0,62645,3728.0,3050.4,1704331913240842,3384.0,3383.8,3383.6,3382.8,3381.2,3385.4,3386.0,3386.2,3386.4,3387.0,1,6,1,4,1,2,5,1,6,2,34313200,IF,202406,200,AM,False,True,False,2024-01-04 09:31:53.200,2024-01-04 01:31:53.240842+00:00,0,True,5,5,False,False,True,PASS,False,1.0,1015200.0,-1.0,3384.0
IF2401,20240104,093153700,1952531460.0,1927,3378.2,98033,3719.6,3043.6,1704331913738978,3377.6,3377.4,3377.2,3377.0,3376.8,3378.4,3378.6,3379.2,3379.6,3379.8,2,1,1,4,1,1,1,3,12,3,34313700,IF,202401,200,AM,False,True,False,2024-01-04 09:31:53.700,2024-01-04 01:31:53.738978+00:00,0,True,5,5,False,False,True,PASS,False,4.0,4054200.0,-1.0,3378.5
IF2402,20240104,093153700,92390760.0,91,3384.4,6497,3727.0,3049.4,1704331913738987,3383.8,3383.6,3383.4,3383.2,3383.0,3385.8,3386.0,3386.2,3386.4,3386.6,1,2,1,5,3,3,1,2,2,1,34313700,IF,202402,200,AM,False,True,False,2024-01-04 09:31:53.700,2024-01-04 01:31:53.738987+00:00,0,True,5,5,False,False,True,PASS,False,0.0,0.0,0.0,
IF2403,20240104,093153700,608232540.0,598,3391.4,100886,3734.4,3055.6,1704331913738994,3391.2,3390.8,3389.8,3389.2,3389.0,3391.8,3392.2,3392.4,3392.6,3392.8,2,1,1,1,3,1,2,3,4,4,34313700,IF,202403,200,AM,False,True,False,2024-01-04 09:31:53.700,2024-01-04 01:31:53.738994+00:00,0,True,5,5,False,False,True,PASS,False,1.0,1017420.0,-1.0,3391.4
IF2406,20240104,093153700,330888540.0,326,3384.0,62645,3728.0,3050.4,1704331913739002,3384.2,3384.0,3383.8,3383.6,3382.8,3385.4,3386.0,3386.2,3386.4,3387.0,2,1,5,1,4,2,4,1,6,2,34313700,IF,202406,200,AM,False,True,False,2024-01-04 09:31:53.700,2024-01-04 01:31:53.739002+00:00,0,True,5,5,False,False,True,PASS,False,0.0,0.0,0.0,
IF2401,20240104,093154200,1954558560.0,1929,3378.6,98032,3719.6,3043.6,1704331914238825,3377.8,3377.6,3377.4,3377.2,3377.0,3379.2,3379.6,3379.8,3380.0,3380.4,8,4,1,1,4,3,12,3,6,5,34314200,IF,202401,200,AM,False,True,False,2024-01-04 09:31:54.200,2024-01-04 01:31:54.238825+00:00,0,True,5,5,False,False,True,PASS,False,2.0,2027100.0,-1.0,3378.5
IF2402,20240104,093154200,92390760.0,91,3384.4,6497,3727.0,3049.4,1704331914238834,3383.8,3383.6,3383.4,3383.2,3383.0,3385.4,3385.6,3385.8,3386.0,3386.2,1,2,1,5,3,1,3,3,1,1,34314200,IF,202402,200,AM,False,True,False,2024-01-04 09:31:54.200,2024-01-04 01:31:54.238834+00:00,0,True,5,5,False,False,True,PASS,False,0.0,0.0,0.0,
IF2401,20240104,093154700,1958612640.0,1933,3378.2,98029,3719.6,3043.6,1704331914737612,3378.6,3378.2,3378.0,3377.8,3377.6,3378.8,3379.0,3379.2,3379.6,3379.8,9,1,20,6,4,1,2,7,12,3,34314700,IF,202401,200,AM,False,True,False,2024-01-04 09:31:54.700,2024-01-04 01:31:54.737612+00:00,0,True,5,5,False,False,True,PASS,False,4.0,4054080.0,-3.0,3378.4
IF2402,20240104,093154700,92390760.0,91,3384.4,6497,3727.0,3049.4,1704331914737621,3384.0,3383.8,3383.6,3383.4,3383.2,3385.4,3385.6,3385.8,3386.0,3386.4,2,1,2,1,5,1,2,3,1,2,34314700,IF,202402,200,AM,False,True,False,2024-01-04 09:31:54.700,2024-01-04 01:31:54.737621+00:00,0,True,5,5,False,False,True,PASS,False,0.0,0.0,0.0,
IF2403,20240104,093154700,608232540.0,598,3391.4,100886,3734.4,3055.6,1704331914737629,3391.2,3390.8,3389.8,3389.2,3389.0,3391.8,3392.2,3392.4,3392.6,3392.8,4,1,1,1,3,1,2,2,4,4,34314700,IF,202403,200,AM,False,True,False,2024-01-04 09:31:54.700,2024-01-04 01:31:54.737629+00:00,0,True,5,5,False,False,True,PASS,False,0.0,0.0,0.0,
IF2406,20240104,093154700,330888540.0,326,3384.0,62645,3728.0,3050.4,1704331914737636,3384.6,3384.2,3384.0,3383.8,3383.6,3385.4,3386.0,3386.2,3386.4,3387.0,2,2,1,5,1,1,3,2,6,2,34314700,IF,202406,200,AM,False,True,False,2024-01-04 09:31:54.700,2024-01-04 01:31:54.737636+00:00,0,True,5,5,False,False,True,PASS,False,0.0,0.0,0.0,
IF2401,20240104,093155200,1969762200.0,1944,3378.6,98020,3719.6,3043.6,1704331915238154,3378.6,3378.2,3378.0,3377.8,3377.6,3378.8,3379.2,3379.6,3379.8,3380.0,1,1,4,4,4,1,5,12,3,5,34315200,IF,202401,200,AM,False,True,False,2024-01-04 09:31:55.200,2024-01-04 01:31:55.238154+00:00,0,True,5,5,False,False,True,PASS,False,11.0,11149560.0,-9.0,3378.6545454545453
IF2402,20240104,093155200,92390760.0,91,3384.4,6497,3727.0,3049.4,1704331915238162,3384.0,3383.8,3383.6,3383.4,3383.2,3385.2,3385.4,3385.6,3385.8,3386.0,1,1,1,1,5,1,1,2,3,1,34315200,IF,202402,200,AM,False,True,False,2024-01-04 09:31:55.200,2024-01-04 01:31:55.238162+00:00,0,True,5,5,False,False,True,PASS,False,0.0,0.0,0.0,
IF2403,20240104,093155200,608232540.0,598,3391.4,100886,3734.4,3055.6,1704331915238170,3389.8,3389.2,3389.0,3388.8,3388.6,3391.8,3392.2,3392.4,3392.6,3392.8,1,1,3,1,1,1,2,2,4,4,34315200,IF,202403,200,AM,False,True,False,2024-01-04 09:31:55.200,2024-01-04 01:31:55.238170+00:00,0,True,5,5,False,False,True,PASS,False,0.0,0.0,0.0,
IF2406,20240104,093155200,330888540.0,326,3384.0,62645,3728.0,3050.4,1704331915238178,3384.2,3384.0,3383.8,3383.6,3382.8,3386.0,3386.2,3386.4,3387.0,3387.2,2,1,5,1,4,3,2,6,2,3,34315200,IF,202406,200,AM,False,True,False,2024-01-04 09:31:55.200,2024-01-04 01:31:55.238178+00:00,0,True,5,5,False,False,True,PASS,False,0.0,0.0,0.0,
IF2401,20240104,093155700,1973816040.0,1948,3378.0,98017,3719.6,3043.6,1704331915737644,3377.8,3377.6,3377.4,3377.2,3377.0,3378.4,3378.6,3378.8,3379.2,3379.6,4,2,1,1,5,4,3,3,5,12,34315700,IF,202401,200,AM,False,True,False,2024-01-04 09:31:55.700,2024-01-04 01:31:55.737644+00:00,0,True,5,5,False,False,True,PASS,False,4.0,4053840.0,-3.0,3378.2
IF2402,20240104,093155700,92390760.0,91,3384.4,6497,3727.0,3049.4,1704331915737652,3384.2,3383.8,3383.6,3383.4,3383.2,3385.2,3385.4,3385.6,3385.8,3386.0,1,1,1,1,5,1,1,2,3,1,34315700,IF,202402,200,AM,False,True,False,2024-01-04 09:31:55.700,2024-01-04 01:31:55.737652+00:00,0,True,5,5,False,False,True,PASS,False,0.0,0.0,0.0,
IF2403,20240104,093155700,608232540.0,598,3391.4,100886,3734.4,3055.6,1704331915737660,3390.8,3390.6,3390.4,3390.2,3390.0,3391.2,3391.6,3391.8,3392.2,3392.4,3,4,2,10,13,1,2,3,2,2,34315700,IF,202403,200,AM,False,True,False,2024-01-04 09:31:55.700,2024-01-04 01:31:55.737660+00:00,0,True,5,5,False,False,True,PASS,False,0.0,0.0,0.0,
IF2406,20240104,093155700,330888540.0,326,3384.0,62645,3728.0,3050.4,1704331915737668,3384.2,3383.8,3383.6,3382.8,3381.2,3385.6,3385.8,3386.0,3386.2,3386.4,2,5,1,4,1,2,2,3,2,5,34315700,IF,202406,200,AM,False,True,False,2024-01-04 09:31:55.700,2024-01-04 01:31:55.737668+00:00,0,True,5,5,False,False,True,PASS,False,0.0,0.0,0.0,
IF2401,20240104,093156200,1975842900.0,1950,3377.8,98015,3719.6,3043.6,1704331916237697,3377.8,3377.6,3377.4,3377.2,3377.0,3378.4,3378.6,3378.8,3379.2,3379.6,1,2,1,1,5,5,3,4,5,12,34316200,IF,202401,200,AM,False,True,False,2024-01-04 09:31:56.200,2024-01-04 01:31:56.237697+00:00,0,True,5,5,False,False,True,PASS,False,2.0,2026860.0,-2.0,3378.1
IF2402,20240104,093156200,93406020.0,92,3384.2,6496,3727.0,3049.4,1704331916237705,3383.6,3383.4,3383.2,3383.0,3382.2,3385.0,3385.2,3385.4,3385.6,3385.8,1,1,6,3,1,4,1,1,1,3,34316200,IF,202402,200,AM,False,True,False,2024-01-04 09:31:56.200,2024-01-04 01:31:56.237705+00:00,0,True,5,5,False,False,True,PASS,False,1.0,1015260.0,-1.0,3384.2
IF2403,20240104,093156200,609249900.0,599,3391.2,100885,3734.4,3055.6,1704331916237713,3390.2,3390.0,3389.8,3389.4,3389.2,3391.6,3391.8,3392.2,3392.4,3392.6,1,11,1,1,1,1,3,2,2,4,34316200,IF,202403,200,AM,False,True,False,2024-01-04 09:31:56.200,2024-01-04 01:31:56.237713+00:00,0,True,5,5,False,False,True,PASS,False,1.0,1017360.0,-1.0,3391.2
IF2406,20240104,093156200,330888540.0,326,3384.0,62645,3728.0,3050.4,1704331916237721,3383.8,3383.6,3382.8,3381.2,3380.6,3385.0,3385.4,3385.6,3385.8,3386.0,3,1,4,1,1,1,1,2,1,3,34316200,IF,202406,200,AM,False,True,False,2024-01-04 09:31:56.200,2024-01-04 01:31:56.237721+00:00,0,True,5,5,False,False,True,PASS,False,0.0,0.0,0.0,
IF2401,20240104,093156700,1976856240.0,1951,3377.8,98014,3719.6,3043.6,1704331916739263,3377.8,3377.6,3377.4,3377.2,3377.0,3378.4,3378.6,3378.8,3379.2,3379.6,1,2,1,1,5,5,2,1,5,12,34316700,IF,202401,200,AM,False,True,False,2024-01-04 09:31:56.700,2024-01-04 01:31:56.739263+00:00,0,True,5,5,False,False,True,PASS,False,1.0,1013340.0,-1.0,3377.8
IF2402,20240104,093156700,93406020.0,92,3384.2,6496,3727.0,3049.4,1704331916739271,3383.6,3383.4,3383.2,3383.0,3382.2,3384.8,3385.0,3385.2,3385.4,3385.6,1,1,6,3,1,1,3,1,1,1,34316700,IF,202402,200,AM,False,True,False,2024-01-04 09:31:56.700,2024-01-04 01:31:56.739271+00:00,0,True,5,5,False,False,True,PASS,False,0.0,0.0,0.0,
IF2403,20240104,093156700,609249900.0,599,3391.2,100885,3734.4,3055.6,1704331916739279,3390.2,3390.0,3389.8,3389.4,3389.2,3391.4,3391.6,3391.8,3392.2,3392.4,2,11,1,1,1,2,3,4,2,2,34316700,IF,202403,200,AM,False,True,False,2024-01-04 09:31:56.700,2024-01-04 01:31:56.739279+00:00,0,True,5,5,False,False,True,PASS,False,0.0,0.0,0.0,
IF2406,20240104,093156700,330888540.0,326,3384.0,62645,3728.0,3050.4,1704331916739287,3383.8,3383.6,3382.8,3381.2,3380.6,3385.2,3385.4,3385.6,3385.8,3386.0,3,1,4,1,1,1,1,2,1,3,34316700,IF,202406,200,AM,False,True,False,2024-01-04 09:31:56.700,2024-01-04 01:31:56.739287+00:00,0,True,5,5,False,False,True,PASS,False,0.0,0.0,0.0,
IF2401,20240104,093157200,1976856240.0,1951,3377.8,98014,3719.6,3043.6,1704331917241956,3377.8,3377.6,3377.4,3377.2,3377.0,3378.2,3378.4,3378.6,3378.8,3379.2,1,2,1,1,5,1,3,1,1,5,34317200,IF,202401,200,AM,False,True,False,2024-01-04 09:31:57.200,2024-01-04 01:31:57.241956+00:00,0,True,5,5,False,False,True,PASS,False,0.0,0.0,0.0,
IF2402,20240104,093157200,93406020.0,92,3384.2,6496,3727.0,3049.4,1704331917241964,3383.6,3383.4,3383.2,3383.0,3382.2,3384.8,3385.0,3385.2,3385.4,3385.6,1,1,6,3,1,1,1,1,1,1,34317200,IF,202402,200,AM,False,True,False,2024-01-04 09:31:57.200,2024-01-04 01:31:57.241964+00:00,0,True,5,5,False,False,True,PASS,False,0.0,0.0,0.0,
IF2403,20240104,093157200,609249900.0,599,3391.2,100885,3734.4,3055.6,1704331917241976,3390.4,3390.2,3390.0,3389.8,3389.4,3391.4,3391.6,3391.8,3392.2,3392.4,2,1,10,1,1,2,3,4,2,2,34317200,IF,202403,200,AM,False,True,False,2024-01-04 09:31:57.200,2024-01-04 01:31:57.241976+00:00,0,True,5,5,False,False,True,PASS,False,0.0,0.0,0.0,
IF2401,20240104,093157700,1980909720.0,1955,3377.6,98011,3719.6,3043.6,1704331917740682,3377.8,3377.6,3377.4,3377.2,3377.0,3378.4,3378.8,3379.2,3379.6,3379.8,1,1,1,1,5,3,1,5,12,4,34317700,IF,202401,200,AM,False,True,False,2024-01-04 09:31:57.700,2024-01-04 01:31:57.740682+00:00,0,True,5,5,False,False,True,PASS,False,4.0,4053480.0,-3.0,3377.9
IF2403,20240104,093157700,609249900.0,599,3391.2,100885,3734.4,3055.6,1704331917740690,3390.6,3390.4,3390.2,3390.0,3389.8,3391.4,3391.6,3391.8,3392.2,3392.4,2,2,1,10,1,2,3,4,2,2,34317700,IF,202403,200,AM,False,True,False,2024-01-04 09:31:57.700,2024-01-04 01:31:57.740690+00:00,0,True,5,5,False,False,True,PASS,False,0.0,0.0,0.0,
IF2406,20240104,093157700,330888540.0,326,3384.0,62645,3728.0,3050.4,1704331917740699,3383.8,3383.6,3382.8,3381.2,3380.6,3385.2,3385.4,3385.6,3385.8,3386.0,3,1,4,1,1,1,2,2,1,3,34317700,IF,202406,200,AM,False,True,False,2024-01-04 09:31:57.700,2024-01-04 01:31:57.740699+00:00,0,True,5,5,False,False,True,PASS,False,0.0,0.0,0.0,
IF2401,20240104,093158200,1982936760.0,1957,3378.4,98010,3719.6,3043.6,1704331918241759,3377.8,3377.6,3377.4,3377.2,3377.0,3378.0,3378.2,3378.4,3378.6,3378.8,1,1,1,1,5,1,1,4,1,1,34318200,IF,202401,200,AM,False,True,False,2024-01-04 09:31:58.200,2024-01-04 01:31:58.241759+00:00,0,True,5,5,False,False,True,PASS,False,2.0,2027040.0,-1.0,3378.4
IF2403,20240104,093158200,610267320.0,600,3391.4,100885,3734.4,3055.6,1704331918241768,3390.8,3390.6,3390.4,3390.2,3390.0,3391.4,3391.6,3391.8,3392.2,3392.4,1,2,2,1,10,1,2,5,2,2,34318200,IF,202403,200,AM,False,True,False,2024-01-04 09:31:58.200,2024-01-04 01:31:58.241768+00:00,0,True,5,5,False,False,True,PASS,False,1.0,1017420.0,0.0,3391.4
IF2401,20240104,093158700,1986990240.0,1961,3377.8,98006,3719.6,3043.6,1704331918739964,3377.6,3377.4,3377.2,3377.0,3376.8,3378.4,3378.6,3378.8,3379.2,3379.6,1,1,1,5,1,1,1,1,5,12,34318700,IF,202401,200,AM,False,True,False,2024-01-04 09:31:58.700,2024-01-04 01:31:58.739964+00:00,0,True,5,5,False,False,True,PASS,False,4.0,4053480.0,-4.0,3377.9
IF2403,20240104,093158700,610267320.0,600,3391.4,100885,3734.4,3055.6,1704331918739972,3390.6,3390.4,3390.2,3390.0,3389.8,3391.2,3391.4,3391.6,3391.8,3392.2,2,2,1,9,1,2,1,2,5,2,34318700,IF,202403,200,AM,False,True,False,2024-01-04 09:31:58.700,2024-01-04 01:31:58.739972+00:00,0,True,5,5,False,False,True,PASS,False,0.0,0.0,0.0,
IF2406,20240104,093158700,331903740.0,327,3384.0,62645,3728.0,3050.4,1704331918739980,3383.8,3383.0,3382.8,3381.2,3380.6,3385.0,3385.2,3385.4,3385.6,3385.8,3,1,4,1,1,1,1,2,2,1,34318700,IF,202406,200,AM,False,True,False,2024-01-04 09:31:58.700,2024-01-04 01:31:58.739980+00:00,0,True,5,5,False,False,True,PASS,False,1.0,1015200.0,0.0,3384.0
IF2401,20240104,093159200,1986990240.0,1961,3377.8,98006,3719.6,3043.6,1704331919240987,3378.0,3377.8,3377.6,3377.4,3377.2,3378.2,3378.4,3378.6,3378.8,3379.2,1,1,1,1,1,2,5,1,1,5,34319200,IF,202401,200,AM,False,True,False,2024-01-04 09:31:59.200,2024-01-04 01:31:59.240987+00:00,0,True,5,5,False,False,True,PASS,False,0.0,0.0,0.0,
IF2402,20240104,093159200,93406020.0,92,3384.2,6496,3727.0,3049.4,1704331919240995,3383.8,3383.6,3383.4,3383.2,3383.0,3384.8,3385.0,3385.2,3385.4,3385.6,1,1,1,6,3,2,1,1,1,1,34319200,IF,202402,200,AM,False,True,False,2024-01-04 09:31:59.200,2024-01-04 01:31:59.240995+00:00,0,True,5,5,False,False,True,PASS,False,0.0,0.0,0.0,
IF2401,20240104,093159700,1991043780.0,1965,3378.0,98004,3719.6,3043.6,1704331919740535,3377.6,3377.4,3377.2,3377.0,3376.8,3378.0,3378.2,3378.4,3378.6,3378.8,1,1,1,5,1,2,2,3,1,1,34319700,IF,202401,200,AM,False,True,False,2024-01-04 09:31:59.700,2024-01-04 01:31:59.740535+00:00,0,True,5,5,False,False,True,PASS,False,4.0,4053540.0,-2.0,3377.95
IF2403,20240104,093159700,611284500.0,601,3390.6,100885,3734.4,3055.6,1704331919740543,3390.6,3390.4,3390.2,3390.0,3389.8,3391.2,3391.4,3391.6,3391.8,3392.2,1,2,1,9,1,2,1,2,5,2,34319700,IF,202403,200,AM,False,True,False,2024-01-04 09:31:59.700,2024-01-04 01:31:59.740543+00:00,0,True,5,5,False,False,True,PASS,False,1.0,1017180.0,0.0,3390.6
IF2406,20240104,093159700,331903740.0,327,3384.0,62645,3728.0,3050.4,1704331919740551,3383.8,3383.0,3382.8,3381.2,3380.6,3384.8,3385.0,3385.2,3385.4,3385.6,3,1,4,1,1,2,1,1,2,2,34319700,IF,202406,200,AM,False,True,False,2024-01-04 09:31:59.700,2024-01-04 01:31:59.740551+00:00,0,True,5,5,False,False,True,PASS,False,0.0,0.0,0.0,
IF2401,20240104,093200200,1996110780.0,1970,3378.0,98001,3719.6,3043.6,1704331920243188,3377.8,3377.6,3377.4,3377.2,3377.0,3378.2,3378.4,3378.6,3378.8,3379.0,2,1,1,1,5,2,3,1,1,1,34320200,IF,202401,200,AM,False,True,False,2024-01-04 09:32:00.200,2024-01-04 01:32:00.243188+00:00,0,True,5,5,False,False,True,PASS,False,5.0,5067000.0,-3.0,3378.0
IF2403,20240104,093200200,611284500.0,601,3390.6,100885,3734.4,3055.6,1704331920243196,3390.6,3390.4,3390.2,3390.0,3389.8,3391.2,3391.4,3391.6,3391.8,3392.2,1,1,1,9,1,3,1,2,5,2,34320200,IF,202403,200,AM,False,True,False,2024-01-04 09:32:00.200,2024-01-04 01:32:00.243196+00:00,0,True,5,5,False,False,True,PASS,False,0.0,0.0,0.0,
IF2401,20240104,093200700,2000164260.0,1974,3377.8,97997,3719.6,3043.6,1704331920739294,3377.6,3377.4,3377.2,3377.0,3376.8,3378.0,3378.2,3378.4,3378.6,3378.8,1,1,1,5,1,1,1,3,1,3,34320700,IF,202401,200,AM,False,True,False,2024-01-04 09:32:00.700,2024-01-04 01:32:00.739294+00:00,0,True,5,5,False,False,True,PASS,False,4.0,4053480.0,-4.0,3377.9
IF2402,20240104,093200700,93406020.0,92,3384.2,6496,3727.0,3049.4,1704331920739302,3383.8,3383.6,3383.4,3383.2,3383.0,3384.8,3385.0,3385.2,3385.4,3385.6,1,1,1,6,3,1,1,1,1,1,34320700,IF,202402,200,AM,False,True,False,2024-01-04 09:32:00.700,2024-01-04 01:32:00.739302+00:00,0,True,5,5,False,False,True,PASS,False,0.0,0.0,0.0,
IF2403,20240104,093200700,611284500.0,601,3390.6,100885,3734.4,3055.6,1704331920739310,3390.8,3390.6,3390.4,3390.2,3390.0,3391.2,3391.4,3391.6,3391.8,3392.2,1,1,1,1,9,2,1,2,5,2,34320700,IF,202403,200,AM,False,True,False,2024-01-04 09:32:00.700,2024-01-04 01:32:00.739310+00:00,0,True,5,5,False,False,True,PASS,False,0.0,0.0,0.0,
IF2406,20240104,093200700,331903740.0,327,3384.0,62645,3728.0,3050.4,1704331920739318,3383.8,3383.0,3382.8,3381.2,3380.6,3385.0,3385.2,3385.4,3385.6,3385.8,3,1,4,1,1,1,1,2,2,1,34320700,IF,202406,200,AM,False,True,False,2024-01-04 09:32:00.700,2024-01-04 01:32:00.739318+00:00,0,True,5,5,False,False,True,PASS,False,0.0,0.0,0.0,
IF2401,20240104,093201200,2002191120.0,1976,3378.2,97995,3719.6,3043.6,1704331921241090,3377.8,3377.6,3377.4,3377.2,3377.0,3378.2,3378.4,3378.6,3378.8,3379.0,2,1,1,1,5,1,3,3,3,2,34321200,IF,202401,200,AM,False,True,False,2024-01-04 09:32:01.200,2024-01-04 01:32:01.241090+00:00,0,True,5,5,False,False,True,PASS,False,2.0,2026860.0,-2.0,3378.1
IF2402,20240104,093201200,93406020.0,92,3384.2,6496,3727.0,3049.4,1704331921241098,3383.8,3383.4,3383.2,3383.0,3382.2,3384.8,3385.0,3385.2,3385.4,3385.6,1,1,6,3,1,1,1,1,1,1,34321200,IF,202402,200,AM,False,True,False,2024-01-04 09:32:01.200,2024-01-04 01:32:01.241098+00:00,0,True,5,5,False,False,True,PASS,False,0.0,0.0,0.0,
IF2403,20240104,093201200,612301860.0,602,3391.2,100885,3734.4,3055.6,1704331921241106,3390.6,3390.4,3390.2,3390.0,3389.8,3391.2,3391.4,3391.6,3391.8,3392.2,1,1,1,9,1,4,1,2,5,2,34321200,IF,202403,200,AM,False,True,False,2024-01-04 09:32:01.200,2024-01-04 01:32:01.241106+00:00,0,True,5,5,False,False,True,PASS,False,1.0,1017360.0,0.0,3391.2
IF2406,20240104,093201200,332918880.0,328,3383.8,62644,3728.0,3050.4,1704331921241114,3383.8,3383.0,3382.8,3381.2,3380.6,3384.8,3385.0,3385.4,3385.6,3385.8,2,1,4,1,1,1,1,1,2,1,34321200,IF,202406,200,AM,False,True,False,2024-01-04 09:32:01.200,2024-01-04 01:32:01.241114+00:00,0,True,5,5,False,False,True,PASS,False,1.0,1015140.0,-1.0,3383.8
IF2401,20240104,093201700,2011312320.0,1985,3378.4,97986,3719.6,3043.6,1704331921740541,3378.0,3377.8,3377.6,3377.4,3377.2,3378.4,3378.6,3378.8,3379.0,3379.2,1,2,2,1,4,1,3,3,2,3,34321700,IF,202401,200,AM,False,True,False,2024-01-04 09:32:01.700,2024-01-04 01:32:01.740541+00:00,0,True,5,5,False,False,True,PASS,False,9.0,9121200.0,-9.0,3378.222222222222
IF2403,20240104,093201700,613319040.0,603,3390.6,100885,3734.4,3055.6,1704331921740549,3390.4,3390.2,3390.0,3389.8,3389.4,3391.2,3391.4,3391.6,3391.8,3392.2,1,1,9,1,1,4,1,2,5,2,34321700,IF,202403,200,AM,False,True,False,2024-01-04 09:32:01.700,2024-01-04 01:32:01.740549+00:00,0,True,5,5,False,False,True,PASS,False,1.0,1017180.0,0.0,3390.6
IF2406,20240104,093201700,332918880.0,328,3383.8,62644,3728.0,3050.4,1704331921740557,3383.8,3383.0,3382.8,3381.2,3380.6,3385.0,3385.4,3385.6,3385.8,3386.0,2,1,4,1,1,1,1,2,1,3,34321700,IF,202406,200,AM,False,True,False,2024-01-04 09:32:01.700,2024-01-04 01:32:01.740557+00:00,0,True,5,5,False,False,True,PASS,False,0.0,0.0,0.0,
IF2401,20240104,093202200,2014352340.0,1988,3377.6,97984,3719.6,3043.6,1704331922244707,3377.6,3377.4,3377.2,3377.0,3376.8,3378.2,3378.4,3378.6,3378.8,3379.0,1,1,4,5,1,1,5,3,3,2,34322200,IF,202401,200,AM,False,True,False,2024-01-04 09:32:02.200,2024-01-04 01:32:02.244707+00:00,0,True,5,5,False,False,True,PASS,False,3.0,3040020.0,-2.0,3377.8
IF2403,20240104,093202200,614336400.0,604,3391.2,100885,3734.4,3055.6,1704331922244715,3390.6,3390.4,3390.2,3390.0,3389.8,3391.4,3391.6,3391.8,3392.2,3392.4,4,6,1,9,1,1,1,5,2,1,34322200,IF,202403,200,AM,False,True,False,2024-01-04 09:32:02.200,2024-01-04 01:32:02.244715+00:00,0,True,5,5,False,False,True,PASS,False,1.0,1017360.0,0.0,3391.2
IF2406,20240104,093202200,333934020.0,329,3383.8,62644,3728.0,3050.4,1704331922244723,3383.8,3383.0,3382.8,3381.2,3380.6,3385.0,3385.4,3385.6,3385.8,3386.0,1,1,4,1,1,1,1,2,1,3,34322200,IF,202406,200,AM,False,True,False,2024-01-04 09:32:02.200,2024-01-04 01:32:02.244723+00:00,0,True,5,5,False,False,True,PASS,False,1.0,1015140.0,0.0,3383.8
IF2401,20240104,093202700,2018405940.0,1992,3377.8,97980,3719.6,3043.6,1704331922741201,3377.6,3377.4,3377.2,3377.0,3376.8,3378.2,3378.4,3378.6,3378.8,3379.0,1,1,4,5,1,3,5,3,3,2,34322700,IF,202401,200,AM,False,True,False,2024-01-04 09:32:02.700,2024-01-04 01:32:02.741201+00:00,0,True,5,5,False,False,True,PASS,False,4.0,4053600.0,-4.0,3378.0
IF2403,20240104,093202700,614336400.0,604,3391.2,100885,3734.4,3055.6,1704331922741209,3390.6,3390.4,3390.2,3390.0,3389.8,3391.0,3391.2,3391.4,3391.6,3391.8,1,2,1,9,1,1,5,4,2,5,34322700,IF,202403,200,AM,False,True,False,2024-01-04 09:32:02.700,2024-01-04 01:32:02.741209+00:00,0,True,5,5,False,False,True,PASS,False,0.0,0.0,0.0,
IF2406,20240104,093202700,333934020.0,329,3383.8,62644,3728.0,3050.4,1704331922741217,3383.8,3383.0,3382.8,3381.2,3380.6,3384.8,3385.0,3385.6,3385.8,3386.0,1,1,4,1,1,4,1,2,1,3,34322700,IF,202406,200,AM,False,True,False,2024-01-04 09:32:02.700,2024-01-04 01:32:02.741217+00:00,0,True,5,5,False,False,True,PASS,False,0.0,0.0,0.0,
IF2401,20240104,093203200,2023472520.0,1997,3377.4,97978,3719.6,3043.6,1704331923242252,3377.2,3377.0,3376.8,3376.6,3376.4,3378.0,3378.2,3378.4,3378.6,3378.8,4,5,1,3,2,5,6,5,3,3,34323200,IF,202401,200,AM,False,True,False,2024-01-04 09:32:03.200,2024-01-04 01:32:03.242252+00:00,0,True,5,5,False,False,True,PASS,False,5.0,5066580.0,-2.0,3377.72
IF2402,20240104,093203200,95436180.0,94,3383.4,6494,3727.0,3049.4,1704331923242261,3383.2,3383.0,3382.2,3380.6,3380.4,3384.4,3384.6,3384.8,3385.0,3385.2,6,3,1,1,1,1,5,1,1,1,34323200,IF,202402,200,AM,False,True,False,2024-01-04 09:32:03.200,2024-01-04 01:32:03.242261+00:00,0,True,5,5,False,False,True,PASS,False,2.0,2030160.0,-2.0,3383.6
IF2403,20240104,093203200,617387820.0,607,3390.4,100883,3734.4,3055.6,1704331923242268,3390.2,3390.0,3389.4,3389.2,3389.0,3391.0,3391.2,3391.4,3391.6,3391.8,1,3,1,1,8,1,5,5,2,5,34323200,IF,202403,200,AM,False,True,False,2024-01-04 09:32:03.200,2024-01-04 01:32:03.242268+00:00,0,True,5,5,False,False,True,PASS,False,3.0,3051420.0,-2.0,3390.4666666666667
IF2406,20240104,093203200,333934020.0,329,3383.8,62644,3728.0,3050.4,1704331923242276,3383.0,3382.8,3381.2,3380.6,3380.4,3384.4,3384.8,3385.0,3385.6,3385.8,1,4,1,1,1,1,7,1,2,1,34323200,IF,202406,200,AM,False,True,False,2024-01-04 09:32:03.200,2024-01-04 01:32:03.242276+00:00,0,True,5,5,False,False,True,PASS,False,0.0,0.0,0.0,
IF2401,20240104,093203700,2033603700.0,2007,3376.8,97970,3719.6,3043.6,1704331923743959,3376.6,3376.4,3376.2,3376.0,3375.6,3377.6,3377.8,3378.0,3378.2,3378.4,1,2,7,12,2,3,5,6,6,5,34323700,IF,202401,200,AM,False,True,False,2024-01-04 09:32:03.700,2024-01-04 01:32:03.743959+00:00,0,True,5,5,False,False,True,PASS,False,10.0,10131180.0,-8.0,3377.06
IF2402,20240104,093203700,97466100.0,96,3383.2,6493,3727.0,3049.4,1704331923743968,3383.0,3382.2,3380.6,3380.4,3380.0,3384.4,3384.6,3384.8,3385.0,3385.2,3,1,1,1,1,2,4,1,1,1,34323700,IF,202402,200,AM,False,True,False,2024-01-04 09:32:03.700,2024-01-04 01:32:03.743968+00:00,0,True,5,5,False,False,True,PASS,False,2.0,2029920.0,-1.0,3383.2
IF2403,20240104,093203700,618404880.0,608,3390.2,100882,3734.4,3055.6,1704331923743976,3390.0,3389.4,3389.2,3389.0,3388.8,3390.8,3391.0,3391.2,3391.4,3391.6,1,1,1,8,1,4,3,5,5,2,34323700,IF,202403,200,AM,False,True,False,2024-01-04 09:32:03.700,2024-01-04 01:32:03.743976+00:00,0,True,5,5,False,False,True,PASS,False,1.0,1017060.0,-1.0,3390.2
IF2406,20240104,093203700,333934020.0,329,3383.8,62644,3728.0,3050.4,1704331923743984,3383.0,3382.8,3381.2,3380.6,3380.4,3384.4,3384.8,3385.0,3385.4,3385.6,1,4,1,1,1,1,7,1,1,2,34323700,IF,202406,200,AM,False,True,False,2024-01-04 09:32:03.700,2024-01-04 01:32:03.743984+00:00,0,True,5,5,False,False,True,PASS,False,0.0,0.0,0.0,
IF2401,20240104,093204200,2035629960.0,2009,3377.4,97969,3719.6,3043.6,1704331924244309,3376.6,3376.4,3376.2,3376.0,3375.6,3377.2,3377.4,3377.6,3377.8,3378.0,1,2,7,12,2,1,13,7,4,4,34324200,IF,202401,200,AM,False,True,False,2024-01-04 09:32:04.200,2024-01-04 01:32:04.244309+00:00,0,True,5,5,False,False,True,PASS,False,2.0,2026260.0,-1.0,3377.1
IF2402,20240104,093204200,100510800.0,99,3383.0,6492,3727.0,3049.4,1704331924244318,3382.2,3380.6,3380.4,3380.0,3379.6,3384.0,3384.2,3384.4,3384.6,3384.8,1,1,1,1,1,1,3,1,4,1,34324200,IF,202402,200,AM,False,True,False,2024-01-04 09:32:04.200,2024-01-04 01:32:04.244318+00:00,0,True,5,5,False,False,True,PASS,False,3.0,3044700.0,-1.0,3383.0
IF2403,20240104,093204200,619421880.0,609,3390.0,100881,3734.4,3055.6,1704331924244326,3389.2,3389.0,3388.8,3388.6,3388.2,3390.0,3390.2,3390.4,3390.6,3390.8,1,8,1,1,1,1,3,1,3,5,34324200,IF,202403,200,AM,False,True,False,2024-01-04 09:32:04.200,2024-01-04 01:32:04.244326+00:00,0,True,5,5,False,False,True,PASS,False,1.0,1017000.0,-1.0,3390.0
IF2406,20240104,093204200,334948920.0,330,3383.0,62644,3728.0,3050.4,1704331924244334,3382.8,3381.6,3381.2,3380.6,3380.4,3384.2,3384.4,3384.6,3384.8,3385.0,4,1,1,1,1,4,1,1,6,1,34324200,IF,202406,200,AM,False,True,False,2024-01-04 09:32:04.200,2024-01-04 01:32:04.244334+00:00,0,True,5,5,False,False,True,PASS,False,1.0,1014900.0,0.0,3383.0
IF2401,20240104,093204700,2036642940.0,2010,3376.6,97969,3719.6,3043.6,1704331924743971,3376.4,3376.2,3376.0,3375.6,3375.4,3376.6,3377.0,3377.2,3377.4,3377.6,2,7,10,2,1,1,4,4,7,13,34324700,IF,202401,200,AM,False,True,False,2024-01-04 09:32:04.700,2024-01-04 01:32:04.743971+00:00,0,True,5,5,False,False,True,PASS,False,1.0,1012980.0,0.0,3376.6
IF2402,20240104,093204700,100510800.0,99,3383.0,6492,3727.0,3049.4,1704331924743979,3382.2,3382.0,3380.6,3380.4,3380.0,3383.6,3383.8,3384.0,3384.2,3384.4,2,1,1,1,1,1,1,1,2,1,34324700,IF,202402,200,AM,False,True,False,2024-01-04 09:32:04.700,2024-01-04 01:32:04.743979+00:00,0,True,5,5,False,False,True,PASS,False,0.0,0.0,0.0,
IF2403,20240104,093204700,621455880.0,611,3390.0,100881,3734.4,3055.6,1704331924743988,3389.4,3389.2,3389.0,3388.8,3388.6,3390.0,3390.4,3390.6,3390.8,3391.0,5,1,8,1,1,1,2,4,4,2,34324700,IF,202403,200,AM,False,True,False,2024-01-04 09:32:04.700,2024-01-04 01:32:04.743988+00:00,0,True,5,5,False,False,True,PASS,False,2.0,2034000.0,0.0,3390.0
IF2406,20240104,093204700,334948920.0,330,3383.0,62644,3728.0,3050.4,1704331924743996,3382.8,3381.6,3381.2,3380.6,3380.4,3384.0,3384.2,3384.4,3384.6,3384.8,4,1,1,1,1,3,3,1,1,6,34324700,IF,202406,200,AM,False,True,False,2024-01-04 09:32:04.700,2024-01-04 01:32:04.743996+00:00,0,True,5,5,False,False,True,PASS,False,0.0,0.0,0.0,
IF2401,20240104,093205200,2044746540.0,2018,3376.2,97966,3719.6,3043.6,1704331925245766,3376.2,3376.0,3375.6,3375.4,3375.2,3377.0,3377.2,3377.4,3377.6,3377.8,5,10,2,1,6,2,6,6,9,4,34325200,IF,202401,200,AM,False,True,False,2024-01-04 09:32:05.200,2024-01-04 01:32:05.245766+00:00,0,True,5,5,False,False,True,PASS,False,8.0,8103600.0,-3.0,3376.5
IF2402,20240104,093205200,100510800.0,99,3383.0,6492,3727.0,3049.4,1704331925245774,3382.2,3382.0,3380.6,3380.4,3380.0,3383.6,3383.8,3384.0,3384.2,3384.4,1,1,1,1,1,1,1,1,1,1,34325200,IF,202402,200,AM,False,True,False,2024-01-04 09:32:05.200,2024-01-04 01:32:05.245774+00:00,0,True,5,5,False,False,True,PASS,False,0.0,0.0,0.0,
IF2403,20240104,093205200,622472880.0,612,3390.0,100882,3734.4,3055.6,1704331925245782,3389.4,3389.2,3389.0,3388.8,3388.6,3389.8,3390.0,3390.4,3390.6,3390.8,3,1,8,1,1,3,2,2,4,4,34325200,IF,202403,200,AM,False,True,False,2024-01-04 09:32:05.200,2024-01-04 01:32:05.245782+00:00,0,True,5,5,False,False,True,PASS,False,1.0,1017000.0,1.0,3390.0
IF2406,20240104,093205200,337993440.0,333,3382.8,62646,3728.0,3050.4,1704331925245790,3382.8,3381.6,3381.2,3380.6,3380.4,3383.8,3384.0,3384.2,3384.4,3384.6,1,1,1,1,1,2,2,2,1,1,34325200,IF,202406,200,AM,False,True,False,2024-01-04 09:32:05.200,2024-01-04 01:32:05.245790+00:00,0,True,5,5,False,False,True,PASS,False,3.0,3044520.0,2.0,3382.8
IF2401,20240104,093205700,2047785780.0,2021,3377.0,97968,3719.6,3043.6,1704331925743644,3376.4,3376.2,3376.0,3375.6,3375.4,3376.6,3377.0,3377.2,3377.4,3377.6,1,6,8,2,1,1,6,5,6,9,34325700,IF,202401,200,AM,False,True,False,2024-01-04 09:32:05.700,2024-01-04 01:32:05.743644+00:00,0,True,5,5,False,False,True,PASS,False,3.0,3039240.0,2.0,3376.9333333333334
IF2403,20240104,093205700,623489700.0,613,3389.4,100881,3734.4,3055.6,1704331925743652,3389.4,3389.2,3389.0,3388.8,3388.6,3390.0,3390.4,3390.6,3390.8,3391.0,2,1,8,1,1,2,2,4,3,2,34325700,IF,202403,200,AM,False,True,False,2024-01-04 09:32:05.700,2024-01-04 01:32:05.743652+00:00,0,True,5,5,False,False,True,PASS,False,1.0,1016820.0,-1.0,3389.4
IF2406,20240104,093205700,337993440.0,333,3382.8,62646,3728.0,3050.4,1704331925743660,3382.8,3381.6,3381.2,3380.6,3380.4,3383.0,3383.4,3383.8,3384.0,3384.2,1,1,1,1,1,1,2,2,2,2,34325700,IF,202406,200,AM,False,True,False,2024-01-04 09:32:05.700,2024-01-04 01:32:05.743660+00:00,0,True,5,5,False,False,True,PASS,False,0.0,0.0,0.0,
IF2401,20240104,093206200,2055889740.0,2029,3377.0,97962,3719.6,3043.6,1704331926246408,3376.4,3376.2,3376.0,3375.6,3375.4,3377.2,3377.4,3377.6,3377.8,3378.0,3,6,9,3,1,2,5,7,3,3,34326200,IF,202401,200,AM,False,True,False,2024-01-04 09:32:06.200,2024-01-04 01:32:06.246408+00:00,0,True,5,5,False,False,True,PASS,False,8.0,8103960.0,-6.0,3376.65
IF2402,20240104,093206200,100510800.0,99,3383.0,6492,3727.0,3049.4,1704331926246417,3382.4,3382.2,3382.0,3380.6,3380.4,3383.6,3383.8,3384.0,3384.2,3384.4,2,1,1,1,1,1,1,1,1,1,34326200,IF,202402,200,AM,False,True,False,2024-01-04 09:32:06.200,2024-01-04 01:32:06.246417+00:00,0,True,5,5,False,False,True,PASS,False,0.0,0.0,0.0,
IF2403,20240104,093206200,625523580.0,615,3389.6,100880,3734.4,3055.6,1704331926246424,3389.4,3389.2,3389.0,3388.8,3388.6,3390.2,3390.4,3390.6,3390.8,3391.0,2,1,8,1,1,1,2,4,3,2,34326200,IF,202403,200,AM,False,True,False,2024-01-04 09:32:06.200,2024-01-04 01:32:06.246424+00:00,0,True,5,5,False,False,True,PASS,False,2.0,2033880.0,-1.0,3389.8
IF2406,20240104,093206200,339008340.0,334,3383.0,62645,3728.0,3050.4,1704331926246432,3383.0,3382.8,3381.6,3381.2,3380.6,3383.8,3384.0,3384.2,3384.4,3384.6,1,1,1,1,1,2,2,1,1,1,34326200,IF,202406,200,AM,False,True,False,2024-01-04 09:32:06.200,2024-01-04 01:32:06.246432+00:00,0,True,5,5,False,False,True,PASS,False,1.0,1014900.0,-1.0,3383.0
IF2401,20240104,093206700,2070072060.0,2043,3376.6,97952,3719.6,3043.6,1704331926746454,3376.6,3376.4,3376.2,3376.0,3375.6,3377.2,3377.4,3377.6,3377.8,3378.0,11,6,5,9,3,2,2,7,3,4,34326700,IF,202401,200,AM,False,True,False,2024-01-04 09:32:06.700,2024-01-04 01:32:06.746454+00:00,0,True,5,5,False,False,True,PASS,False,14.0,14182320.0,-10.0,3376.7428571428572
IF2402,20240104,093206700,101525880.0,100,3383.6,6492,3727.0,3049.4,1704331926746462,3382.4,3382.2,3382.0,3380.6,3380.4,3383.8,3384.0,3384.2,3384.4,3384.6,2,1,1,1,1,1,1,1,1,2,34326700,IF,202402,200,AM,False,True,False,2024-01-04 09:32:06.700,2024-01-04 01:32:06.746462+00:00,0,True,5,5,False,False,True,PASS,False,1.0,1015080.0,0.0,3383.6
IF2403,20240104,093206700,626540640.0,616,3390.2,100879,3734.4,3055.6,1704331926746470,3390.0,3389.6,3389.4,3389.2,3389.0,3390.4,3390.6,3390.8,3391.0,3391.2,1,5,5,1,8,2,3,1,2,4,34326700,IF,202403,200,AM,False,True,False,2024-01-04 09:32:06.700,2024-01-04 01:32:06.746470+00:00,0,True,5,5,False,False,True,PASS,False,1.0,1017060.0,-1.0,3390.2
IF2406,20240104,093206700,339008340.0,334,3383.0,62645,3728.0,3050.4,1704331926746478,3383.0,3382.8,3381.6,3381.2,3380.6,3383.8,3384.2,3384.4,3384.6,3384.8,4,1,1,1,1,1,1,1,1,6,34326700,IF,202406,200,AM,False,True,False,2024-01-04 09:32:06.700,2024-01-04 01:32:06.746478+00:00,0,True,5,5,False,False,True,PASS,False,0.0,0.0,0.0,
IF2401,20240104,093207200,2075137860.0,2048,3376.8,97950,3719.6,3043.6,1704331927246224,3377.2,3376.8,3376.6,3376.4,3376.2,3377.6,3377.8,3378.0,3378.2,3378.4,1,3,11,8,6,2,3,4,3,5,34327200,IF,202401,200,AM,False,True,False,2024-01-04 09:32:07.200,2024-01-04 01:32:07.246224+00:00,0,True,5,5,False,False,True,PASS,False,5.0,5065800.0,-2.0,3377.2
IF2402,20240104,093207200,101525880.0,100,3383.6,6492,3727.0,3049.4,1704331927246232,3382.6,3382.4,3382.2,3382.0,3380.6,3384.0,3384.4,3384.6,3384.8,3385.4,2,3,1,1,1,1,1,2,1,1,34327200,IF,202402,200,AM,False,True,False,2024-01-04 09:32:07.200,2024-01-04 01:32:07.246232+00:00,0,True,5,5,False,False,True,PASS,False,0.0,0.0,0.0,
IF2403,20240104,093207200,626540640.0,616,3390.2,100879,3734.4,3055.6,1704331927246240,3389.6,3389.4,3389.2,3389.0,3388.8,3390.6,3391.0,3391.2,3391.4,3391.6,7,7,1,8,1,2,2,4,2,1,34327200,IF,202403,200,AM,False,True,False,2024-01-04 09:32:07.200,2024-01-04 01:32:07.246240+00:00,0,True,5,5,False,False,True,PASS,False,0.0,0.0,0.0,
IF2406,20240104,093207200,339008340.0,334,3383.0,62645,3728.0,3050.4,1704331927246248,3383.0,3382.8,3381.6,3381.2,3380.6,3384.4,3384.6,3384.8,3385.0,3385.4,1,1,1,1,1,1,1,6,1,1,34327200,IF,202406,200,AM,False,True,False,2024-01-04 09:32:07.200,2024-01-04 01:32:07.246248+00:00,0,True,5,5,False,False,True,PASS,False,0.0,0.0,0.0,
IF2401,20240104,093207700,2077164420.0,2050,3377.6,97948,3719.6,3043.6,1704331927744161,3377.2,3376.8,3376.6,3376.4,3376.2,3377.8,3378.0,3378.2,3378.4,3378.6,1,3,10,8,6,2,2,3,5,2,34327700,IF,202401,200,AM,False,True,False,2024-01-04 09:32:07.700,2024-01-04 01:32:07.744161+00:00,0,True,5,5,False,False,True,PASS,False,2.0,2026560.0,-2.0,3377.6
IF2402,20240104,093207700,101525880.0,100,3383.6,6492,3727.0,3049.4,1704331927744169,3382.8,3382.6,3382.4,3382.2,3382.0,3384.6,3384.8,3385.4,3385.8,3386.4,2,2,3,1,1,2,1,1,2,2,34327700,IF,202402,200,AM,False,True,False,2024-01-04 09:32:07.700,2024-01-04 01:32:07.744169+00:00,0,True,5,5,False,False,True,PASS,False,0.0,0.0,0.0,
IF2403,20240104,093207700,627557820.0,617,3390.6,100878,3734.4,3055.6,1704331927744177,3389.8,3389.6,3389.4,3389.2,3389.0,3391.2,3391.4,3391.6,3391.8,3392.6,5,8,4,1,8,4,3,1,3,3,34327700,IF,202403,200,AM,False,True,False,2024-01-04 09:32:07.700,2024-01-04 01:32:07.744177+00:00,0,True,5,5,False,False,True,PASS,False,1.0,1017180.0,-1.0,3390.6
IF2406,20240104,093207700,339008340.0,334,3383.0,62645,3728.0,3050.4,1704331927744186,3383.0,3382.8,3382.0,3381.6,3381.2,3384.4,3384.6,3384.8,3385.0,3385.4,1,1,1,1,1,1,1,4,1,1,34327700,IF,202406,200,AM,False,True,False,2024-01-04 09:32:07.700,2024-01-04 01:32:07.744186+00:00,0,True,5,5,False,False,True,PASS,False,0.0,0.0,0.0,
IF2401,20240104,093208200,2078177760.0,2051,3377.8,97947,3719.6,3043.6,1704331928245622,3377.4,3377.2,3376.8,3376.6,3376.4,3378.0,3378.2,3378.4,3378.6,3378.8,3,5,1,10,4,2,3,5,2,2,34328200,IF,202401,200,AM,False,True,False,2024-01-04 09:32:08.200,2024-01-04 01:32:08.245622+00:00,0,True,5,5,False,False,True,PASS,False,1.0,1013340.0,-1.0,3377.8
IF2402,20240104,093208200,101525880.0,100,3383.6,6492,3727.0,3049.4,1704331928245630,3382.8,3382.6,3382.4,3382.2,3382.0,3384.4,3384.6,3384.8,3385.4,3385.8,2,2,3,1,1,1,2,1,1,2,34328200,IF,202402,200,AM,False,True,False,2024-01-04 09:32:08.200,2024-01-04 01:32:08.245630+00:00,0,True,5,5,False,False,True,PASS,False,0.0,0.0,0.0,
IF2403,20240104,093208200,627557820.0,617,3390.6,100878,3734.4,3055.6,1704331928245638,3389.8,3389.6,3389.4,3389.2,3389.0,3391.2,3391.4,3391.6,3391.8,3392.6,7,6,5,1,8,5,3,1,3,3,34328200,IF,202403,200,AM,False,True,False,2024-01-04 09:32:08.200,2024-01-04 01:32:08.245638+00:00,0,True,5,5,False,False,True,PASS,False,0.0,0.0,0.0,
IF2406,20240104,093208200,339008340.0,334,3383.0,62645,3728.0,3050.4,1704331928245647,3383.4,3383.2,3383.0,3382.8,3382.0,3384.4,3384.8,3385.0,3385.4,3385.8,2,2,1,1,1,1,4,1,1,1,34328200,IF,202406,200,AM,False,True,False,2024-01-04 09:32:08.200,2024-01-04 01:32:08.245647+00:00,0,True,5,5,False,False,True,PASS,False,0.0,0.0,0.0,
IF2401,20240104,093208700,2079191040.0,2052,3377.6,97947,3719.6,3043.6,1704331928743872,3377.4,3377.2,3376.8,3376.6,3376.4,3377.8,3378.0,3378.2,3378.4,3378.6,3,5,1,6,4,2,2,3,6,2,34328700,IF,202401,200,AM,False,True,False,2024-01-04 09:32:08.700,2024-01-04 01:32:08.743872+00:00,0,True,5,5,False,False,True,PASS,False,1.0,1013280.0,0.0,3377.6
IF2402,20240104,093208700,101525880.0,100,3383.6,6492,3727.0,3049.4,1704331928743881,3383.0,3382.8,3382.6,3382.4,3382.2,3384.4,3384.8,3385.4,3385.8,3386.4,1,3,1,3,1,1,1,1,2,2,34328700,IF,202402,200,AM,False,True,False,2024-01-04 09:32:08.700,2024-01-04 01:32:08.743881+00:00,0,True,5,5,False,False,True,PASS,False,0.0,0.0,0.0,
IF2403,20240104,093208700,628574820.0,618,3390.0,100877,3734.4,3055.6,1704331928743888,3390.0,3389.8,3389.6,3389.4,3389.2,3391.2,3391.4,3391.6,3391.8,3392.6,6,7,3,5,1,6,3,1,2,3,34328700,IF,202403,200,AM,False,True,False,2024-01-04 09:32:08.700,2024-01-04 01:32:08.743888+00:00,0,True,5,5,False,False,True,PASS,False,1.0,1017000.0,-1.0,3390.0
IF2406,20240104,093208700,339008340.0,334,3383.0,62645,3728.0,3050.4,1704331928743896,3383.4,3383.2,3383.0,3382.8,3382.4,3384.4,3384.8,3385.0,3385.4,3385.8,2,2,1,1,1,1,4,1,1,1,34328700,IF,202406,200,AM,False,True,False,2024-01-04 09:32:08.700,2024-01-04 01:32:08.743896+00:00,0,True,5,5,False,False,True,PASS,False,0.0,0.0,0.0,
IF2401,20240104,093209200,2086283760.0,2059,3377.6,97943,3719.6,3043.6,1704331929247804,3377.2,3376.8,3376.6,3376.4,3376.2,3377.8,3378.0,3378.2,3378.4,3378.6,4,1,6,4,5,1,2,3,7,2,34329200,IF,202401,200,AM,False,True,False,2024-01-04 09:32:09.200,2024-01-04 01:32:09.247804+00:00,0,True,5,5,False,False,True,PASS,False,7.0,7092720.0,-4.0,3377.4857142857145
IF2402,20240104,093209200,101525880.0,100,3383.6,6492,3727.0,3049.4,1704331929247812,3383.0,3382.8,3382.6,3382.4,3382.2,3384.4,3384.8,3385.4,3385.8,3386.4,1,1,1,3,1,1,1,1,2,2,34329200,IF,202402,200,AM,False,True,False,2024-01-04 09:32:09.200,2024-01-04 01:32:09.247812+00:00,0,True,5,5,False,False,True,PASS,False,0.0,0.0,0.0,
IF2403,20240104,093209200,628574820.0,618,3390.0,100877,3734.4,3055.6,1704331929247820,3390.0,3389.8,3389.6,3389.4,3389.2,3391.0,3391.2,3391.4,3391.6,3391.8,7,5,3,5,1,2,6,3,1,1,34329200,IF,202403,200,AM,False,True,False,2024-01-04 09:32:09.200,2024-01-04 01:32:09.247820+00:00,0,True,5,5,False,False,True,PASS,False,0.0,0.0,0.0,
IF2406,20240104,093209200,340023360.0,335,3383.4,62644,3728.0,3050.4,1704331929247828,3383.2,3383.0,3382.8,3382.4,3382.0,3384.4,3384.8,3385.0,3385.4,3385.8,1,1,1,1,1,1,4,1,1,1,34329200,IF,202406,200,AM,False,True,False,2024-01-04 09:32:09.200,2024-01-04 01:32:09.247828+00:00,0,True,5,5,False,False,True,PASS,False,1.0,1015020.0,-1.0,3383.4
IF2401,20240104,093209700,2089323660.0,2062,3378.0,97943,3719.6,3043.6,1704331929746648,3377.2,3376.8,3376.6,3376.4,3376.2,3378.0,3378.2,3378.4,3378.6,3378.8,4,1,6,4,5,1,3,7,2,2,34329700,IF,202401,200,AM,False,True,False,2024-01-04 09:32:09.700,2024-01-04 01:32:09.746648+00:00,0,True,5,5,False,False,True,PASS,False,3.0,3039900.0,0.0,3377.6666666666665
IF2403,20240104,093209700,628574820.0,618,3390.0,100877,3734.4,3055.6,1704331929746656,3390.6,3390.0,3389.8,3389.6,3389.4,3391.0,3391.2,3391.4,3391.6,3391.8,1,6,5,3,5,2,6,3,1,1,34329700,IF,202403,200,AM,False,True,False,2024-01-04 09:32:09.700,2024-01-04 01:32:09.746656+00:00,0,True,5,5,False,False,True,PASS,False,0.0,0.0,0.0,
IF2401,20240104,093210200,2090336880.0,2063,3377.4,97942,3719.6,3043.6,1704331930245498,3377.4,3377.2,3376.8,3376.6,3376.4,3377.8,3378.0,3378.4,3378.6,3378.8,4,4,1,5,4,1,1,7,2,2,34330200,IF,202401,200,AM,False,True,False,2024-01-04 09:32:10.200,2024-01-04 01:32:10.245498+00:00,0,True,5,5,False,False,True,PASS,False,1.0,1013220.0,-1.0,3377.4
IF2403,20240104,093210200,630608820.0,620,3390.0,100877,3734.4,3055.6,1704331930245506,3390.0,3389.8,3389.6,3389.4,3389.2,3391.0,3391.2,3391.4,3391.6,3391.8,11,5,3,5,1,1,6,3,1,1,34330200,IF,202403,200,AM,False,True,False,2024-01-04 09:32:10.200,2024-01-04 01:32:10.245506+00:00,0,True,5,5,False,False,True,PASS,False,2.0,2034000.0,0.0,3390.0
IF2406,20240104,093210200,340023360.0,335,3383.4,62644,3728.0,3050.4,1704331930245514,3383.4,3383.2,3383.0,3382.8,3382.4,3384.4,3384.8,3385.0,3385.4,3385.8,2,1,1,1,1,1,4,1,1,1,34330200,IF,202406,200,AM,False,True,False,2024-01-04 09:32:10.200,2024-01-04 01:32:10.245514+00:00,0,True,5,5,False,False,True,PASS,False,0.0,0.0,0.0,
IF2401,20240104,093210700,2094390180.0,2067,3377.6,97939,3719.6,3043.6,1704331930746536,3377.6,3377.4,3377.2,3376.8,3376.6,3378.0,3378.4,3378.6,3378.8,3379.0,1,4,4,1,5,2,7,2,2,4,34330700,IF,202401,200,AM,False,True,False,2024-01-04 09:32:10.700,2024-01-04 01:32:10.746536+00:00,0,True,5,5,False,False,True,PASS,False,4.0,4053300.0,-3.0,3377.75
IF2402,20240104,093210700,102540840.0,101,3383.2,6492,3727.0,3049.4,1704331930746544,3382.8,3382.6,3382.4,3382.2,3382.0,3384.8,3385.4,3385.8,3386.4,3387.0,1,1,3,1,1,1,1,2,2,2,34330700,IF,202402,200,AM,False,True,False,2024-01-04 09:32:10.700,2024-01-04 01:32:10.746544+00:00,0,True,5,5,False,False,True,PASS,False,1.0,1014960.0,0.0,3383.2
IF2403,20240104,093210700,630608820.0,620,3390.0,100877,3734.4,3055.6,1704331930746552,3390.2,3390.0,3389.8,3389.6,3389.4,3391.4,3391.6,3391.8,3392.6,3392.8,6,12,2,3,5,1,1,1,3,4,34330700,IF,202403,200,AM,False,True,False,2024-01-04 09:32:10.700,2024-01-04 01:32:10.746552+00:00,0,True,5,5,False,False,True,PASS,False,0.0,0.0,0.0,
IF2406,20240104,093210700,340023360.0,335,3383.4,62644,3728.0,3050.4,1704331930746560,3383.6,3383.4,3383.2,3383.0,3382.8,3384.8,3385.0,3385.4,3385.8,3386.2,1,2,1,1,1,4,1,1,1,1,34330700,IF,202406,200,AM,False,True,False,2024-01-04 09:32:10.700,2024-01-04 01:32:10.746560+00:00,0,True,5,5,False,False,True,PASS,False,0.0,0.0,0.0,
IF2401,20240104,093211200,2095403580.0,2068,3378.0,97939,3719.6,3043.6,1704331931244999,3377.6,3377.4,3377.2,3376.8,3376.6,3378.2,3378.4,3378.6,3378.8,3379.0,5,4,1,1,5,1,7,2,2,4,34331200,IF,202401,200,AM,False,True,False,2024-01-04 09:32:11.200,2024-01-04 01:32:11.244999+00:00,0,True,5,5,False,False,True,PASS,False,1.0,1013400.0,0.0,3378.0
IF2402,20240104,093211200,102540840.0,101,3383.2,6492,3727.0,3049.4,1704331931245008,3383.4,3383.0,3382.6,3382.4,3382.2,3384.8,3385.4,3385.8,3386.4,3387.0,1,1,1,3,1,1,1,2,2,2,34331200,IF,202402,200,AM,False,True,False,2024-01-04 09:32:11.200,2024-01-04 01:32:11.245008+00:00,0,True,5,5,False,False,True,PASS,False,0.0,0.0,0.0,
IF2403,20240104,093211200,631626240.0,621,3391.4,100876,3734.4,3055.6,1704331931245015,3390.4,3390.2,3390.0,3389.8,3389.6,3391.6,3391.8,3392.6,3392.8,3393.0,4,7,9,2,3,1,1,3,4,2,34331200,IF,202403,200,AM,False,True,False,2024-01-04 09:32:11.200,2024-01-04 01:32:11.245015+00:00,0,True,5,5,False,False,True,PASS,False,1.0,1017420.0,-1.0,3391.4
IF2406,20240104,093211200,342054240.0,337,3384.8,62644,3728.0,3050.4,1704331931245023,3384.2,3384.0,3383.6,3383.4,3383.2,3385.4,3385.8,3386.2,3386.4,3387.0,1,1,1,2,1,1,1,1,3,2,34331200,IF,202406,200,AM,False,True,False,2024-01-04 09:32:11.200,2024-01-04 01:32:11.245023+00:00,0,True,5,5,False,False,True,PASS,False,2.0,2030880.0,0.0,3384.8
IF2401,20240104,093211700,2099457300.0,2072,3378.2,97937,3719.6,3043.6,1704331931747381,3377.8,3377.6,3377.2,3376.8,3376.6,3378.2,3378.4,3378.6,3378.8,3379.0,5,6,1,1,5,1,3,2,2,4,34331700,IF,202401,200,AM,False,True,False,2024-01-04 09:32:11.700,2024-01-04 01:32:11.747381+00:00,0,True,5,5,False,False,True,PASS,False,4.0,4053720.0,-2.0,3378.1
IF2402,20240104,093211700,103556280.0,102,3384.8,6491,3727.0,3049.4,1704331931747390,3383.6,3383.4,3383.0,3382.6,3382.4,3385.4,3385.8,3386.4,3387.0,3387.8,4,1,1,1,3,1,2,2,2,1,34331700,IF,202402,200,AM,False,True,False,2024-01-04 09:32:11.700,2024-01-04 01:32:11.747390+00:00,0,True,5,5,False,False,True,PASS,False,1.0,1015440.0,-1.0,3384.8
IF2403,20240104,093211700,632643720.0,622,3391.6,100875,3734.4,3055.6,1704331931747397,3391.0,3390.6,3390.4,3390.2,3390.0,3391.8,3392.6,3392.8,3393.0,3393.8,1,5,7,3,9,1,1,4,2,1,34331700,IF,202403,200,AM,False,True,False,2024-01-04 09:32:11.700,2024-01-04 01:32:11.747397+00:00,0,True,5,5,False,False,True,PASS,False,1.0,1017480.0,-1.0,3391.6
IF2406,20240104,093211700,342054240.0,337,3384.8,62644,3728.0,3050.4,1704331931747405,3384.2,3384.0,3383.6,3383.4,3383.2,3385.0,3385.4,3385.8,3386.2,3386.4,1,1,1,2,1,1,1,1,1,3,34331700,IF,202406,200,AM,False,True,False,2024-01-04 09:32:11.700,2024-01-04 01:32:11.747405+00:00,0,True,5,5,False,False,True,PASS,False,0.0,0.0,0.0,
IF2401,20240104,093212200,2103511320.0,2076,3378.2,97935,3719.6,3043.6,1704331932245518,3378.0,3377.8,3377.6,3377.4,3377.2,3378.6,3379.0,3379.2,3379.4,3379.6,1,5,7,1,2,2,4,1,2,4,34332200,IF,202401,200,AM,False,True,False,2024-01-04 09:32:12.200,2024-01-04 01:32:12.245518+00:00,0,True,5,5,False,False,True,PASS,False,4.0,4054020.0,-2.0,3378.35
IF2402,20240104,093212200,103556280.0,102,3384.8,6491,3727.0,3049.4,1704331932245527,3383.8,3383.6,3383.4,3382.6,3382.4,3385.4,3385.8,3386.4,3387.0,3387.8,1,4,1,1,3,1,2,2,2,1,34332200,IF,202402,200,AM,False,True,False,2024-01-04 09:32:12.200,2024-01-04 01:32:12.245527+00:00,0,True,5,5,False,False,True,PASS,False,0.0,0.0,0.0,
IF2403,20240104,093212200,633661260.0,623,3391.8,100875,3734.4,3055.6,1704331932245534,3391.2,3391.0,3390.6,3390.4,3390.2,3392.6,3392.8,3393.0,3393.8,3394.2,1,4,7,2,3,1,4,2,1,1,34332200,IF,202403,200,AM,False,True,False,2024-01-04 09:32:12.200,2024-01-04 01:32:12.245534+00:00,0,True,5,5,False,False,True,PASS,False,1.0,1017540.0,0.0,3391.8
IF2406,20240104,093212200,342054240.0,337,3384.8,62644,3728.0,3050.4,1704331932245542,3384.2,3384.0,3383.6,3383.4,3383.2,3385.8,3386.2,3386.4,3387.0,3387.2,1,1,2,2,1,1,1,3,2,1,34332200,IF,202406,200,AM,False,True,False,2024-01-04 09:32:12.200,2024-01-04 01:32:12.245542+00:00,0,True,5,5,False,False,True,PASS,False,0.0,0.0,0.0,
IF2401,20240104,093212700,2114659740.0,2087,3378.2,97926,3719.6,3043.6,1704331932750106,3378.2,3378.0,3377.8,3377.6,3377.4,3379.0,3379.2,3379.4,3379.6,3379.8,4,1,3,7,1,4,1,2,4,3,34332700,IF,202401,200,AM,False,True,False,2024-01-04 09:32:12.700,2024-01-04 01:32:12.750106+00:00,0,True,5,5,False,False,True,PASS,False,11.0,11148420.0,-9.0,3378.309090909091
IF2402,20240104,093212700,103556280.0,102,3384.8,6491,3727.0,3049.4,1704331932750114,3384.2,3384.0,3383.6,3383.4,3382.4,3385.4,3385.8,3386.4,3387.0,3387.8,1,1,4,1,3,1,2,2,2,1,34332700,IF,202402,200,AM,False,True,False,2024-01-04 09:32:12.700,2024-01-04 01:32:12.750114+00:00,0,True,5,5,False,False,True,PASS,False,0.0,0.0,0.0,
IF2403,20240104,093212700,633661260.0,623,3391.8,100875,3734.4,3055.6,1704331932750122,3391.4,3391.2,3391.0,3390.6,3390.4,3392.4,3392.6,3392.8,3393.0,3393.8,2,2,5,7,2,3,1,4,2,1,34332700,IF,202403,200,AM,False,True,False,2024-01-04 09:32:12.700,2024-01-04 01:32:12.750122+00:00,0,True,5,5,False,False,True,PASS,False,0.0,0.0,0.0,
IF2406,20240104,093212700,342054240.0,337,3384.8,62644,3728.0,3050.4,1704331932750129,3385.0,3384.6,3384.4,3384.2,3384.0,3385.6,3385.8,3386.2,3386.4,3387.0,2,2,2,1,1,3,1,1,3,2,34332700,IF,202406,200,AM,False,True,False,2024-01-04 09:32:12.700,2024-01-04 01:32:12.750129+00:00,0,True,5,5,False,False,True,PASS,False,0.0,0.0,0.0,
IF2401,20240104,093213200,2116686720.0,2089,3378.4,97925,3719.6,3043.6,1704331933246402,3378.6,3378.4,3378.2,3378.0,3377.8,3378.8,3379.0,3379.2,3379.6,3379.8,1,5,3,1,3,1,5,1,4,5,34333200,IF,202401,200,AM,False,True,False,2024-01-04 09:32:13.200,2024-01-04 01:32:13.246402+00:00,0,True,5,5,False,False,True,PASS,False,2.0,2026980.0,-1.0,3378.3
IF2402,20240104,093213200,103556280.0,102,3384.8,6491,3727.0,3049.4,1704331933246411,3384.2,3384.0,3383.6,3383.4,3382.4,3385.6,3385.8,3386.4,3387.0,3387.8,1,1,4,1,3,1,2,2,2,1,34333200,IF,202402,200,AM,False,True,False,2024-01-04 09:32:13.200,2024-01-04 01:32:13.246411+00:00,0,True,5,5,False,False,True,PASS,False,0.0,0.0,0.0,
IF2403,20240104,093213200,633661260.0,623,3391.8,100875,3734.4,3055.6,1704331933246419,3391.6,3391.4,3391.2,3391.0,3390.6,3392.4,3392.6,3392.8,3393.0,3393.8,4,1,1,5,4,2,1,3,2,1,34333200,IF,202403,200,AM,False,True,False,2024-01-04 09:32:13.200,2024-01-04 01:32:13.246419+00:00,0,True,5,5,False,False,True,PASS,False,0.0,0.0,0.0,
IF2406,20240104,093213200,342054240.0,337,3384.8,62644,3728.0,3050.4,1704331933246427,3384.6,3384.4,3384.2,3384.0,3383.6,3385.6,3385.8,3386.4,3387.0,3387.2,2,2,1,1,2,3,1,3,2,1,34333200,IF,202406,200,AM,False,True,False,2024-01-04 09:32:13.200,2024-01-04 01:32:13.246427+00:00,0,True,5,5,False,False,True,PASS,False,0.0,0.0,0.0,
IF2401,20240104,093213700,2122768080.0,2095,3378.4,97921,3719.6,3043.6,1704331933747581,3378.4,3378.2,3378.0,3377.8,3377.6,3379.0,3379.2,3379.6,3379.8,3380.2,1,3,1,3,3,5,1,4,5,1,34333700,IF,202401,200,AM,False,True,False,2024-01-04 09:32:13.700,2024-01-04 01:32:13.747581+00:00,0,True,5,5,False,False,True,PASS,False,6.0,6081360.0,-4.0,3378.5333333333333
IF2403,20240104,093213700,633661260.0,623,3391.8,100875,3734.4,3055.6,1704331933747589,3391.8,3391.6,3391.4,3391.2,3391.0,3392.2,3392.4,3392.6,3392.8,3393.0,2,4,1,1,2,1,3,1,3,2,34333700,IF,202403,200,AM,False,True,False,2024-01-04 09:32:13.700,2024-01-04 01:32:13.747589+00:00,0,True,5,5,False,False,True,PASS,False,0.0,0.0,0.0,
